[15May2026 02:29:49.341] [main/INFO] [cpw.mods.modlauncher.Launcher/MODLAUNCHER]: ModLauncher running: args [--launchTarget, forgeserver, --fml.forgeVersion, 47.3.7, --fml.mcVersion, 1.20.1, --fml.forgeGroup, net.minecraftforge, --fml.mcpVersion, 20230612.114412, nogui]
[15May2026 02:29:49.345] [main/INFO] [cpw.mods.modlauncher.Launcher/MODLAUNCHER]: ModLauncher 10.0.9+10.0.9+main.dcd20f30 starting: java version 17.0.18 by Ubuntu; OS Linux arch amd64 version 6.8.0-1044-azure
[15May2026 02:29:49.371] [main/DEBUG] [cpw.mods.modlauncher.LaunchServiceHandler/MODLAUNCHER]: Found launch services [fmlclientdev,forgeclient,minecraft,forgegametestserverdev,fmlserveruserdev,fmlclient,fmldatauserdev,forgeserverdev,forgeserveruserdev,forgeclientdev,forgeclientuserdev,forgeserver,forgedatadev,fmlserver,fmlclientuserdev,fmlserverdev,forgedatauserdev,testharness,forgegametestserveruserdev]
[15May2026 02:29:49.384] [main/DEBUG] [cpw.mods.modlauncher.NameMappingServiceHandler/MODLAUNCHER]: Found naming services : [srgtomcp]
[15May2026 02:29:49.399] [main/DEBUG] [cpw.mods.modlauncher.LaunchPluginHandler/MODLAUNCHER]: Found launch plugins: [mixin,eventbus,slf4jfixer,object_holder_definalize,runtime_enum_extender,capability_token_subclass,accesstransformer,runtimedistcleaner]
[15May2026 02:29:49.407] [main/DEBUG] [cpw.mods.modlauncher.TransformationServicesHandler/MODLAUNCHER]: Discovering transformation services
[15May2026 02:29:49.412] [main/DEBUG] [net.minecraftforge.fml.loading.FMLPaths/CORE]: Path GAMEDIR is /workspaces/LaIslaPepa/servidor_minecraft
[15May2026 02:29:49.412] [main/DEBUG] [net.minecraftforge.fml.loading.FMLPaths/CORE]: Path MODSDIR is /workspaces/LaIslaPepa/servidor_minecraft/mods
[15May2026 02:29:49.412] [main/DEBUG] [net.minecraftforge.fml.loading.FMLPaths/CORE]: Path CONFIGDIR is /workspaces/LaIslaPepa/servidor_minecraft/config
[15May2026 02:29:49.413] [main/DEBUG] [net.minecraftforge.fml.loading.FMLPaths/CORE]: Path FMLCONFIG is /workspaces/LaIslaPepa/servidor_minecraft/config/fml.toml
[15May2026 02:29:50.115] [main/DEBUG] [cpw.mods.modlauncher.TransformationServicesHandler/MODLAUNCHER]: Found additional transformation services from discovery services: 
[15May2026 02:29:50.122] [main/INFO] [net.minecraftforge.fml.loading.ImmediateWindowHandler/]: ImmediateWindowProvider not loading because launch target is forgeserver
[15May2026 02:29:50.130] [main/DEBUG] [cpw.mods.modlauncher.TransformationServicesHandler/MODLAUNCHER]: Found transformer services : [mixin,fml]
[15May2026 02:29:50.130] [main/DEBUG] [cpw.mods.modlauncher.TransformationServicesHandler/MODLAUNCHER]: Transformation services loading
[15May2026 02:29:50.131] [main/DEBUG] [cpw.mods.modlauncher.TransformationServiceDecorator/MODLAUNCHER]: Loading service mixin
[15May2026 02:29:50.131] [main/DEBUG] [cpw.mods.modlauncher.TransformationServiceDecorator/MODLAUNCHER]: Loaded service mixin
[15May2026 02:29:50.131] [main/DEBUG] [cpw.mods.modlauncher.TransformationServiceDecorator/MODLAUNCHER]: Loading service fml
[15May2026 02:29:50.132] [main/DEBUG] [net.minecraftforge.fml.loading.LauncherVersion/CORE]: Found FMLLauncher version 1.0
[15May2026 02:29:50.132] [main/DEBUG] [net.minecraftforge.fml.loading.FMLLoader/CORE]: FML 1.0 loading
[15May2026 02:29:50.132] [main/DEBUG] [net.minecraftforge.fml.loading.FMLLoader/CORE]: FML found ModLauncher version : 10.0.9+10.0.9+main.dcd20f30
[15May2026 02:29:50.132] [main/DEBUG] [net.minecraftforge.fml.loading.FMLLoader/CORE]: FML found AccessTransformer version : 8.0.4+66+master.c09db6d7
[15May2026 02:29:50.133] [main/DEBUG] [net.minecraftforge.fml.loading.FMLLoader/CORE]: FML found EventBus version : 6.0.5+6.0.5+master.eb8e549b
[15May2026 02:29:50.133] [main/DEBUG] [net.minecraftforge.fml.loading.FMLLoader/CORE]: Found Runtime Dist Cleaner
[15May2026 02:29:50.134] [main/DEBUG] [net.minecraftforge.fml.loading.FMLLoader/CORE]: FML found CoreMod version : 5.1.6
[15May2026 02:29:50.135] [main/DEBUG] [net.minecraftforge.fml.loading.FMLLoader/CORE]: Found ForgeSPI package implementation version 7.0.1+7.0.1+master.d2b38bf6
[15May2026 02:29:50.135] [main/DEBUG] [net.minecraftforge.fml.loading.FMLLoader/CORE]: Found ForgeSPI package specification 5
[15May2026 02:29:50.135] [main/DEBUG] [cpw.mods.modlauncher.TransformationServiceDecorator/MODLAUNCHER]: Loaded service fml
[15May2026 02:29:50.136] [main/DEBUG] [cpw.mods.modlauncher.TransformationServicesHandler/MODLAUNCHER]: Configuring option handling for services
[15May2026 02:29:50.143] [main/DEBUG] [cpw.mods.modlauncher.TransformationServicesHandler/MODLAUNCHER]: Transformation services initializing
[15May2026 02:29:50.143] [main/DEBUG] [cpw.mods.modlauncher.TransformationServiceDecorator/MODLAUNCHER]: Initializing transformation service mixin
[15May2026 02:29:50.159] [main/DEBUG] [mixin/]: MixinService [ModLauncher] was successfully booted in cpw.mods.cl.ModuleClassLoader@7a3d45bd
[15May2026 02:29:50.180] [main/INFO] [mixin/]: SpongePowered MIXIN Subsystem Version=0.8.5 Source=union:/workspaces/LaIslaPepa/servidor_minecraft/libraries/org/spongepowered/mixin/0.8.5/mixin-0.8.5.jar%2365!/ Service=ModLauncher Env=SERVER
[15May2026 02:29:50.187] [main/DEBUG] [mixin/]: Initialising Mixin Platform Manager
[15May2026 02:29:50.187] [main/DEBUG] [mixin/]: Adding mixin platform agents for container ModLauncher Root Container(ModLauncher:4f56a0a2)
[15May2026 02:29:50.188] [main/DEBUG] [mixin/]: Instancing new MixinPlatformAgentMinecraftForge for ModLauncher Root Container(ModLauncher:4f56a0a2)
[15May2026 02:29:50.188] [main/DEBUG] [mixin/]: MixinPlatformAgentMinecraftForge rejected container ModLauncher Root Container(ModLauncher:4f56a0a2)
[15May2026 02:29:50.189] [main/DEBUG] [mixin/]: Instancing new MixinPlatformAgentDefault for ModLauncher Root Container(ModLauncher:4f56a0a2)
[15May2026 02:29:50.189] [main/DEBUG] [mixin/]: MixinPlatformAgentDefault accepted container ModLauncher Root Container(ModLauncher:4f56a0a2)
[15May2026 02:29:50.193] [main/DEBUG] [cpw.mods.modlauncher.TransformationServiceDecorator/MODLAUNCHER]: Initialized transformation service mixin
[15May2026 02:29:50.193] [main/DEBUG] [cpw.mods.modlauncher.TransformationServiceDecorator/MODLAUNCHER]: Initializing transformation service fml
[15May2026 02:29:50.193] [main/DEBUG] [net.minecraftforge.fml.loading.FMLServiceProvider/CORE]: Setting up basic FML game directories
[15May2026 02:29:50.194] [main/DEBUG] [net.minecraftforge.fml.loading.FMLPaths/CORE]: Path GAMEDIR is /workspaces/LaIslaPepa/servidor_minecraft
[15May2026 02:29:50.194] [main/DEBUG] [net.minecraftforge.fml.loading.FMLPaths/CORE]: Path MODSDIR is /workspaces/LaIslaPepa/servidor_minecraft/mods
[15May2026 02:29:50.194] [main/DEBUG] [net.minecraftforge.fml.loading.FMLPaths/CORE]: Path CONFIGDIR is /workspaces/LaIslaPepa/servidor_minecraft/config
[15May2026 02:29:50.194] [main/DEBUG] [net.minecraftforge.fml.loading.FMLPaths/CORE]: Path FMLCONFIG is /workspaces/LaIslaPepa/servidor_minecraft/config/fml.toml
[15May2026 02:29:50.194] [main/DEBUG] [net.minecraftforge.fml.loading.FMLServiceProvider/CORE]: Loading configuration
[15May2026 02:29:50.198] [main/DEBUG] [net.minecraftforge.fml.loading.FMLServiceProvider/CORE]: Preparing ModFile
[15May2026 02:29:50.201] [main/DEBUG] [net.minecraftforge.fml.loading.FMLServiceProvider/CORE]: Preparing launch handler
[15May2026 02:29:50.201] [main/DEBUG] [net.minecraftforge.fml.loading.FMLLoader/CORE]: Using forgeserver as launch service
[15May2026 02:29:50.215] [main/DEBUG] [net.minecraftforge.fml.loading.FMLLoader/CORE]: Received command line version data  : VersionInfo[forgeVersion=47.3.7, mcVersion=1.20.1, mcpVersion=20230612.114412, forgeGroup=net.minecraftforge]
[15May2026 02:29:50.217] [main/DEBUG] [cpw.mods.modlauncher.TransformationServiceDecorator/MODLAUNCHER]: Initialized transformation service fml
[15May2026 02:29:50.217] [main/DEBUG] [cpw.mods.modlauncher.NameMappingServiceHandler/MODLAUNCHER]: Current naming domain is 'srg'
[15May2026 02:29:50.218] [main/DEBUG] [cpw.mods.modlauncher.NameMappingServiceHandler/MODLAUNCHER]: Identified name mapping providers {}
[15May2026 02:29:50.218] [main/DEBUG] [cpw.mods.modlauncher.TransformationServicesHandler/MODLAUNCHER]: Transformation services begin scanning
[15May2026 02:29:50.219] [main/DEBUG] [cpw.mods.modlauncher.TransformationServiceDecorator/MODLAUNCHER]: Beginning scan trigger - transformation service mixin
[15May2026 02:29:50.219] [main/DEBUG] [cpw.mods.modlauncher.TransformationServiceDecorator/MODLAUNCHER]: End scan trigger - transformation service mixin
[15May2026 02:29:50.219] [main/DEBUG] [cpw.mods.modlauncher.TransformationServiceDecorator/MODLAUNCHER]: Beginning scan trigger - transformation service fml
[15May2026 02:29:50.219] [main/DEBUG] [net.minecraftforge.fml.loading.FMLServiceProvider/CORE]: Initiating mod scan
[15May2026 02:29:50.229] [main/DEBUG] [net.minecraftforge.fml.loading.moddiscovery.ModListHandler/CORE]: Found mod coordinates from lists: []
[15May2026 02:29:50.232] [main/DEBUG] [net.minecraftforge.fml.loading.moddiscovery.ModDiscoverer/CORE]: Found Mod Locators : (mods folder:null),(maven libs:null),(exploded directory:null),(minecraft:null),(userdev classpath:null)
[15May2026 02:29:50.232] [main/DEBUG] [net.minecraftforge.fml.loading.moddiscovery.ModDiscoverer/CORE]: Found Dependency Locators : (JarInJar:null)
[15May2026 02:29:50.245] [main/DEBUG] [net.minecraftforge.fml.loading.moddiscovery.ModFileParser/LOADING]: Considering mod file candidate /workspaces/LaIslaPepa/servidor_minecraft/mods/[1.20.1] SecurityCraft v1.10.1.jar
[15May2026 02:29:50.296] [main/DEBUG] [net.minecraftforge.fml.loading.moddiscovery.ModFileInfo/LOADING]: Found valid mod file [1.20.1] SecurityCraft v1.10.1.jar with {securitycraft} mods - versions {1.10.1}
[15May2026 02:29:50.301] [main/DEBUG] [net.minecraftforge.fml.loading.moddiscovery.ModFileParser/LOADING]: Considering mod file candidate /workspaces/LaIslaPepa/servidor_minecraft/mods/alexsmobs-1.22.9.jar
[15May2026 02:29:50.304] [main/DEBUG] [net.minecraftforge.fml.loading.moddiscovery.ModFileInfo/LOADING]: Found valid mod file alexsmobs-1.22.9.jar with {alexsmobs} mods - versions {1.22.9}
[15May2026 02:29:50.305] [main/DEBUG] [net.minecraftforge.fml.loading.moddiscovery.ModFileParser/LOADING]: Considering mod file candidate /workspaces/LaIslaPepa/servidor_minecraft/mods/ApothicAttributes-1.20.1-1.3.7.jar
[15May2026 02:29:50.307] [main/DEBUG] [net.minecraftforge.fml.loading.moddiscovery.ModFileInfo/LOADING]: Found valid mod file ApothicAttributes-1.20.1-1.3.7.jar with {attributeslib} mods - versions {1.3.7}
[15May2026 02:29:50.307] [main/DEBUG] [net.minecraftforge.fml.loading.moddiscovery.ModFileParser/LOADING]: Considering mod file candidate /workspaces/LaIslaPepa/servidor_minecraft/mods/architectury-9.2.14-forge.jar
[15May2026 02:29:50.309] [main/DEBUG] [net.minecraftforge.fml.loading.moddiscovery.ModFileInfo/LOADING]: Found valid mod file architectury-9.2.14-forge.jar with {architectury} mods - versions {9.2.14}
[15May2026 02:29:50.309] [main/DEBUG] [net.minecraftforge.fml.loading.moddiscovery.ModFileParser/LOADING]: Considering mod file candidate /workspaces/LaIslaPepa/servidor_minecraft/mods/Armor of the Ages-forge-1.20.1-1.3.14.jar
[15May2026 02:29:50.311] [main/DEBUG] [net.minecraftforge.fml.loading.moddiscovery.ModFileInfo/LOADING]: Found valid mod file Armor of the Ages-forge-1.20.1-1.3.14.jar with {armoroftheages} mods - versions {1.3.14}
[15May2026 02:29:50.312] [main/DEBUG] [net.minecraftforge.fml.loading.moddiscovery.ModFileParser/LOADING]: Considering mod file candidate /workspaces/LaIslaPepa/servidor_minecraft/mods/Atlas Lib-1.20.1-1.1.12.jar
[15May2026 02:29:50.313] [main/DEBUG] [net.minecraftforge.fml.loading.moddiscovery.ModFileInfo/LOADING]: Found valid mod file Atlas Lib-1.20.1-1.1.12.jar with {atlaslib} mods - versions {1.1.12}
[15May2026 02:29:50.314] [main/DEBUG] [net.minecraftforge.fml.loading.moddiscovery.ModFileParser/LOADING]: Considering mod file candidate /workspaces/LaIslaPepa/servidor_minecraft/mods/balm-forge-1.20.1-7.3.38-all.jar
[15May2026 02:29:50.315] [main/DEBUG] [net.minecraftforge.fml.loading.moddiscovery.ModFileInfo/LOADING]: Found valid mod file balm-forge-1.20.1-7.3.38-all.jar with {balm} mods - versions {7.3.38}
[15May2026 02:29:50.317] [main/DEBUG] [net.minecraftforge.fml.loading.moddiscovery.ModFileParser/LOADING]: Considering mod file candidate /workspaces/LaIslaPepa/servidor_minecraft/mods/BlockPops - Forge - 1.20.1-1.5.0.jar
[15May2026 02:29:50.318] [main/DEBUG] [net.minecraftforge.fml.loading.moddiscovery.ModFileInfo/LOADING]: Found valid mod file BlockPops - Forge - 1.20.1-1.5.0.jar with {blockpops} mods - versions {1.5.0}
[15May2026 02:29:50.319] [main/DEBUG] [net.minecraftforge.fml.loading.moddiscovery.ModFileParser/LOADING]: Considering mod file candidate /workspaces/LaIslaPepa/servidor_minecraft/mods/BOMD-Forge-1.20.1-1.1.2.jar
[15May2026 02:29:50.320] [main/DEBUG] [net.minecraftforge.fml.loading.moddiscovery.ModFileInfo/LOADING]: Found valid mod file BOMD-Forge-1.20.1-1.1.2.jar with {bosses_of_mass_destruction} mods - versions {1.1.2}
[15May2026 02:29:50.323] [main/DEBUG] [net.minecraftforge.fml.loading.moddiscovery.ModFileParser/LOADING]: Considering mod file candidate /workspaces/LaIslaPepa/servidor_minecraft/mods/born_in_chaos_[Forge]1.20.1_1.7.5.jar
[15May2026 02:29:50.325] [main/DEBUG] [net.minecraftforge.fml.loading.moddiscovery.ModFileInfo/LOADING]: Found valid mod file born_in_chaos_[Forge]1.20.1_1.7.5.jar with {born_in_chaos_v1} mods - versions {1.7.5}
[15May2026 02:29:50.325] [main/DEBUG] [net.minecraftforge.fml.loading.moddiscovery.ModFileParser/LOADING]: Considering mod file candidate /workspaces/LaIslaPepa/servidor_minecraft/mods/brainrotprotocol-1.1.0-forge-1.20.1.jar
[15May2026 02:29:50.326] [main/DEBUG] [net.minecraftforge.fml.loading.moddiscovery.ModFileInfo/LOADING]: Found valid mod file brainrotprotocol-1.1.0-forge-1.20.1.jar with {brainrotprotocol} mods - versions {1.0.0}
[15May2026 02:29:50.327] [main/DEBUG] [net.minecraftforge.fml.loading.moddiscovery.ModFileParser/LOADING]: Considering mod file candidate /workspaces/LaIslaPepa/servidor_minecraft/mods/Camerapture-1.10.12+mc1.20.1-forge.jar
[15May2026 02:29:50.328] [main/DEBUG] [net.minecraftforge.fml.loading.moddiscovery.ModFileInfo/LOADING]: Found valid mod file Camerapture-1.10.12+mc1.20.1-forge.jar with {camerapture} mods - versions {1.10.12}
[15May2026 02:29:50.328] [main/DEBUG] [net.minecraftforge.fml.loading.moddiscovery.ModFileParser/LOADING]: Considering mod file candidate /workspaces/LaIslaPepa/servidor_minecraft/mods/carryon-forge-1.20.1-2.1.2.7.jar
[15May2026 02:29:50.330] [main/DEBUG] [net.minecraftforge.fml.loading.moddiscovery.ModFileInfo/LOADING]: Found valid mod file carryon-forge-1.20.1-2.1.2.7.jar with {carryon} mods - versions {2.1.2.7}
[15May2026 02:29:50.331] [main/DEBUG] [net.minecraftforge.fml.loading.moddiscovery.ModFileParser/LOADING]: Considering mod file candidate /workspaces/LaIslaPepa/servidor_minecraft/mods/CerbonsAPI-Forge-1.20.1-1.1.0.jar
[15May2026 02:29:50.332] [main/DEBUG] [net.minecraftforge.fml.loading.moddiscovery.ModFileInfo/LOADING]: Found valid mod file CerbonsAPI-Forge-1.20.1-1.1.0.jar with {cerbons_api} mods - versions {1.1.0}
[15May2026 02:29:50.333] [main/DEBUG] [net.minecraftforge.fml.loading.moddiscovery.ModFileParser/LOADING]: Considering mod file candidate /workspaces/LaIslaPepa/servidor_minecraft/mods/citadel-2.6.3-1.20.1.jar
[15May2026 02:29:50.334] [main/DEBUG] [net.minecraftforge.fml.loading.moddiscovery.ModFileInfo/LOADING]: Found valid mod file citadel-2.6.3-1.20.1.jar with {citadel} mods - versions {2.6.3}
[15May2026 02:29:50.335] [main/DEBUG] [net.minecraftforge.fml.loading.moddiscovery.ModFileParser/LOADING]: Considering mod file candidate /workspaces/LaIslaPepa/servidor_minecraft/mods/clockwork-forge-1.20.1-1.0.2.jar
[15May2026 02:29:50.336] [main/DEBUG] [net.minecraftforge.fml.loading.moddiscovery.ModFileInfo/LOADING]: Found valid mod file clockwork-forge-1.20.1-1.0.2.jar with {clockwork} mods - versions {1.0.2}
[15May2026 02:29:50.338] [main/DEBUG] [net.minecraftforge.fml.loading.moddiscovery.ModFileParser/LOADING]: Considering mod file candidate /workspaces/LaIslaPepa/servidor_minecraft/mods/cloth-config-11.1.136-forge.jar
[15May2026 02:29:50.339] [main/DEBUG] [net.minecraftforge.fml.loading.moddiscovery.ModFileInfo/LOADING]: Found valid mod file cloth-config-11.1.136-forge.jar with {cloth_config} mods - versions {11.1.136}
[15May2026 02:29:50.339] [main/DEBUG] [net.minecraftforge.fml.loading.moddiscovery.ModFileParser/LOADING]: Considering mod file candidate /workspaces/LaIslaPepa/servidor_minecraft/mods/coroutil-forge-1.20.1-1.3.7.jar
[15May2026 02:29:50.340] [main/DEBUG] [net.minecraftforge.fml.loading.moddiscovery.ModFileInfo/LOADING]: Found valid mod file coroutil-forge-1.20.1-1.3.7.jar with {coroutil} mods - versions {1.20.1-1.3.7}
[15May2026 02:29:50.341] [main/DEBUG] [net.minecraftforge.fml.loading.moddiscovery.ModFileParser/LOADING]: Considering mod file candidate /workspaces/LaIslaPepa/servidor_minecraft/mods/creeperoverhaul-3.0.2-forge.jar
[15May2026 02:29:50.342] [main/DEBUG] [net.minecraftforge.fml.loading.moddiscovery.ModFileInfo/LOADING]: Found valid mod file creeperoverhaul-3.0.2-forge.jar with {creeperoverhaul} mods - versions {3.0.2}
[15May2026 02:29:50.343] [main/DEBUG] [net.minecraftforge.fml.loading.moddiscovery.ModFileParser/LOADING]: Considering mod file candidate /workspaces/LaIslaPepa/servidor_minecraft/mods/curios-forge-5.14.1+1.20.1.jar
[15May2026 02:29:50.348] [main/DEBUG] [net.minecraftforge.fml.loading.moddiscovery.ModFileInfo/LOADING]: Found valid mod file curios-forge-5.14.1+1.20.1.jar with {curios} mods - versions {5.14.1+1.20.1}
[15May2026 02:29:50.349] [main/DEBUG] [net.minecraftforge.fml.loading.moddiscovery.ModFileParser/LOADING]: Considering mod file candidate /workspaces/LaIslaPepa/servidor_minecraft/mods/curiouslanterns-1.20.1-1.3.7.jar
[15May2026 02:29:50.351] [main/DEBUG] [net.minecraftforge.fml.loading.moddiscovery.ModFileInfo/LOADING]: Found valid mod file curiouslanterns-1.20.1-1.3.7.jar with {curiouslanterns} mods - versions {1.20.1-1.3.7}
[15May2026 02:29:50.353] [main/DEBUG] [net.minecraftforge.fml.loading.moddiscovery.ModFileParser/LOADING]: Considering mod file candidate /workspaces/LaIslaPepa/servidor_minecraft/mods/Doppelganger II V1.02_1.20.1.jar
[15May2026 02:29:50.354] [main/DEBUG] [net.minecraftforge.fml.loading.moddiscovery.ModFileInfo/LOADING]: Found valid mod file Doppelganger II V1.02_1.20.1.jar with {doppelganger2} mods - versions {1.02}
[15May2026 02:29:50.357] [main/DEBUG] [net.minecraftforge.fml.loading.moddiscovery.ModFileParser/LOADING]: Considering mod file candidate /workspaces/LaIslaPepa/servidor_minecraft/mods/DungeonsArise-1.20.x-2.1.58-release.jar
[15May2026 02:29:50.359] [main/DEBUG] [net.minecraftforge.fml.loading.moddiscovery.ModFileInfo/LOADING]: Found valid mod file DungeonsArise-1.20.x-2.1.58-release.jar with {dungeons_arise} mods - versions {2.1.58-1.20.x}
[15May2026 02:29:50.361] [main/DEBUG] [net.minecraftforge.fml.loading.moddiscovery.ModFileParser/LOADING]: Considering mod file candidate /workspaces/LaIslaPepa/servidor_minecraft/mods/dynamiclights-1.20.1.2.jar
[15May2026 02:29:50.364] [main/DEBUG] [net.minecraftforge.fml.loading.moddiscovery.ModFileInfo/LOADING]: Found valid mod file dynamiclights-1.20.1.2.jar with {dynamiclights} mods - versions {1.20.1.2}
[15May2026 02:29:50.365] [main/DEBUG] [net.minecraftforge.fml.loading.moddiscovery.ModFileParser/LOADING]: Considering mod file candidate /workspaces/LaIslaPepa/servidor_minecraft/mods/epicterrain-0.2.5.jar
[15May2026 02:29:50.367] [main/DEBUG] [net.minecraftforge.fml.loading.moddiscovery.ModFileInfo/LOADING]: Found valid mod file epicterrain-0.2.5.jar with {mr_epicterrain} mods - versions {0.2.5}
[15May2026 02:29:50.376] [main/DEBUG] [net.minecraftforge.fml.loading.moddiscovery.ModFileParser/LOADING]: Considering mod file candidate /workspaces/LaIslaPepa/servidor_minecraft/mods/FallingTree-1.20.1-4.3.4.jar
[15May2026 02:29:50.377] [main/DEBUG] [net.minecraftforge.fml.loading.moddiscovery.ModFileInfo/LOADING]: Found valid mod file FallingTree-1.20.1-4.3.4.jar with {fallingtree} mods - versions {4.3.4}
[15May2026 02:29:50.378] [main/DEBUG] [net.minecraftforge.fml.loading.moddiscovery.ModFileParser/LOADING]: Considering mod file candidate /workspaces/LaIslaPepa/servidor_minecraft/mods/forgivingvoid-forge-1.20.1-10.0.3.jar
[15May2026 02:29:50.379] [main/DEBUG] [net.minecraftforge.fml.loading.moddiscovery.ModFileInfo/LOADING]: Found valid mod file forgivingvoid-forge-1.20.1-10.0.3.jar with {forgivingvoid} mods - versions {10.0.3}
[15May2026 02:29:50.383] [main/DEBUG] [net.minecraftforge.fml.loading.moddiscovery.ModFileParser/LOADING]: Considering mod file candidate /workspaces/LaIslaPepa/servidor_minecraft/mods/framework-forge-1.20.1-0.8.0.jar
[15May2026 02:29:50.384] [main/DEBUG] [net.minecraftforge.fml.loading.moddiscovery.ModFileInfo/LOADING]: Found valid mod file framework-forge-1.20.1-0.8.0.jar with {framework} mods - versions {0.8.0}
[15May2026 02:29:50.385] [main/DEBUG] [net.minecraftforge.fml.loading.moddiscovery.ModFileParser/LOADING]: Considering mod file candidate /workspaces/LaIslaPepa/servidor_minecraft/mods/geckolib-forge-1.20.1-4.8.3.jar
[15May2026 02:29:50.386] [main/DEBUG] [net.minecraftforge.fml.loading.moddiscovery.ModFileInfo/LOADING]: Found valid mod file geckolib-forge-1.20.1-4.8.3.jar with {geckolib} mods - versions {4.8.3}
[15May2026 02:29:50.390] [main/DEBUG] [net.minecraftforge.fml.loading.moddiscovery.ModFileParser/LOADING]: Considering mod file candidate /workspaces/LaIslaPepa/servidor_minecraft/mods/IllagerInvasion-v8.0.7-1.20.1-Forge.jar
[15May2026 02:29:50.390] [main/DEBUG] [net.minecraftforge.fml.loading.moddiscovery.ModFileInfo/LOADING]: Found valid mod file IllagerInvasion-v8.0.7-1.20.1-Forge.jar with {illagerinvasion} mods - versions {8.0.7}
[15May2026 02:29:50.391] [main/DEBUG] [net.minecraftforge.fml.loading.moddiscovery.ModFileParser/LOADING]: Considering mod file candidate /workspaces/LaIslaPepa/servidor_minecraft/mods/immersive_aircraft-1.4.0+1.20.1-forge.jar
[15May2026 02:29:50.392] [main/DEBUG] [net.minecraftforge.fml.loading.moddiscovery.ModFileInfo/LOADING]: Found valid mod file immersive_aircraft-1.4.0+1.20.1-forge.jar with {immersive_aircraft} mods - versions {1.4.0+1.20.1}
[15May2026 02:29:50.392] [main/DEBUG] [net.minecraftforge.fml.loading.moddiscovery.ModFileParser/LOADING]: Considering mod file candidate /workspaces/LaIslaPepa/servidor_minecraft/mods/immersive_armors-1.7.1+1.20.1-forge.jar
[15May2026 02:29:50.393] [main/DEBUG] [net.minecraftforge.fml.loading.moddiscovery.ModFileInfo/LOADING]: Found valid mod file immersive_armors-1.7.1+1.20.1-forge.jar with {immersive_armors} mods - versions {1.7.1+1.20.1}
[15May2026 02:29:50.394] [main/DEBUG] [net.minecraftforge.fml.loading.moddiscovery.ModFileParser/LOADING]: Considering mod file candidate /workspaces/LaIslaPepa/servidor_minecraft/mods/Jade-1.20.1-Forge-11.13.2.jar
[15May2026 02:29:50.395] [main/DEBUG] [net.minecraftforge.fml.loading.moddiscovery.ModFileInfo/LOADING]: Found valid mod file Jade-1.20.1-Forge-11.13.2.jar with {jade} mods - versions {11.13.2+forge}
[15May2026 02:29:50.395] [main/DEBUG] [net.minecraftforge.fml.loading.moddiscovery.ModFileParser/LOADING]: Considering mod file candidate /workspaces/LaIslaPepa/servidor_minecraft/mods/JadeAddons-1.20.1-Forge-5.5.0.jar
[15May2026 02:29:50.396] [main/DEBUG] [net.minecraftforge.fml.loading.moddiscovery.ModFileInfo/LOADING]: Found valid mod file JadeAddons-1.20.1-Forge-5.5.0.jar with {jadeaddons} mods - versions {5.5.0+forge}
[15May2026 02:29:50.397] [main/DEBUG] [net.minecraftforge.fml.loading.moddiscovery.ModFileParser/LOADING]: Considering mod file candidate /workspaces/LaIslaPepa/servidor_minecraft/mods/jei-1.20.1-forge-15.20.0.130.jar
[15May2026 02:29:50.397] [main/DEBUG] [net.minecraftforge.fml.loading.moddiscovery.ModFileInfo/LOADING]: Found valid mod file jei-1.20.1-forge-15.20.0.130.jar with {jei} mods - versions {15.20.0.130}
[15May2026 02:29:50.398] [main/DEBUG] [net.minecraftforge.fml.loading.moddiscovery.ModFileParser/LOADING]: Considering mod file candidate /workspaces/LaIslaPepa/servidor_minecraft/mods/justhammers-forge-2.0.3+mc1.20.1.jar
[15May2026 02:29:50.399] [main/DEBUG] [net.minecraftforge.fml.loading.moddiscovery.ModFileInfo/LOADING]: Found valid mod file justhammers-forge-2.0.3+mc1.20.1.jar with {justhammers} mods - versions {2.0.3+mc1.20.1}
[15May2026 02:29:50.399] [main/DEBUG] [net.minecraftforge.fml.loading.moddiscovery.ModFileParser/LOADING]: Considering mod file candidate /workspaces/LaIslaPepa/servidor_minecraft/mods/knightlib-forge-1.20.1-1.4.3.jar
[15May2026 02:29:50.400] [main/DEBUG] [net.minecraftforge.fml.loading.moddiscovery.ModFileInfo/LOADING]: Found valid mod file knightlib-forge-1.20.1-1.4.3.jar with {knightlib} mods - versions {1.4.3}
[15May2026 02:29:50.401] [main/DEBUG] [net.minecraftforge.fml.loading.moddiscovery.ModFileParser/LOADING]: Considering mod file candidate /workspaces/LaIslaPepa/servidor_minecraft/mods/knightquest-forge-1.20.1-1.9.3.jar
[15May2026 02:29:50.402] [main/DEBUG] [net.minecraftforge.fml.loading.moddiscovery.ModFileInfo/LOADING]: Found valid mod file knightquest-forge-1.20.1-1.9.3.jar with {knightquest} mods - versions {1.9.3}
[15May2026 02:29:50.426] [main/DEBUG] [net.minecraftforge.fml.loading.moddiscovery.ModFileParser/LOADING]: Considering mod file candidate /workspaces/LaIslaPepa/servidor_minecraft/mods/lucky-block-forge-1.20.1-13.0.jar
[15May2026 02:29:50.428] [main/DEBUG] [net.minecraftforge.fml.loading.moddiscovery.ModFileInfo/LOADING]: Found valid mod file lucky-block-forge-1.20.1-13.0.jar with {lucky} mods - versions {1.20.1-13.0}
[15May2026 02:29:50.428] [main/DEBUG] [net.minecraftforge.fml.loading.moddiscovery.ModFileParser/LOADING]: Considering mod file candidate /workspaces/LaIslaPepa/servidor_minecraft/mods/nirvana-forge-1.2.5.jar
[15May2026 02:29:50.429] [main/DEBUG] [net.minecraftforge.fml.loading.moddiscovery.ModFileInfo/LOADING]: Found valid mod file nirvana-forge-1.2.5.jar with {nirvana} mods - versions {1.2.5}
[15May2026 02:29:50.430] [main/DEBUG] [net.minecraftforge.fml.loading.moddiscovery.ModFileParser/LOADING]: Considering mod file candidate /workspaces/LaIslaPepa/servidor_minecraft/mods/Opposing-Force-1.20.1-2.0.3.jar
[15May2026 02:29:50.431] [main/DEBUG] [net.minecraftforge.fml.loading.moddiscovery.ModFileInfo/LOADING]: Found valid mod file Opposing-Force-1.20.1-2.0.3.jar with {opposing_force} mods - versions {1.20.1-2.0.3}
[15May2026 02:29:50.432] [main/DEBUG] [net.minecraftforge.fml.loading.moddiscovery.ModFileParser/LOADING]: Considering mod file candidate /workspaces/LaIslaPepa/servidor_minecraft/mods/Paraglider-forge-20.1.3.jar
[15May2026 02:29:50.433] [main/DEBUG] [net.minecraftforge.fml.loading.moddiscovery.ModFileInfo/LOADING]: Found valid mod file Paraglider-forge-20.1.3.jar with {paraglider} mods - versions {20.1.3}
[15May2026 02:29:50.434] [main/DEBUG] [net.minecraftforge.fml.loading.moddiscovery.ModFileParser/LOADING]: Considering mod file candidate /workspaces/LaIslaPepa/servidor_minecraft/mods/Placebo-1.20.1-8.6.3.jar
[15May2026 02:29:50.434] [main/DEBUG] [net.minecraftforge.fml.loading.moddiscovery.ModFileInfo/LOADING]: Found valid mod file Placebo-1.20.1-8.6.3.jar with {placebo} mods - versions {8.6.3}
[15May2026 02:29:50.444] [main/DEBUG] [net.minecraftforge.fml.loading.moddiscovery.ModFileParser/LOADING]: Considering mod file candidate /workspaces/LaIslaPepa/servidor_minecraft/mods/PuzzlesLib-v8.1.33-1.20.1-Forge.jar
[15May2026 02:29:50.444] [main/DEBUG] [net.minecraftforge.fml.loading.moddiscovery.ModFileInfo/LOADING]: Found valid mod file PuzzlesLib-v8.1.33-1.20.1-Forge.jar with {puzzleslib} mods - versions {8.1.33}
[15May2026 02:29:50.445] [main/DEBUG] [net.minecraftforge.fml.loading.moddiscovery.ModFileParser/LOADING]: Considering mod file candidate /workspaces/LaIslaPepa/servidor_minecraft/mods/radiantgear-forge-2.2.0+1.20.1.jar
[15May2026 02:29:50.446] [main/DEBUG] [net.minecraftforge.fml.loading.moddiscovery.ModFileInfo/LOADING]: Found valid mod file radiantgear-forge-2.2.0+1.20.1.jar with {radiantgear} mods - versions {2.2.0+1.20.1}
[15May2026 02:29:50.477] [main/DEBUG] [net.minecraftforge.fml.loading.moddiscovery.ModFileParser/LOADING]: Considering mod file candidate /workspaces/LaIslaPepa/servidor_minecraft/mods/refurbished_furniture-forge-1.20.1-1.0.20.jar
[15May2026 02:29:50.478] [main/DEBUG] [net.minecraftforge.fml.loading.moddiscovery.ModFileInfo/LOADING]: Found valid mod file refurbished_furniture-forge-1.20.1-1.0.20.jar with {refurbished_furniture} mods - versions {1.0.20}
[15May2026 02:29:50.479] [main/DEBUG] [net.minecraftforge.fml.loading.moddiscovery.ModFileParser/LOADING]: Considering mod file candidate /workspaces/LaIslaPepa/servidor_minecraft/mods/resourcefulconfig-forge-1.20.1-2.1.3.jar
[15May2026 02:29:50.480] [main/DEBUG] [net.minecraftforge.fml.loading.moddiscovery.ModFileInfo/LOADING]: Found valid mod file resourcefulconfig-forge-1.20.1-2.1.3.jar with {resourcefulconfig} mods - versions {2.1.3}
[15May2026 02:29:50.480] [main/DEBUG] [net.minecraftforge.fml.loading.moddiscovery.ModFileParser/LOADING]: Considering mod file candidate /workspaces/LaIslaPepa/servidor_minecraft/mods/Ribbits-1.20.1-Forge-3.0.5.jar
[15May2026 02:29:50.481] [main/DEBUG] [net.minecraftforge.fml.loading.moddiscovery.ModFileInfo/LOADING]: Found valid mod file Ribbits-1.20.1-Forge-3.0.5.jar with {ribbits} mods - versions {1.20.1-Forge-3.0.5}
[15May2026 02:29:50.482] [main/DEBUG] [net.minecraftforge.fml.loading.moddiscovery.ModFileParser/LOADING]: Considering mod file candidate /workspaces/LaIslaPepa/servidor_minecraft/mods/sophisticatedbackpacks-1.20.1-3.24.35.1675.jar
[15May2026 02:29:50.483] [main/DEBUG] [net.minecraftforge.fml.loading.moddiscovery.ModFileInfo/LOADING]: Found valid mod file sophisticatedbackpacks-1.20.1-3.24.35.1675.jar with {sophisticatedbackpacks} mods - versions {3.24.35.1675}
[15May2026 02:29:50.485] [main/DEBUG] [net.minecraftforge.fml.loading.moddiscovery.ModFileParser/LOADING]: Considering mod file candidate /workspaces/LaIslaPepa/servidor_minecraft/mods/sophisticatedcore-1.20.1-1.3.26.1759.jar
[15May2026 02:29:50.485] [main/DEBUG] [net.minecraftforge.fml.loading.moddiscovery.ModFileInfo/LOADING]: Found valid mod file sophisticatedcore-1.20.1-1.3.26.1759.jar with {sophisticatedcore} mods - versions {1.3.26.1759}
[15May2026 02:29:50.488] [main/DEBUG] [net.minecraftforge.fml.loading.moddiscovery.ModFileParser/LOADING]: Considering mod file candidate /workspaces/LaIslaPepa/servidor_minecraft/mods/tacz-1.20.1-1.1.7-hotfix2.jar
[15May2026 02:29:50.489] [main/DEBUG] [net.minecraftforge.fml.loading.moddiscovery.ModFileInfo/LOADING]: Found valid mod file tacz-1.20.1-1.1.7-hotfix2.jar with {tacz} mods - versions {1.1.7-hotfix2}
[15May2026 02:29:50.489] [main/DEBUG] [net.minecraftforge.fml.loading.moddiscovery.ModFileParser/LOADING]: Considering mod file candidate /workspaces/LaIslaPepa/servidor_minecraft/mods/TerraBlender-forge-1.20.1-3.0.1.10.jar
[15May2026 02:29:50.491] [main/DEBUG] [net.minecraftforge.fml.loading.moddiscovery.ModFileInfo/LOADING]: Found valid mod file TerraBlender-forge-1.20.1-3.0.1.10.jar with {terrablender} mods - versions {3.0.1.10}
[15May2026 02:29:50.491] [main/DEBUG] [net.minecraftforge.fml.loading.moddiscovery.ModFileParser/LOADING]: Considering mod file candidate /workspaces/LaIslaPepa/servidor_minecraft/mods/The-Hordes-1.20.1-1.6.3e-all.jar
[15May2026 02:29:50.492] [main/DEBUG] [net.minecraftforge.fml.loading.moddiscovery.ModFileInfo/LOADING]: Found valid mod file The-Hordes-1.20.1-1.6.3e-all.jar with {hordes} mods - versions {1.6.3e}
[15May2026 02:29:50.494] [main/DEBUG] [net.minecraftforge.fml.loading.moddiscovery.ModFileParser/LOADING]: Considering mod file candidate /workspaces/LaIslaPepa/servidor_minecraft/mods/tombstone-1.20.1-9.0.10.jar
[15May2026 02:29:50.494] [main/DEBUG] [net.minecraftforge.fml.loading.moddiscovery.ModFileInfo/LOADING]: Found valid mod file tombstone-1.20.1-9.0.10.jar with {tombstone} mods - versions {9.0.10}
[15May2026 02:29:50.520] [main/DEBUG] [net.minecraftforge.fml.loading.moddiscovery.ModFileParser/LOADING]: Considering mod file candidate /workspaces/LaIslaPepa/servidor_minecraft/mods/too_many_bows-forge-4.0.1.jar
[15May2026 02:29:50.521] [main/DEBUG] [net.minecraftforge.fml.loading.moddiscovery.ModFileInfo/LOADING]: Found valid mod file too_many_bows-forge-4.0.1.jar with {too_many_bows} mods - versions {4.0.1}
[15May2026 02:29:50.522] [main/DEBUG] [net.minecraftforge.fml.loading.moddiscovery.ModFileParser/LOADING]: Considering mod file candidate /workspaces/LaIslaPepa/servidor_minecraft/mods/torchmaster-20.1.9.jar
[15May2026 02:29:50.523] [main/DEBUG] [net.minecraftforge.fml.loading.moddiscovery.ModFileInfo/LOADING]: Found valid mod file torchmaster-20.1.9.jar with {torchmaster} mods - versions {20.1.9}
[15May2026 02:29:50.523] [main/DEBUG] [net.minecraftforge.fml.loading.moddiscovery.ModFileParser/LOADING]: Considering mod file candidate /workspaces/LaIslaPepa/servidor_minecraft/mods/TravelersTitles-1.20-Forge-4.0.2.jar
[15May2026 02:29:50.524] [main/DEBUG] [net.minecraftforge.fml.loading.moddiscovery.ModFileInfo/LOADING]: Found valid mod file TravelersTitles-1.20-Forge-4.0.2.jar with {travelerstitles} mods - versions {1.20-Forge-4.0.2}
[15May2026 02:29:50.525] [main/DEBUG] [net.minecraftforge.fml.loading.moddiscovery.ModFileParser/LOADING]: Considering mod file candidate /workspaces/LaIslaPepa/servidor_minecraft/mods/uniqueaccessories-1.3.3-forge-mc1.20.1.jar
[15May2026 02:29:50.525] [main/DEBUG] [net.minecraftforge.fml.loading.moddiscovery.ModFileInfo/LOADING]: Found valid mod file uniqueaccessories-1.3.3-forge-mc1.20.1.jar with {uniqueaccessories} mods - versions {1.3.3}
[15May2026 02:29:50.526] [main/DEBUG] [net.minecraftforge.fml.loading.moddiscovery.ModFileParser/LOADING]: Considering mod file candidate /workspaces/LaIslaPepa/servidor_minecraft/mods/watut-forge-1.20.1-1.2.3.jar
[15May2026 02:29:50.527] [main/DEBUG] [net.minecraftforge.fml.loading.moddiscovery.ModFileInfo/LOADING]: Found valid mod file watut-forge-1.20.1-1.2.3.jar with {watut} mods - versions {1.20.1-1.2.3}
[15May2026 02:29:50.528] [main/DEBUG] [net.minecraftforge.fml.loading.moddiscovery.ModFileParser/LOADING]: Considering mod file candidate /workspaces/LaIslaPepa/servidor_minecraft/mods/xaerominimap-forge-1.20.1-25.3.10.jar
[15May2026 02:29:50.528] [main/DEBUG] [net.minecraftforge.fml.loading.moddiscovery.ModFileInfo/LOADING]: Found valid mod file xaerominimap-forge-1.20.1-25.3.10.jar with {xaerominimap} mods - versions {25.3.10}
[15May2026 02:29:50.529] [main/DEBUG] [net.minecraftforge.fml.loading.moddiscovery.ModFileParser/LOADING]: Considering mod file candidate /workspaces/LaIslaPepa/servidor_minecraft/mods/xaeroworldmap-forge-1.20.1-1.40.11.jar
[15May2026 02:29:50.530] [main/DEBUG] [net.minecraftforge.fml.loading.moddiscovery.ModFileInfo/LOADING]: Found valid mod file xaeroworldmap-forge-1.20.1-1.40.11.jar with {xaeroworldmap} mods - versions {1.40.11}
[15May2026 02:29:50.531] [main/DEBUG] [net.minecraftforge.fml.loading.moddiscovery.ModFileParser/LOADING]: Considering mod file candidate /workspaces/LaIslaPepa/servidor_minecraft/mods/yet_another_config_lib_v3-3.6.6+1.20.1-forge.jar
[15May2026 02:29:50.531] [main/DEBUG] [net.minecraftforge.fml.loading.moddiscovery.ModFileInfo/LOADING]: Found valid mod file yet_another_config_lib_v3-3.6.6+1.20.1-forge.jar with {yet_another_config_lib_v3} mods - versions {3.6.6+1.20.1-forge}
[15May2026 02:29:50.532] [main/DEBUG] [net.minecraftforge.fml.loading.moddiscovery.ModFileParser/LOADING]: Considering mod file candidate /workspaces/LaIslaPepa/servidor_minecraft/mods/YungsApi-1.20-Forge-4.0.6.jar
[15May2026 02:29:50.532] [main/DEBUG] [net.minecraftforge.fml.loading.moddiscovery.ModFileInfo/LOADING]: Found valid mod file YungsApi-1.20-Forge-4.0.6.jar with {yungsapi} mods - versions {1.20-Forge-4.0.6}
[15May2026 02:29:50.533] [main/DEBUG] [net.minecraftforge.fml.loading.moddiscovery.ModFileParser/LOADING]: Considering mod file candidate /workspaces/LaIslaPepa/servidor_minecraft/mods/YungsBetterDungeons-1.20-Forge-4.0.4.jar
[15May2026 02:29:50.534] [main/DEBUG] [net.minecraftforge.fml.loading.moddiscovery.ModFileInfo/LOADING]: Found valid mod file YungsBetterDungeons-1.20-Forge-4.0.4.jar with {betterdungeons} mods - versions {1.20-Forge-4.0.4}
[15May2026 02:29:50.534] [main/DEBUG] [net.minecraftforge.fml.loading.moddiscovery.ModFileParser/LOADING]: Considering mod file candidate /workspaces/LaIslaPepa/servidor_minecraft/mods/YungsBetterNetherFortresses-1.20-Forge-2.0.6.jar
[15May2026 02:29:50.535] [main/DEBUG] [net.minecraftforge.fml.loading.moddiscovery.ModFileInfo/LOADING]: Found valid mod file YungsBetterNetherFortresses-1.20-Forge-2.0.6.jar with {betterfortresses} mods - versions {1.20-Forge-2.0.6}
[15May2026 02:29:50.541] [main/DEBUG] [net.minecraftforge.fml.loading.moddiscovery.ModFileParser/LOADING]: Considering mod file candidate /workspaces/LaIslaPepa/servidor_minecraft/mods/YungsCaveBiomes-1.20.1-Forge-2.0.5.jar
[15May2026 02:29:50.541] [main/DEBUG] [net.minecraftforge.fml.loading.moddiscovery.ModFileInfo/LOADING]: Found valid mod file YungsCaveBiomes-1.20.1-Forge-2.0.5.jar with {yungscavebiomes} mods - versions {1.20.1-Forge-2.0.5}
[15May2026 02:29:50.644] [main/DEBUG] [net.minecraftforge.fml.loading.moddiscovery.ModFileInfo/LOADING]: Found valid mod file server-1.20.1-20230612.114412-srg.jar with {minecraft} mods - versions {1.20.1}
[15May2026 02:29:50.647] [main/DEBUG] [net.minecraftforge.fml.loading.moddiscovery.ModFileParser/LOADING]: Considering mod file candidate /workspaces/LaIslaPepa/servidor_minecraft/libraries/net/minecraftforge/fmlcore/1.20.1-47.3.7/fmlcore-1.20.1-47.3.7.jar
[15May2026 02:29:50.648] [main/WARN] [net.minecraftforge.fml.loading.moddiscovery.ModFileParser/LOADING]: Mod file /workspaces/LaIslaPepa/servidor_minecraft/libraries/net/minecraftforge/fmlcore/1.20.1-47.3.7/fmlcore-1.20.1-47.3.7.jar is missing mods.toml file
[15May2026 02:29:50.649] [main/DEBUG] [net.minecraftforge.fml.loading.moddiscovery.ModFileParser/LOADING]: Considering mod file candidate /workspaces/LaIslaPepa/servidor_minecraft/libraries/net/minecraftforge/javafmllanguage/1.20.1-47.3.7/javafmllanguage-1.20.1-47.3.7.jar
[15May2026 02:29:50.649] [main/WARN] [net.minecraftforge.fml.loading.moddiscovery.ModFileParser/LOADING]: Mod file /workspaces/LaIslaPepa/servidor_minecraft/libraries/net/minecraftforge/javafmllanguage/1.20.1-47.3.7/javafmllanguage-1.20.1-47.3.7.jar is missing mods.toml file
[15May2026 02:29:50.651] [main/DEBUG] [net.minecraftforge.fml.loading.moddiscovery.ModFileParser/LOADING]: Considering mod file candidate /workspaces/LaIslaPepa/servidor_minecraft/libraries/net/minecraftforge/lowcodelanguage/1.20.1-47.3.7/lowcodelanguage-1.20.1-47.3.7.jar
[15May2026 02:29:50.651] [main/WARN] [net.minecraftforge.fml.loading.moddiscovery.ModFileParser/LOADING]: Mod file /workspaces/LaIslaPepa/servidor_minecraft/libraries/net/minecraftforge/lowcodelanguage/1.20.1-47.3.7/lowcodelanguage-1.20.1-47.3.7.jar is missing mods.toml file
[15May2026 02:29:50.652] [main/DEBUG] [net.minecraftforge.fml.loading.moddiscovery.ModFileParser/LOADING]: Considering mod file candidate /workspaces/LaIslaPepa/servidor_minecraft/libraries/net/minecraftforge/mclanguage/1.20.1-47.3.7/mclanguage-1.20.1-47.3.7.jar
[15May2026 02:29:50.652] [main/WARN] [net.minecraftforge.fml.loading.moddiscovery.ModFileParser/LOADING]: Mod file /workspaces/LaIslaPepa/servidor_minecraft/libraries/net/minecraftforge/mclanguage/1.20.1-47.3.7/mclanguage-1.20.1-47.3.7.jar is missing mods.toml file
[15May2026 02:29:50.693] [main/DEBUG] [net.minecraftforge.fml.loading.moddiscovery.ModFileParser/LOADING]: Considering mod file candidate /workspaces/LaIslaPepa/servidor_minecraft/libraries/net/minecraftforge/forge/1.20.1-47.3.7/forge-1.20.1-47.3.7-universal.jar
[15May2026 02:29:50.694] [main/DEBUG] [net.minecraftforge.fml.loading.moddiscovery.ModFileInfo/LOADING]: Found valid mod file forge-1.20.1-47.3.7-universal.jar with {forge} mods - versions {47.3.7}
[15May2026 02:29:50.707] [main/DEBUG] [net.minecraftforge.fml.loading.moddiscovery.AbstractJarFileDependencyLocator/]: Failed to load resource META-INF/jarjar/metadata.json from YungsBetterDungeons-1.20-Forge-4.0.4.jar, it does not contain dependency information.
[15May2026 02:29:50.707] [main/DEBUG] [net.minecraftforge.fml.loading.moddiscovery.AbstractJarFileDependencyLocator/]: Failed to load resource META-INF/jarjar/metadata.json from alexsmobs-1.22.9.jar, it does not contain dependency information.
[15May2026 02:29:50.707] [main/DEBUG] [net.minecraftforge.fml.loading.moddiscovery.AbstractJarFileDependencyLocator/]: Failed to load resource META-INF/jarjar/metadata.json from Doppelganger II V1.02_1.20.1.jar, it does not contain dependency information.
[15May2026 02:29:50.707] [main/DEBUG] [net.minecraftforge.fml.loading.moddiscovery.AbstractJarFileDependencyLocator/]: Failed to load resource META-INF/jarjar/metadata.json from jei-1.20.1-forge-15.20.0.130.jar, it does not contain dependency information.
[15May2026 02:29:50.707] [main/DEBUG] [net.minecraftforge.fml.loading.moddiscovery.AbstractJarFileDependencyLocator/]: Failed to load resource META-INF/jarjar/metadata.json from dynamiclights-1.20.1.2.jar, it does not contain dependency information.
[15May2026 02:29:50.708] [main/DEBUG] [net.minecraftforge.fml.loading.moddiscovery.AbstractJarFileDependencyLocator/]: Failed to load resource META-INF/jarjar/metadata.json from sophisticatedcore-1.20.1-1.3.26.1759.jar, it does not contain dependency information.
[15May2026 02:29:50.708] [main/DEBUG] [net.minecraftforge.fml.loading.moddiscovery.AbstractJarFileDependencyLocator/]: Failed to load resource META-INF/jarjar/metadata.json from YungsCaveBiomes-1.20.1-Forge-2.0.5.jar, it does not contain dependency information.
[15May2026 02:29:50.708] [main/DEBUG] [net.minecraftforge.fml.loading.moddiscovery.AbstractJarFileDependencyLocator/]: Failed to load resource META-INF/jarjar/metadata.json from Placebo-1.20.1-8.6.3.jar, it does not contain dependency information.
[15May2026 02:29:50.708] [main/DEBUG] [net.minecraftforge.fml.loading.moddiscovery.AbstractJarFileDependencyLocator/]: Failed to load resource META-INF/jarjar/metadata.json from citadel-2.6.3-1.20.1.jar, it does not contain dependency information.
[15May2026 02:29:50.708] [main/DEBUG] [net.minecraftforge.fml.loading.moddiscovery.AbstractJarFileDependencyLocator/]: Failed to load resource META-INF/jarjar/metadata.json from YungsApi-1.20-Forge-4.0.6.jar, it does not contain dependency information.
[15May2026 02:29:50.708] [main/DEBUG] [net.minecraftforge.fml.loading.moddiscovery.AbstractJarFileDependencyLocator/]: Failed to load resource META-INF/jarjar/metadata.json from knightlib-forge-1.20.1-1.4.3.jar, it does not contain dependency information.
[15May2026 02:29:50.709] [main/DEBUG] [net.minecraftforge.fml.loading.moddiscovery.AbstractJarFileDependencyLocator/]: Failed to load resource META-INF/jarjar/metadata.json from sophisticatedbackpacks-1.20.1-3.24.35.1675.jar, it does not contain dependency information.
[15May2026 02:29:50.709] [main/DEBUG] [net.minecraftforge.fml.loading.moddiscovery.AbstractJarFileDependencyLocator/]: Failed to load resource META-INF/jarjar/metadata.json from epicterrain-0.2.5.jar, it does not contain dependency information.
[15May2026 02:29:50.709] [main/DEBUG] [net.minecraftforge.fml.loading.moddiscovery.AbstractJarFileDependencyLocator/]: Failed to load resource META-INF/jarjar/metadata.json from forgivingvoid-forge-1.20.1-10.0.3.jar, it does not contain dependency information.
[15May2026 02:29:50.709] [main/DEBUG] [net.minecraftforge.fml.loading.moddiscovery.AbstractJarFileDependencyLocator/]: Failed to load resource META-INF/jarjar/metadata.json from BOMD-Forge-1.20.1-1.1.2.jar, it does not contain dependency information.
[15May2026 02:29:50.709] [main/DEBUG] [net.minecraftforge.fml.loading.moddiscovery.AbstractJarFileDependencyLocator/]: Failed to load resource META-INF/jarjar/metadata.json from immersive_armors-1.7.1+1.20.1-forge.jar, it does not contain dependency information.
[15May2026 02:29:50.709] [main/DEBUG] [net.minecraftforge.fml.loading.moddiscovery.AbstractJarFileDependencyLocator/]: Failed to load resource META-INF/jarjar/metadata.json from watut-forge-1.20.1-1.2.3.jar, it does not contain dependency information.
[15May2026 02:29:50.710] [main/DEBUG] [net.minecraftforge.fml.loading.moddiscovery.AbstractJarFileDependencyLocator/]: Failed to load resource META-INF/jarjar/metadata.json from YungsBetterNetherFortresses-1.20-Forge-2.0.6.jar, it does not contain dependency information.
[15May2026 02:29:50.710] [main/DEBUG] [net.minecraftforge.fml.loading.moddiscovery.AbstractJarFileDependencyLocator/]: Failed to load resource META-INF/jarjar/metadata.json from Paraglider-forge-20.1.3.jar, it does not contain dependency information.
[15May2026 02:29:50.710] [main/DEBUG] [net.minecraftforge.fml.loading.moddiscovery.AbstractJarFileDependencyLocator/]: Failed to load resource META-INF/jarjar/metadata.json from cloth-config-11.1.136-forge.jar, it does not contain dependency information.
[15May2026 02:29:50.710] [main/DEBUG] [net.minecraftforge.fml.loading.moddiscovery.AbstractJarFileDependencyLocator/]: Failed to load resource META-INF/jarjar/metadata.json from forge-1.20.1-47.3.7-universal.jar, it does not contain dependency information.
[15May2026 02:29:50.710] [main/DEBUG] [net.minecraftforge.fml.loading.moddiscovery.AbstractJarFileDependencyLocator/]: Failed to load resource META-INF/jarjar/metadata.json from TravelersTitles-1.20-Forge-4.0.2.jar, it does not contain dependency information.
[15May2026 02:29:50.710] [main/DEBUG] [net.minecraftforge.fml.loading.moddiscovery.AbstractJarFileDependencyLocator/]: Failed to load resource META-INF/jarjar/metadata.json from uniqueaccessories-1.3.3-forge-mc1.20.1.jar, it does not contain dependency information.
[15May2026 02:29:50.711] [main/DEBUG] [net.minecraftforge.fml.loading.moddiscovery.AbstractJarFileDependencyLocator/]: Failed to load resource META-INF/jarjar/metadata.json from DungeonsArise-1.20.x-2.1.58-release.jar, it does not contain dependency information.
[15May2026 02:29:50.711] [main/DEBUG] [net.minecraftforge.fml.loading.moddiscovery.AbstractJarFileDependencyLocator/]: Failed to load resource META-INF/jarjar/metadata.json from server-1.20.1-20230612.114412-srg.jar, it does not contain dependency information.
[15May2026 02:29:50.711] [main/DEBUG] [net.minecraftforge.fml.loading.moddiscovery.AbstractJarFileDependencyLocator/]: Failed to load resource META-INF/jarjar/metadata.json from lucky-block-forge-1.20.1-13.0.jar, it does not contain dependency information.
[15May2026 02:29:50.711] [main/DEBUG] [net.minecraftforge.fml.loading.moddiscovery.AbstractJarFileDependencyLocator/]: Failed to load resource META-INF/jarjar/metadata.json from torchmaster-20.1.9.jar, it does not contain dependency information.
[15May2026 02:29:50.711] [main/DEBUG] [net.minecraftforge.fml.loading.moddiscovery.AbstractJarFileDependencyLocator/]: Failed to load resource META-INF/jarjar/metadata.json from BlockPops - Forge - 1.20.1-1.5.0.jar, it does not contain dependency information.
[15May2026 02:29:50.712] [main/DEBUG] [net.minecraftforge.fml.loading.moddiscovery.AbstractJarFileDependencyLocator/]: Failed to load resource META-INF/jarjar/metadata.json from TerraBlender-forge-1.20.1-3.0.1.10.jar, it does not contain dependency information.
[15May2026 02:29:50.712] [main/DEBUG] [net.minecraftforge.fml.loading.moddiscovery.AbstractJarFileDependencyLocator/]: Failed to load resource META-INF/jarjar/metadata.json from radiantgear-forge-2.2.0+1.20.1.jar, it does not contain dependency information.
[15May2026 02:29:50.712] [main/DEBUG] [net.minecraftforge.fml.loading.moddiscovery.AbstractJarFileDependencyLocator/]: Failed to load resource META-INF/jarjar/metadata.json from Jade-1.20.1-Forge-11.13.2.jar, it does not contain dependency information.
[15May2026 02:29:50.712] [main/DEBUG] [net.minecraftforge.fml.loading.moddiscovery.AbstractJarFileDependencyLocator/]: Failed to load resource META-INF/jarjar/metadata.json from justhammers-forge-2.0.3+mc1.20.1.jar, it does not contain dependency information.
[15May2026 02:29:50.712] [main/DEBUG] [net.minecraftforge.fml.loading.moddiscovery.AbstractJarFileDependencyLocator/]: Failed to load resource META-INF/jarjar/metadata.json from clockwork-forge-1.20.1-1.0.2.jar, it does not contain dependency information.
[15May2026 02:29:50.712] [main/DEBUG] [net.minecraftforge.fml.loading.moddiscovery.AbstractJarFileDependencyLocator/]: Failed to load resource META-INF/jarjar/metadata.json from knightquest-forge-1.20.1-1.9.3.jar, it does not contain dependency information.
[15May2026 02:29:50.713] [main/DEBUG] [net.minecraftforge.fml.loading.moddiscovery.AbstractJarFileDependencyLocator/]: Failed to load resource META-INF/jarjar/metadata.json from resourcefulconfig-forge-1.20.1-2.1.3.jar, it does not contain dependency information.
[15May2026 02:29:50.713] [main/DEBUG] [net.minecraftforge.fml.loading.moddiscovery.AbstractJarFileDependencyLocator/]: Failed to load resource META-INF/jarjar/metadata.json from born_in_chaos_[Forge]1.20.1_1.7.5.jar, it does not contain dependency information.
[15May2026 02:29:50.713] [main/DEBUG] [net.minecraftforge.fml.loading.moddiscovery.AbstractJarFileDependencyLocator/]: Failed to load resource META-INF/jarjar/metadata.json from curiouslanterns-1.20.1-1.3.7.jar, it does not contain dependency information.
[15May2026 02:29:50.713] [main/DEBUG] [net.minecraftforge.fml.loading.moddiscovery.AbstractJarFileDependencyLocator/]: Failed to load resource META-INF/jarjar/metadata.json from Ribbits-1.20.1-Forge-3.0.5.jar, it does not contain dependency information.
[15May2026 02:29:50.713] [main/DEBUG] [net.minecraftforge.fml.loading.moddiscovery.AbstractJarFileDependencyLocator/]: Failed to load resource META-INF/jarjar/metadata.json from curios-forge-5.14.1+1.20.1.jar, it does not contain dependency information.
[15May2026 02:29:50.714] [main/DEBUG] [net.minecraftforge.fml.loading.moddiscovery.AbstractJarFileDependencyLocator/]: Failed to load resource META-INF/jarjar/metadata.json from CerbonsAPI-Forge-1.20.1-1.1.0.jar, it does not contain dependency information.
[15May2026 02:29:50.714] [main/DEBUG] [net.minecraftforge.fml.loading.moddiscovery.AbstractJarFileDependencyLocator/]: Failed to load resource META-INF/jarjar/metadata.json from brainrotprotocol-1.1.0-forge-1.20.1.jar, it does not contain dependency information.
[15May2026 02:29:50.714] [main/DEBUG] [net.minecraftforge.fml.loading.moddiscovery.AbstractJarFileDependencyLocator/]: Failed to load resource META-INF/jarjar/metadata.json from [1.20.1] SecurityCraft v1.10.1.jar, it does not contain dependency information.
[15May2026 02:29:50.714] [main/DEBUG] [net.minecraftforge.fml.loading.moddiscovery.AbstractJarFileDependencyLocator/]: Failed to load resource META-INF/jarjar/metadata.json from Armor of the Ages-forge-1.20.1-1.3.14.jar, it does not contain dependency information.
[15May2026 02:29:50.714] [main/DEBUG] [net.minecraftforge.fml.loading.moddiscovery.AbstractJarFileDependencyLocator/]: Failed to load resource META-INF/jarjar/metadata.json from ApothicAttributes-1.20.1-1.3.7.jar, it does not contain dependency information.
[15May2026 02:29:50.714] [main/DEBUG] [net.minecraftforge.fml.loading.moddiscovery.AbstractJarFileDependencyLocator/]: Failed to load resource META-INF/jarjar/metadata.json from tombstone-1.20.1-9.0.10.jar, it does not contain dependency information.
[15May2026 02:29:50.714] [main/DEBUG] [net.minecraftforge.fml.loading.moddiscovery.AbstractJarFileDependencyLocator/]: Failed to load resource META-INF/jarjar/metadata.json from Opposing-Force-1.20.1-2.0.3.jar, it does not contain dependency information.
[15May2026 02:29:50.715] [main/DEBUG] [net.minecraftforge.fml.loading.moddiscovery.AbstractJarFileDependencyLocator/]: Failed to load resource META-INF/jarjar/metadata.json from Atlas Lib-1.20.1-1.1.12.jar, it does not contain dependency information.
[15May2026 02:29:50.715] [main/DEBUG] [net.minecraftforge.fml.loading.moddiscovery.AbstractJarFileDependencyLocator/]: Failed to load resource META-INF/jarjar/metadata.json from coroutil-forge-1.20.1-1.3.7.jar, it does not contain dependency information.
[15May2026 02:29:50.715] [main/DEBUG] [net.minecraftforge.fml.loading.moddiscovery.AbstractJarFileDependencyLocator/]: Failed to load resource META-INF/jarjar/metadata.json from architectury-9.2.14-forge.jar, it does not contain dependency information.
[15May2026 02:29:50.715] [main/DEBUG] [net.minecraftforge.fml.loading.moddiscovery.AbstractJarFileDependencyLocator/]: Failed to load resource META-INF/jarjar/metadata.json from refurbished_furniture-forge-1.20.1-1.0.20.jar, it does not contain dependency information.
[15May2026 02:29:50.715] [main/DEBUG] [net.minecraftforge.fml.loading.moddiscovery.AbstractJarFileDependencyLocator/]: Failed to load resource META-INF/jarjar/metadata.json from JadeAddons-1.20.1-Forge-5.5.0.jar, it does not contain dependency information.
[15May2026 02:29:50.715] [main/DEBUG] [net.minecraftforge.fml.loading.moddiscovery.AbstractJarFileDependencyLocator/]: Failed to load resource META-INF/jarjar/metadata.json from framework-forge-1.20.1-0.8.0.jar, it does not contain dependency information.
[15May2026 02:29:50.716] [main/DEBUG] [net.minecraftforge.fml.loading.moddiscovery.AbstractJarFileDependencyLocator/]: Failed to load resource META-INF/jarjar/metadata.json from FallingTree-1.20.1-4.3.4.jar, it does not contain dependency information.
[15May2026 02:29:50.716] [main/DEBUG] [net.minecraftforge.fml.loading.moddiscovery.AbstractJarFileDependencyLocator/]: Failed to load resource META-INF/jarjar/metadata.json from mclanguage-1.20.1-47.3.7.jar, it does not contain dependency information.
[15May2026 02:29:50.716] [main/DEBUG] [net.minecraftforge.fml.loading.moddiscovery.AbstractJarFileDependencyLocator/]: Failed to load resource META-INF/jarjar/metadata.json from javafmllanguage-1.20.1-47.3.7.jar, it does not contain dependency information.
[15May2026 02:29:50.716] [main/DEBUG] [net.minecraftforge.fml.loading.moddiscovery.AbstractJarFileDependencyLocator/]: Failed to load resource META-INF/jarjar/metadata.json from fmlcore-1.20.1-47.3.7.jar, it does not contain dependency information.
[15May2026 02:29:50.716] [main/DEBUG] [net.minecraftforge.fml.loading.moddiscovery.AbstractJarFileDependencyLocator/]: Failed to load resource META-INF/jarjar/metadata.json from lowcodelanguage-1.20.1-47.3.7.jar, it does not contain dependency information.
[15May2026 02:29:51.311] [main/DEBUG] [net.minecraftforge.fml.loading.moddiscovery.ModFileParser/LOADING]: Considering mod file candidate 
[15May2026 02:29:51.312] [main/DEBUG] [net.minecraftforge.fml.loading.moddiscovery.ModFileInfo/LOADING]: Found valid mod file mixinextras-forge-0.4.1.jar with {mixinextras} mods - versions {0.4.1}
[15May2026 02:29:51.314] [main/DEBUG] [net.minecraftforge.fml.loading.moddiscovery.ModFileParser/LOADING]: Considering mod file candidate 
[15May2026 02:29:51.315] [main/DEBUG] [net.minecraftforge.fml.loading.moddiscovery.ModFileInfo/LOADING]: Found valid mod file multikulti-registrate-forge-1.20.1-1.1.5.jar with {multikulti_registrate} mods - versions {1.20.1-1.1.5}
[15May2026 02:29:51.319] [main/DEBUG] [net.minecraftforge.fml.loading.moddiscovery.ModFileParser/LOADING]: Considering mod file candidate 
[15May2026 02:29:51.320] [main/DEBUG] [net.minecraftforge.fml.loading.moddiscovery.ModFileInfo/LOADING]: Found valid mod file hats-forge-1.20.1-1.2.4.jar with {galena_hats} mods - versions {1.20.1-1.2.4}
[15May2026 02:29:51.328] [main/DEBUG] [net.minecraftforge.fml.loading.moddiscovery.ModFileParser/LOADING]: Considering mod file candidate 
[15May2026 02:29:51.329] [main/DEBUG] [net.minecraftforge.fml.loading.moddiscovery.ModFileInfo/LOADING]: Found valid mod file multikulti-core-forge-1.20.1-1.1.5.jar with {multikulti_core} mods - versions {1.20.1-1.1.5}
[15May2026 02:29:51.332] [main/DEBUG] [net.minecraftforge.fml.loading.moddiscovery.ModFileParser/LOADING]: Considering mod file candidate 
[15May2026 02:29:51.333] [main/DEBUG] [net.minecraftforge.fml.loading.moddiscovery.ModFileInfo/LOADING]: Found valid mod file mixinextras-forge-0.2.0.jar with {mixinextras} mods - versions {0.2.0}
[15May2026 02:29:51.334] [main/DEBUG] [net.minecraftforge.fml.loading.moddiscovery.ModFileParser/LOADING]: Considering mod file candidate 
[15May2026 02:29:51.335] [main/DEBUG] [net.minecraftforge.fml.loading.moddiscovery.ModFileInfo/LOADING]: Found valid mod file mixinextras-forge-0.2.0-beta.6.jar with {mixinextras} mods - versions {0.2.0-beta.6}
[15May2026 02:29:51.339] [main/DEBUG] [net.minecraftforge.fml.loading.moddiscovery.ModFileParser/LOADING]: Considering mod file candidate 
[15May2026 02:29:51.340] [main/DEBUG] [net.minecraftforge.fml.loading.moddiscovery.ModFileInfo/LOADING]: Found valid mod file mixinextras-forge-0.4.1.jar with {mixinextras} mods - versions {0.4.1}
[15May2026 02:29:51.368] [main/DEBUG] [net.minecraftforge.fml.loading.moddiscovery.ModFileParser/LOADING]: Considering mod file candidate 
[15May2026 02:29:51.369] [main/DEBUG] [net.minecraftforge.fml.loading.moddiscovery.ModFileInfo/LOADING]: Found valid mod file resourcefullib-forge-1.20.1-2.1.20.jar with {resourcefullib} mods - versions {2.1.20}
[15May2026 02:29:51.371] [main/DEBUG] [net.minecraftforge.fml.loading.moddiscovery.ModFileParser/LOADING]: Considering mod file candidate 
[15May2026 02:29:51.371] [main/DEBUG] [net.minecraftforge.fml.loading.moddiscovery.ModFileInfo/LOADING]: Found valid mod file kuma-api-forge-20.1.12+1.20.1.jar with {kuma_api} mods - versions {20.1.12}
[15May2026 02:29:51.382] [main/DEBUG] [net.minecraftforge.fml.loading.moddiscovery.ModFileParser/LOADING]: Considering mod file candidate 
[15May2026 02:29:51.383] [main/DEBUG] [net.minecraftforge.fml.loading.moddiscovery.ModFileInfo/LOADING]: Found valid mod file xaerolib-forge-1.20.1-1.1.0.jar with {xaerolib} mods - versions {1.1.0}
[15May2026 02:29:51.478] [main/DEBUG] [net.minecraftforge.fml.loading.moddiscovery.ModFileParser/LOADING]: Considering mod file candidate 
[15May2026 02:29:51.479] [main/DEBUG] [net.minecraftforge.fml.loading.moddiscovery.ModFileInfo/LOADING]: Found valid mod file mixinextras-forge-0.3.6.jar with {mixinextras} mods - versions {0.3.6}
[15May2026 02:29:51.502] [main/DEBUG] [net.minecraftforge.fml.loading.moddiscovery.ModFileParser/LOADING]: Considering mod file candidate 
[15May2026 02:29:51.502] [main/DEBUG] [net.minecraftforge.fml.loading.moddiscovery.ModFileInfo/LOADING]: Found valid mod file mixinextras-forge-0.3.5.jar with {mixinextras} mods - versions {0.3.5}
[15May2026 02:29:51.505] [main/DEBUG] [net.minecraftforge.fml.loading.moddiscovery.ModFileParser/LOADING]: Considering mod file candidate 
[15May2026 02:29:51.506] [main/DEBUG] [net.minecraftforge.fml.loading.moddiscovery.ModFileInfo/LOADING]: Found valid mod file puzzlesaccessapi-forge-20.1.1.jar with {puzzlesaccessapi} mods - versions {20.1.1}
[15May2026 02:29:51.507] [main/DEBUG] [net.minecraftforge.fml.loading.moddiscovery.ModFileParser/LOADING]: Considering mod file candidate 
[15May2026 02:29:51.507] [main/DEBUG] [net.minecraftforge.fml.loading.moddiscovery.ModFileInfo/LOADING]: Found valid mod file mixinextras-forge-0.4.1.jar with {mixinextras} mods - versions {0.4.1}
[15May2026 02:29:51.516] [main/DEBUG] [net.minecraftforge.fml.loading.moddiscovery.ModFileParser/LOADING]: Considering mod file candidate 
[15May2026 02:29:51.517] [main/DEBUG] [net.minecraftforge.fml.loading.moddiscovery.ModFileInfo/LOADING]: Found valid mod file xaerolib-forge-1.20.1-1.1.0.jar with {xaerolib} mods - versions {1.1.0}
[15May2026 02:29:51.522] [main/DEBUG] [net.minecraftforge.fml.loading.moddiscovery.ModFileParser/LOADING]: Considering mod file candidate 
[15May2026 02:29:51.522] [main/DEBUG] [net.minecraftforge.fml.loading.moddiscovery.ModFileInfo/LOADING]: Found valid mod file kffmod-4.12.0.jar with {kotlinforforge} mods - versions {4.12.0}
[15May2026 02:29:51.530] [main/DEBUG] [net.minecraftforge.fml.loading.moddiscovery.ModFileParser/LOADING]: Considering mod file candidate 
[15May2026 02:29:51.530] [main/DEBUG] [net.minecraftforge.fml.loading.moddiscovery.ModFileInfo/LOADING]: Found valid mod file mixinextras-forge-0.4.1.jar with {mixinextras} mods - versions {0.4.1}
[15May2026 02:29:51.532] [main/DEBUG] [net.minecraftforge.fml.loading.moddiscovery.ModFileParser/LOADING]: Considering mod file candidate 
[15May2026 02:29:51.532] [main/DEBUG] [net.minecraftforge.fml.loading.moddiscovery.ModFileInfo/LOADING]: Found valid mod file mixinextras-forge-0.4.1.jar with {mixinextras} mods - versions {0.4.1}
[15May2026 02:29:51.532] [main/DEBUG] [net.minecraftforge.fml.loading.moddiscovery.AbstractJarFileDependencyLocator/]: Failed to load resource META-INF/jarjar/metadata.json from Registrate-MC1.20-1.3.3.jar, it does not contain dependency information.
[15May2026 02:29:51.532] [main/DEBUG] [net.minecraftforge.fml.loading.moddiscovery.AbstractJarFileDependencyLocator/]: Failed to load resource META-INF/jarjar/metadata.json from multikulti-core-forge-1.20.1-1.1.5.jar, it does not contain dependency information.
[15May2026 02:29:51.540] [main/DEBUG] [net.minecraftforge.fml.loading.moddiscovery.AbstractJarFileDependencyLocator/]: Failed to load resource META-INF/jarjar/metadata.json from mclib-20.jar, it does not contain dependency information.
[15May2026 02:29:51.546] [main/DEBUG] [net.minecraftforge.fml.loading.moddiscovery.AbstractJarFileDependencyLocator/]: Failed to load resource META-INF/jarjar/metadata.json from webp4j-1.3.0.jar, it does not contain dependency information.
[15May2026 02:29:51.546] [main/DEBUG] [net.minecraftforge.fml.loading.moddiscovery.AbstractJarFileDependencyLocator/]: Failed to load resource META-INF/jarjar/metadata.json from MathParser.org-mXparser-5.2.1.jar, it does not contain dependency information.
[15May2026 02:29:51.550] [main/DEBUG] [net.minecraftforge.fml.loading.moddiscovery.AbstractJarFileDependencyLocator/]: Failed to load resource META-INF/jarjar/metadata.json from kuma-api-forge-20.1.12+1.20.1.jar, it does not contain dependency information.
[15May2026 02:29:51.550] [main/DEBUG] [net.minecraftforge.fml.loading.moddiscovery.AbstractJarFileDependencyLocator/]: Failed to load resource META-INF/jarjar/metadata.json from xaerolib-forge-1.20.1-1.1.0.jar, it does not contain dependency information.
[15May2026 02:29:51.550] [main/DEBUG] [net.minecraftforge.fml.loading.moddiscovery.AbstractJarFileDependencyLocator/]: Failed to load resource META-INF/jarjar/metadata.json from commons-math3-3.6.1.jar, it does not contain dependency information.
[15May2026 02:29:51.550] [main/DEBUG] [net.minecraftforge.fml.loading.moddiscovery.AbstractJarFileDependencyLocator/]: Failed to load resource META-INF/jarjar/metadata.json from luaj-core-3.0.8-figura.jar, it does not contain dependency information.
[15May2026 02:29:51.550] [main/DEBUG] [net.minecraftforge.fml.loading.moddiscovery.AbstractJarFileDependencyLocator/]: Failed to load resource META-INF/jarjar/metadata.json from luaj-jse-3.0.8-figura.jar, it does not contain dependency information.
[15May2026 02:29:51.551] [main/DEBUG] [net.minecraftforge.fml.loading.moddiscovery.AbstractJarFileDependencyLocator/]: Failed to load resource META-INF/jarjar/metadata.json from bcel-6.6.1.jar, it does not contain dependency information.
[15May2026 02:29:51.556] [main/DEBUG] [net.minecraftforge.fml.loading.moddiscovery.AbstractJarFileDependencyLocator/]: Failed to load resource META-INF/jarjar/metadata.json from common-image-3.12.0.jar, it does not contain dependency information.
[15May2026 02:29:51.556] [main/DEBUG] [net.minecraftforge.fml.loading.moddiscovery.AbstractJarFileDependencyLocator/]: Failed to load resource META-INF/jarjar/metadata.json from common-io-3.12.0.jar, it does not contain dependency information.
[15May2026 02:29:51.556] [main/DEBUG] [net.minecraftforge.fml.loading.moddiscovery.AbstractJarFileDependencyLocator/]: Failed to load resource META-INF/jarjar/metadata.json from common-lang-3.12.0.jar, it does not contain dependency information.
[15May2026 02:29:51.556] [main/DEBUG] [net.minecraftforge.fml.loading.moddiscovery.AbstractJarFileDependencyLocator/]: Failed to load resource META-INF/jarjar/metadata.json from imageio-core-3.12.0.jar, it does not contain dependency information.
[15May2026 02:29:51.556] [main/DEBUG] [net.minecraftforge.fml.loading.moddiscovery.AbstractJarFileDependencyLocator/]: Failed to load resource META-INF/jarjar/metadata.json from imageio-metadata-3.12.0.jar, it does not contain dependency information.
[15May2026 02:29:51.556] [main/DEBUG] [net.minecraftforge.fml.loading.moddiscovery.AbstractJarFileDependencyLocator/]: Failed to load resource META-INF/jarjar/metadata.json from imageio-webp-3.12.0.jar, it does not contain dependency information.
[15May2026 02:29:51.556] [main/DEBUG] [net.minecraftforge.fml.loading.moddiscovery.AbstractJarFileDependencyLocator/]: Failed to load resource META-INF/jarjar/metadata.json from gson-0.2.1.jar, it does not contain dependency information.
[15May2026 02:29:51.557] [main/DEBUG] [net.minecraftforge.fml.loading.moddiscovery.AbstractJarFileDependencyLocator/]: Failed to load resource META-INF/jarjar/metadata.json from json-0.2.1.jar, it does not contain dependency information.
[15May2026 02:29:51.561] [main/DEBUG] [net.minecraftforge.fml.loading.moddiscovery.AbstractJarFileDependencyLocator/]: Failed to load resource META-INF/jarjar/metadata.json from puzzlesaccessapi-forge-20.1.1.jar, it does not contain dependency information.
[15May2026 02:29:51.567] [main/DEBUG] [net.minecraftforge.fml.loading.moddiscovery.AbstractJarFileDependencyLocator/]: Failed to load resource META-INF/jarjar/metadata.json from xaerolib-forge-1.20.1-1.1.0.jar, it does not contain dependency information.
[15May2026 02:29:51.567] [main/DEBUG] [net.minecraftforge.fml.loading.moddiscovery.AbstractJarFileDependencyLocator/]: Failed to load resource META-INF/jarjar/metadata.json from kfflang-4.12.0.jar, it does not contain dependency information.
[15May2026 02:29:51.567] [main/DEBUG] [net.minecraftforge.fml.loading.moddiscovery.AbstractJarFileDependencyLocator/]: Failed to load resource META-INF/jarjar/metadata.json from kfflib-4.12.0.jar, it does not contain dependency information.
[15May2026 02:29:51.567] [main/DEBUG] [net.minecraftforge.fml.loading.moddiscovery.AbstractJarFileDependencyLocator/]: Failed to load resource META-INF/jarjar/metadata.json from kffmod-4.12.0.jar, it does not contain dependency information.
[15May2026 02:29:51.567] [main/DEBUG] [net.minecraftforge.fml.loading.moddiscovery.AbstractJarFileDependencyLocator/]: Failed to load resource META-INF/jarjar/metadata.json from MixinExtras-0.4.1.jar, it does not contain dependency information.
[15May2026 02:29:51.579] [main/DEBUG] [net.minecraftforge.fml.loading.moddiscovery.AbstractJarFileDependencyLocator/]: Failed to load resource META-INF/jarjar/metadata.json from MixinExtras-0.2.0.jar, it does not contain dependency information.
[15May2026 02:29:51.579] [main/DEBUG] [net.minecraftforge.fml.loading.moddiscovery.AbstractJarFileDependencyLocator/]: Failed to load resource META-INF/jarjar/metadata.json from MixinExtras-0.2.0-beta.6.jar, it does not contain dependency information.
[15May2026 02:29:51.579] [main/DEBUG] [net.minecraftforge.fml.loading.moddiscovery.AbstractJarFileDependencyLocator/]: Failed to load resource META-INF/jarjar/metadata.json from MixinExtras-0.4.1.jar, it does not contain dependency information.
[15May2026 02:29:51.579] [main/DEBUG] [net.minecraftforge.fml.loading.moddiscovery.AbstractJarFileDependencyLocator/]: Failed to load resource META-INF/jarjar/metadata.json from yabn-1.0.3.jar, it does not contain dependency information.
[15May2026 02:29:51.579] [main/DEBUG] [net.minecraftforge.fml.loading.moddiscovery.AbstractJarFileDependencyLocator/]: Failed to load resource META-INF/jarjar/metadata.json from bytecodecs-1.0.2.jar, it does not contain dependency information.
[15May2026 02:29:51.579] [main/DEBUG] [net.minecraftforge.fml.loading.moddiscovery.AbstractJarFileDependencyLocator/]: Failed to load resource META-INF/jarjar/metadata.json from MixinExtras-0.3.6.jar, it does not contain dependency information.
[15May2026 02:29:51.580] [main/DEBUG] [net.minecraftforge.fml.loading.moddiscovery.AbstractJarFileDependencyLocator/]: Failed to load resource META-INF/jarjar/metadata.json from MixinExtras-0.3.5.jar, it does not contain dependency information.
[15May2026 02:29:51.580] [main/DEBUG] [net.minecraftforge.fml.loading.moddiscovery.AbstractJarFileDependencyLocator/]: Failed to load resource META-INF/jarjar/metadata.json from MixinExtras-0.4.1.jar, it does not contain dependency information.
[15May2026 02:29:51.580] [main/DEBUG] [net.minecraftforge.fml.loading.moddiscovery.AbstractJarFileDependencyLocator/]: Failed to load resource META-INF/jarjar/metadata.json from MixinExtras-0.4.1.jar, it does not contain dependency information.
[15May2026 02:29:51.580] [main/DEBUG] [net.minecraftforge.fml.loading.moddiscovery.AbstractJarFileDependencyLocator/]: Failed to load resource META-INF/jarjar/metadata.json from MixinExtras-0.4.1.jar, it does not contain dependency information.
[15May2026 02:29:51.653] [main/DEBUG] [net.minecraftforge.fml.loading.moddiscovery.ModFileParser/LOADING]: Considering mod file candidate 
[15May2026 02:29:51.662] [main/DEBUG] [net.minecraftforge.fml.loading.moddiscovery.ModFileInfo/LOADING]: Found valid mod file puzzlesaccessapi-forge-20.1.1.jar with {puzzlesaccessapi} mods - versions {20.1.1}
[15May2026 02:29:51.723] [main/DEBUG] [net.minecraftforge.fml.loading.moddiscovery.ModFileParser/LOADING]: Considering mod file candidate 
[15May2026 02:29:51.723] [main/DEBUG] [net.minecraftforge.fml.loading.moddiscovery.ModFileInfo/LOADING]: Found valid mod file mixinextras-forge-0.2.0-beta.6.jar with {mixinextras} mods - versions {0.2.0-beta.6}
[15May2026 02:29:51.735] [main/DEBUG] [net.minecraftforge.fml.loading.moddiscovery.ModFileParser/LOADING]: Considering mod file candidate 
[15May2026 02:29:51.735] [main/DEBUG] [net.minecraftforge.fml.loading.moddiscovery.ModFileInfo/LOADING]: Found valid mod file xaerolib-forge-1.20.1-1.1.0.jar with {xaerolib} mods - versions {1.1.0}
[15May2026 02:29:51.751] [main/DEBUG] [net.minecraftforge.fml.loading.moddiscovery.ModFileParser/LOADING]: Considering mod file candidate 
[15May2026 02:29:51.752] [main/DEBUG] [net.minecraftforge.fml.loading.moddiscovery.ModFileInfo/LOADING]: Found valid mod file kffmod-4.12.0.jar with {kotlinforforge} mods - versions {4.12.0}
[15May2026 02:29:51.755] [main/DEBUG] [net.minecraftforge.fml.loading.moddiscovery.ModFileParser/LOADING]: Considering mod file candidate 
[15May2026 02:29:51.755] [main/DEBUG] [net.minecraftforge.fml.loading.moddiscovery.ModFileInfo/LOADING]: Found valid mod file multikulti-registrate-forge-1.20.1-1.1.5.jar with {multikulti_registrate} mods - versions {1.20.1-1.1.5}
[15May2026 02:29:51.768] [main/DEBUG] [net.minecraftforge.fml.loading.moddiscovery.ModFileParser/LOADING]: Considering mod file candidate 
[15May2026 02:29:51.768] [main/DEBUG] [net.minecraftforge.fml.loading.moddiscovery.ModFileInfo/LOADING]: Found valid mod file multikulti-core-forge-1.20.1-1.1.5.jar with {multikulti_core} mods - versions {1.20.1-1.1.5}
[15May2026 02:29:51.772] [main/DEBUG] [net.minecraftforge.fml.loading.moddiscovery.ModFileParser/LOADING]: Considering mod file candidate 
[15May2026 02:29:51.773] [main/DEBUG] [net.minecraftforge.fml.loading.moddiscovery.ModFileInfo/LOADING]: Found valid mod file hats-forge-1.20.1-1.2.4.jar with {galena_hats} mods - versions {1.20.1-1.2.4}
[15May2026 02:29:51.792] [main/DEBUG] [net.minecraftforge.fml.loading.moddiscovery.ModFileParser/LOADING]: Considering mod file candidate 
[15May2026 02:29:51.792] [main/DEBUG] [net.minecraftforge.fml.loading.moddiscovery.ModFileInfo/LOADING]: Found valid mod file mixinextras-forge-0.4.1.jar with {mixinextras} mods - versions {0.4.1}
[15May2026 02:29:51.796] [main/DEBUG] [net.minecraftforge.fml.loading.moddiscovery.ModFileParser/LOADING]: Considering mod file candidate 
[15May2026 02:29:51.796] [main/DEBUG] [net.minecraftforge.fml.loading.moddiscovery.ModFileInfo/LOADING]: Found valid mod file kuma-api-forge-20.1.12+1.20.1.jar with {kuma_api} mods - versions {20.1.12}
[15May2026 02:29:51.801] [main/DEBUG] [net.minecraftforge.fml.loading.moddiscovery.ModFileParser/LOADING]: Considering mod file candidate 
[15May2026 02:29:51.801] [main/DEBUG] [net.minecraftforge.fml.loading.moddiscovery.ModFileInfo/LOADING]: Found valid mod file resourcefullib-forge-1.20.1-2.1.20.jar with {resourcefullib} mods - versions {2.1.20}
[15May2026 02:29:51.804] [main/WARN] [net.minecraftforge.jarjar.selection.JarSelector/]: Attempted to select two dependency jars from JarJar which have the same identification: Mod File:  and Mod File: . Using Mod File: 
[15May2026 02:29:51.806] [main/INFO] [net.minecraftforge.fml.loading.moddiscovery.JarInJarDependencyLocator/]: Found 30 dependencies adding them to mods collection
[15May2026 02:29:51.808] [main/DEBUG] [net.minecraftforge.fml.loading.moddiscovery.ModFileParser/LOADING]: Considering mod file candidate 
[15May2026 02:29:51.809] [main/DEBUG] [net.minecraftforge.fml.loading.moddiscovery.ModFileInfo/LOADING]: Found valid mod file kuma-api-forge-20.1.12+1.20.1.jar with {kuma_api} mods - versions {20.1.12}
[15May2026 02:29:51.811] [main/DEBUG] [net.minecraftforge.fml.loading.moddiscovery.ModFile/LOADING]: Loading mod file  with languages [LanguageSpec[languageName=javafml, acceptedVersions=[47,)]]
[15May2026 02:29:51.812] [main/DEBUG] [net.minecraftforge.fml.loading.moddiscovery.ModFileParser/LOADING]: Considering mod file candidate /workspaces/LaIslaPepa/servidor_minecraft/mods/YungsBetterDungeons-1.20-Forge-4.0.4.jar
[15May2026 02:29:51.813] [main/DEBUG] [net.minecraftforge.fml.loading.moddiscovery.ModFileInfo/LOADING]: Found valid mod file YungsBetterDungeons-1.20-Forge-4.0.4.jar with {betterdungeons} mods - versions {1.20-Forge-4.0.4}
[15May2026 02:29:51.813] [main/DEBUG] [net.minecraftforge.fml.loading.moddiscovery.ModFile/LOADING]: Loading mod file /workspaces/LaIslaPepa/servidor_minecraft/mods/YungsBetterDungeons-1.20-Forge-4.0.4.jar with languages [LanguageSpec[languageName=javafml, acceptedVersions=[46,)]]
[15May2026 02:29:51.813] [main/DEBUG] [net.minecraftforge.fml.loading.moddiscovery.ModFileParser/LOADING]: Considering mod file candidate /workspaces/LaIslaPepa/servidor_minecraft/mods/alexsmobs-1.22.9.jar
[15May2026 02:29:51.813] [main/DEBUG] [net.minecraftforge.fml.loading.moddiscovery.ModFileInfo/LOADING]: Found valid mod file alexsmobs-1.22.9.jar with {alexsmobs} mods - versions {1.22.9}
[15May2026 02:29:51.814] [main/DEBUG] [net.minecraftforge.fml.loading.moddiscovery.ModFile/LOADING]: Loading mod file /workspaces/LaIslaPepa/servidor_minecraft/mods/alexsmobs-1.22.9.jar with languages [LanguageSpec[languageName=javafml, acceptedVersions=[46,)]]
[15May2026 02:29:51.814] [main/DEBUG] [net.minecraftforge.fml.loading.moddiscovery.ModFileParser/LOADING]: Considering mod file candidate /workspaces/LaIslaPepa/servidor_minecraft/mods/geckolib-forge-1.20.1-4.8.3.jar
[15May2026 02:29:51.814] [main/DEBUG] [net.minecraftforge.fml.loading.moddiscovery.ModFileInfo/LOADING]: Found valid mod file geckolib-forge-1.20.1-4.8.3.jar with {geckolib} mods - versions {4.8.3}
[15May2026 02:29:51.814] [main/DEBUG] [net.minecraftforge.fml.loading.moddiscovery.ModFile/LOADING]: Loading mod file /workspaces/LaIslaPepa/servidor_minecraft/mods/geckolib-forge-1.20.1-4.8.3.jar with languages [LanguageSpec[languageName=javafml, acceptedVersions=[47,)]]
[15May2026 02:29:51.815] [main/DEBUG] [net.minecraftforge.fml.loading.moddiscovery.ModFileParser/LOADING]: Considering mod file candidate /workspaces/LaIslaPepa/servidor_minecraft/mods/IllagerInvasion-v8.0.7-1.20.1-Forge.jar
[15May2026 02:29:51.815] [main/DEBUG] [net.minecraftforge.fml.loading.moddiscovery.ModFileInfo/LOADING]: Found valid mod file IllagerInvasion-v8.0.7-1.20.1-Forge.jar with {illagerinvasion} mods - versions {8.0.7}
[15May2026 02:29:51.815] [main/DEBUG] [net.minecraftforge.fml.loading.moddiscovery.ModFile/LOADING]: Loading mod file /workspaces/LaIslaPepa/servidor_minecraft/mods/IllagerInvasion-v8.0.7-1.20.1-Forge.jar with languages [LanguageSpec[languageName=javafml, acceptedVersions=[47,)]]
[15May2026 02:29:51.816] [main/DEBUG] [net.minecraftforge.fml.loading.moddiscovery.ModFileParser/LOADING]: Considering mod file candidate /workspaces/LaIslaPepa/servidor_minecraft/mods/dynamiclights-1.20.1.2.jar
[15May2026 02:29:51.816] [main/DEBUG] [net.minecraftforge.fml.loading.moddiscovery.ModFileInfo/LOADING]: Found valid mod file dynamiclights-1.20.1.2.jar with {dynamiclights} mods - versions {1.20.1.2}
[15May2026 02:29:51.816] [main/DEBUG] [net.minecraftforge.fml.loading.moddiscovery.ModFile/LOADING]: Loading mod file /workspaces/LaIslaPepa/servidor_minecraft/mods/dynamiclights-1.20.1.2.jar with languages [LanguageSpec[languageName=javafml, acceptedVersions=[37,)]]
[15May2026 02:29:51.816] [main/DEBUG] [net.minecraftforge.fml.loading.moddiscovery.ModFileParser/LOADING]: Considering mod file candidate /workspaces/LaIslaPepa/servidor_minecraft/mods/immersive_aircraft-1.4.0+1.20.1-forge.jar
[15May2026 02:29:51.817] [main/DEBUG] [net.minecraftforge.fml.loading.moddiscovery.ModFileInfo/LOADING]: Found valid mod file immersive_aircraft-1.4.0+1.20.1-forge.jar with {immersive_aircraft} mods - versions {1.4.0+1.20.1}
[15May2026 02:29:51.817] [main/DEBUG] [net.minecraftforge.fml.loading.moddiscovery.ModFile/LOADING]: Loading mod file /workspaces/LaIslaPepa/servidor_minecraft/mods/immersive_aircraft-1.4.0+1.20.1-forge.jar with languages [LanguageSpec[languageName=javafml, acceptedVersions=[47,)]]
[15May2026 02:29:51.817] [main/DEBUG] [net.minecraftforge.fml.loading.moddiscovery.ModFileParser/LOADING]: Considering mod file candidate /workspaces/LaIslaPepa/servidor_minecraft/mods/sophisticatedcore-1.20.1-1.3.26.1759.jar
[15May2026 02:29:51.818] [main/DEBUG] [net.minecraftforge.fml.loading.moddiscovery.ModFileInfo/LOADING]: Found valid mod file sophisticatedcore-1.20.1-1.3.26.1759.jar with {sophisticatedcore} mods - versions {1.3.26.1759}
[15May2026 02:29:51.818] [main/DEBUG] [net.minecraftforge.fml.loading.moddiscovery.ModFile/LOADING]: Loading mod file /workspaces/LaIslaPepa/servidor_minecraft/mods/sophisticatedcore-1.20.1-1.3.26.1759.jar with languages [LanguageSpec[languageName=javafml, acceptedVersions=[47,)]]
[15May2026 02:29:51.818] [main/DEBUG] [net.minecraftforge.fml.loading.moddiscovery.ModFileParser/LOADING]: Considering mod file candidate /workspaces/LaIslaPepa/servidor_minecraft/mods/xaeroworldmap-forge-1.20.1-1.40.11.jar
[15May2026 02:29:51.819] [main/DEBUG] [net.minecraftforge.fml.loading.moddiscovery.ModFileInfo/LOADING]: Found valid mod file xaeroworldmap-forge-1.20.1-1.40.11.jar with {xaeroworldmap} mods - versions {1.40.11}
[15May2026 02:29:51.819] [main/DEBUG] [net.minecraftforge.fml.loading.moddiscovery.ModFile/LOADING]: Loading mod file /workspaces/LaIslaPepa/servidor_minecraft/mods/xaeroworldmap-forge-1.20.1-1.40.11.jar with languages [LanguageSpec[languageName=javafml, acceptedVersions=[46,48)]]
[15May2026 02:29:51.821] [main/DEBUG] [net.minecraftforge.fml.loading.moddiscovery.ModFileParser/LOADING]: Found coremod xaeroworldmap_core with Javascript path META-INF/xaeroworldmap_core.js
[15May2026 02:29:51.821] [main/DEBUG] [net.minecraftforge.fml.loading.moddiscovery.ModFile/LOADING]: Found coremod META-INF/xaeroworldmap_core.js
[15May2026 02:29:51.822] [main/DEBUG] [net.minecraftforge.fml.loading.moddiscovery.ModFileParser/LOADING]: Considering mod file candidate /workspaces/LaIslaPepa/servidor_minecraft/mods/citadel-2.6.3-1.20.1.jar
[15May2026 02:29:51.822] [main/DEBUG] [net.minecraftforge.fml.loading.moddiscovery.ModFileInfo/LOADING]: Found valid mod file citadel-2.6.3-1.20.1.jar with {citadel} mods - versions {2.6.3}
[15May2026 02:29:51.822] [main/DEBUG] [net.minecraftforge.fml.loading.moddiscovery.ModFile/LOADING]: Loading mod file /workspaces/LaIslaPepa/servidor_minecraft/mods/citadel-2.6.3-1.20.1.jar with languages [LanguageSpec[languageName=javafml, acceptedVersions=[47,)]]
[15May2026 02:29:51.823] [main/DEBUG] [net.minecraftforge.fml.loading.moddiscovery.ModFileParser/LOADING]: Considering mod file candidate /workspaces/LaIslaPepa/servidor_minecraft/mods/Placebo-1.20.1-8.6.3.jar
[15May2026 02:29:51.823] [main/DEBUG] [net.minecraftforge.fml.loading.moddiscovery.ModFileInfo/LOADING]: Found valid mod file Placebo-1.20.1-8.6.3.jar with {placebo} mods - versions {8.6.3}
[15May2026 02:29:51.823] [main/DEBUG] [net.minecraftforge.fml.loading.moddiscovery.ModFile/LOADING]: Loading mod file /workspaces/LaIslaPepa/servidor_minecraft/mods/Placebo-1.20.1-8.6.3.jar with languages [LanguageSpec[languageName=javafml, acceptedVersions=[32,)]]
[15May2026 02:29:51.824] [main/DEBUG] [net.minecraftforge.fml.loading.moddiscovery.ModFileParser/LOADING]: Found coremod placebo_get_ench_level_event with Javascript path coremods/get_ench_level_event.js
[15May2026 02:29:51.824] [main/DEBUG] [net.minecraftforge.fml.loading.moddiscovery.ModFileParser/LOADING]: Found coremod placebo_get_ench_level_event_specific with Javascript path coremods/get_ench_level_event_specific.js
[15May2026 02:29:51.824] [main/DEBUG] [net.minecraftforge.fml.loading.moddiscovery.ModFile/LOADING]: Found coremod coremods/get_ench_level_event.js
[15May2026 02:29:51.824] [main/DEBUG] [net.minecraftforge.fml.loading.moddiscovery.ModFile/LOADING]: Found coremod coremods/get_ench_level_event_specific.js
[15May2026 02:29:51.824] [main/DEBUG] [net.minecraftforge.fml.loading.moddiscovery.ModFileParser/LOADING]: Considering mod file candidate /workspaces/LaIslaPepa/servidor_minecraft/mods/YungsApi-1.20-Forge-4.0.6.jar
[15May2026 02:29:51.825] [main/DEBUG] [net.minecraftforge.fml.loading.moddiscovery.ModFileInfo/LOADING]: Found valid mod file YungsApi-1.20-Forge-4.0.6.jar with {yungsapi} mods - versions {1.20-Forge-4.0.6}
[15May2026 02:29:51.825] [main/DEBUG] [net.minecraftforge.fml.loading.moddiscovery.ModFile/LOADING]: Loading mod file /workspaces/LaIslaPepa/servidor_minecraft/mods/YungsApi-1.20-Forge-4.0.6.jar with languages [LanguageSpec[languageName=javafml, acceptedVersions=[46,)]]
[15May2026 02:29:51.825] [main/DEBUG] [net.minecraftforge.fml.loading.moddiscovery.ModFileParser/LOADING]: Considering mod file candidate /workspaces/LaIslaPepa/servidor_minecraft/mods/sophisticatedbackpacks-1.20.1-3.24.35.1675.jar
[15May2026 02:29:51.826] [main/DEBUG] [net.minecraftforge.fml.loading.moddiscovery.ModFileInfo/LOADING]: Found valid mod file sophisticatedbackpacks-1.20.1-3.24.35.1675.jar with {sophisticatedbackpacks} mods - versions {3.24.35.1675}
[15May2026 02:29:51.826] [main/DEBUG] [net.minecraftforge.fml.loading.moddiscovery.ModFile/LOADING]: Loading mod file /workspaces/LaIslaPepa/servidor_minecraft/mods/sophisticatedbackpacks-1.20.1-3.24.35.1675.jar with languages [LanguageSpec[languageName=javafml, acceptedVersions=[47,)]]
[15May2026 02:29:51.826] [main/DEBUG] [net.minecraftforge.fml.loading.moddiscovery.ModFileParser/LOADING]: Considering mod file candidate /workspaces/LaIslaPepa/servidor_minecraft/mods/forgivingvoid-forge-1.20.1-10.0.3.jar
[15May2026 02:29:51.826] [main/DEBUG] [net.minecraftforge.fml.loading.moddiscovery.ModFileInfo/LOADING]: Found valid mod file forgivingvoid-forge-1.20.1-10.0.3.jar with {forgivingvoid} mods - versions {10.0.3}
[15May2026 02:29:51.827] [main/DEBUG] [net.minecraftforge.fml.loading.moddiscovery.ModFile/LOADING]: Loading mod file /workspaces/LaIslaPepa/servidor_minecraft/mods/forgivingvoid-forge-1.20.1-10.0.3.jar with languages [LanguageSpec[languageName=javafml, acceptedVersions=[46,)]]
[15May2026 02:29:51.827] [main/DEBUG] [net.minecraftforge.fml.loading.moddiscovery.ModFileParser/LOADING]: Considering mod file candidate /workspaces/LaIslaPepa/servidor_minecraft/mods/balm-forge-1.20.1-7.3.38-all.jar
[15May2026 02:29:51.827] [main/DEBUG] [net.minecraftforge.fml.loading.moddiscovery.ModFileInfo/LOADING]: Found valid mod file balm-forge-1.20.1-7.3.38-all.jar with {balm} mods - versions {7.3.38}
[15May2026 02:29:51.827] [main/DEBUG] [net.minecraftforge.fml.loading.moddiscovery.ModFile/LOADING]: Loading mod file /workspaces/LaIslaPepa/servidor_minecraft/mods/balm-forge-1.20.1-7.3.38-all.jar with languages [LanguageSpec[languageName=javafml, acceptedVersions=[46,)]]
[15May2026 02:29:51.827] [main/DEBUG] [net.minecraftforge.fml.loading.moddiscovery.ModFileParser/LOADING]: Considering mod file candidate /workspaces/LaIslaPepa/servidor_minecraft/mods/The-Hordes-1.20.1-1.6.3e-all.jar
[15May2026 02:29:51.828] [main/DEBUG] [net.minecraftforge.fml.loading.moddiscovery.ModFileInfo/LOADING]: Found valid mod file The-Hordes-1.20.1-1.6.3e-all.jar with {hordes} mods - versions {1.6.3e}
[15May2026 02:29:51.828] [main/DEBUG] [net.minecraftforge.fml.loading.moddiscovery.ModFile/LOADING]: Loading mod file /workspaces/LaIslaPepa/servidor_minecraft/mods/The-Hordes-1.20.1-1.6.3e-all.jar with languages [LanguageSpec[languageName=javafml, acceptedVersions=[34,)]]
[15May2026 02:29:51.828] [main/DEBUG] [net.minecraftforge.fml.loading.moddiscovery.ModFileParser/LOADING]: Considering mod file candidate /workspaces/LaIslaPepa/servidor_minecraft/mods/carryon-forge-1.20.1-2.1.2.7.jar
[15May2026 02:29:51.829] [main/DEBUG] [net.minecraftforge.fml.loading.moddiscovery.ModFileInfo/LOADING]: Found valid mod file carryon-forge-1.20.1-2.1.2.7.jar with {carryon} mods - versions {2.1.2.7}
[15May2026 02:29:51.829] [main/DEBUG] [net.minecraftforge.fml.loading.moddiscovery.ModFile/LOADING]: Loading mod file /workspaces/LaIslaPepa/servidor_minecraft/mods/carryon-forge-1.20.1-2.1.2.7.jar with languages [LanguageSpec[languageName=javafml, acceptedVersions=[46,)]]
[15May2026 02:29:51.829] [main/DEBUG] [net.minecraftforge.fml.loading.moddiscovery.ModFileParser/LOADING]: Considering mod file candidate /workspaces/LaIslaPepa/servidor_minecraft/mods/immersive_armors-1.7.1+1.20.1-forge.jar
[15May2026 02:29:51.830] [main/DEBUG] [net.minecraftforge.fml.loading.moddiscovery.ModFileInfo/LOADING]: Found valid mod file immersive_armors-1.7.1+1.20.1-forge.jar with {immersive_armors} mods - versions {1.7.1+1.20.1}
[15May2026 02:29:51.830] [main/DEBUG] [net.minecraftforge.fml.loading.moddiscovery.ModFile/LOADING]: Loading mod file /workspaces/LaIslaPepa/servidor_minecraft/mods/immersive_armors-1.7.1+1.20.1-forge.jar with languages [LanguageSpec[languageName=javafml, acceptedVersions=[47,)]]
[15May2026 02:29:51.830] [main/DEBUG] [net.minecraftforge.fml.loading.moddiscovery.ModFileParser/LOADING]: Considering mod file candidate /workspaces/LaIslaPepa/servidor_minecraft/mods/cloth-config-11.1.136-forge.jar
[15May2026 02:29:51.830] [main/DEBUG] [net.minecraftforge.fml.loading.moddiscovery.ModFileInfo/LOADING]: Found valid mod file cloth-config-11.1.136-forge.jar with {cloth_config} mods - versions {11.1.136}
[15May2026 02:29:51.831] [main/DEBUG] [net.minecraftforge.fml.loading.moddiscovery.ModFile/LOADING]: Loading mod file /workspaces/LaIslaPepa/servidor_minecraft/mods/cloth-config-11.1.136-forge.jar with languages [LanguageSpec[languageName=javafml, acceptedVersions=[34,)]]
[15May2026 02:29:51.831] [main/DEBUG] [net.minecraftforge.fml.loading.moddiscovery.ModFileParser/LOADING]: Considering mod file candidate /workspaces/LaIslaPepa/servidor_minecraft/mods/Paraglider-forge-20.1.3.jar
[15May2026 02:29:51.831] [main/DEBUG] [net.minecraftforge.fml.loading.moddiscovery.ModFileInfo/LOADING]: Found valid mod file Paraglider-forge-20.1.3.jar with {paraglider} mods - versions {20.1.3}
[15May2026 02:29:51.831] [main/DEBUG] [net.minecraftforge.fml.loading.moddiscovery.ModFile/LOADING]: Loading mod file /workspaces/LaIslaPepa/servidor_minecraft/mods/Paraglider-forge-20.1.3.jar with languages [LanguageSpec[languageName=javafml, acceptedVersions=[47,)]]
[15May2026 02:29:51.831] [main/DEBUG] [net.minecraftforge.fml.loading.moddiscovery.ModFileParser/LOADING]: Considering mod file candidate /workspaces/LaIslaPepa/servidor_minecraft/mods/YungsBetterNetherFortresses-1.20-Forge-2.0.6.jar
[15May2026 02:29:51.832] [main/DEBUG] [net.minecraftforge.fml.loading.moddiscovery.ModFileInfo/LOADING]: Found valid mod file YungsBetterNetherFortresses-1.20-Forge-2.0.6.jar with {betterfortresses} mods - versions {1.20-Forge-2.0.6}
[15May2026 02:29:51.832] [main/DEBUG] [net.minecraftforge.fml.loading.moddiscovery.ModFile/LOADING]: Loading mod file /workspaces/LaIslaPepa/servidor_minecraft/mods/YungsBetterNetherFortresses-1.20-Forge-2.0.6.jar with languages [LanguageSpec[languageName=javafml, acceptedVersions=[46,)]]
[15May2026 02:29:51.832] [main/DEBUG] [net.minecraftforge.fml.loading.moddiscovery.ModFileParser/LOADING]: Considering mod file candidate /workspaces/LaIslaPepa/servidor_minecraft/mods/uniqueaccessories-1.3.3-forge-mc1.20.1.jar
[15May2026 02:29:51.833] [main/DEBUG] [net.minecraftforge.fml.loading.moddiscovery.ModFileInfo/LOADING]: Found valid mod file uniqueaccessories-1.3.3-forge-mc1.20.1.jar with {uniqueaccessories} mods - versions {1.3.3}
[15May2026 02:29:51.833] [main/DEBUG] [net.minecraftforge.fml.loading.moddiscovery.ModFile/LOADING]: Loading mod file /workspaces/LaIslaPepa/servidor_minecraft/mods/uniqueaccessories-1.3.3-forge-mc1.20.1.jar with languages [LanguageSpec[languageName=javafml, acceptedVersions=[47,)]]
[15May2026 02:29:51.833] [main/DEBUG] [net.minecraftforge.fml.loading.moddiscovery.ModFileParser/LOADING]: Considering mod file candidate /workspaces/LaIslaPepa/servidor_minecraft/mods/BlockPops - Forge - 1.20.1-1.5.0.jar
[15May2026 02:29:51.834] [main/DEBUG] [net.minecraftforge.fml.loading.moddiscovery.ModFileInfo/LOADING]: Found valid mod file BlockPops - Forge - 1.20.1-1.5.0.jar with {blockpops} mods - versions {1.5.0}
[15May2026 02:29:51.834] [main/DEBUG] [net.minecraftforge.fml.loading.moddiscovery.ModFile/LOADING]: Loading mod file /workspaces/LaIslaPepa/servidor_minecraft/mods/BlockPops - Forge - 1.20.1-1.5.0.jar with languages [LanguageSpec[languageName=javafml, acceptedVersions=[0,)]]
[15May2026 02:29:51.834] [main/DEBUG] [net.minecraftforge.fml.loading.moddiscovery.ModFileParser/LOADING]: Considering mod file candidate /workspaces/LaIslaPepa/servidor_minecraft/mods/torchmaster-20.1.9.jar
[15May2026 02:29:51.834] [main/DEBUG] [net.minecraftforge.fml.loading.moddiscovery.ModFileInfo/LOADING]: Found valid mod file torchmaster-20.1.9.jar with {torchmaster} mods - versions {20.1.9}
[15May2026 02:29:51.835] [main/DEBUG] [net.minecraftforge.fml.loading.moddiscovery.ModFile/LOADING]: Loading mod file /workspaces/LaIslaPepa/servidor_minecraft/mods/torchmaster-20.1.9.jar with languages [LanguageSpec[languageName=javafml, acceptedVersions=[47,)]]
[15May2026 02:29:51.835] [main/DEBUG] [net.minecraftforge.fml.loading.moddiscovery.ModFileParser/LOADING]: Considering mod file candidate /workspaces/LaIslaPepa/servidor_minecraft/mods/clockwork-forge-1.20.1-1.0.2.jar
[15May2026 02:29:51.835] [main/DEBUG] [net.minecraftforge.fml.loading.moddiscovery.ModFileInfo/LOADING]: Found valid mod file clockwork-forge-1.20.1-1.0.2.jar with {clockwork} mods - versions {1.0.2}
[15May2026 02:29:51.835] [main/DEBUG] [net.minecraftforge.fml.loading.moddiscovery.ModFile/LOADING]: Loading mod file /workspaces/LaIslaPepa/servidor_minecraft/mods/clockwork-forge-1.20.1-1.0.2.jar with languages [LanguageSpec[languageName=javafml, acceptedVersions=[47,)]]
[15May2026 02:29:51.835] [main/DEBUG] [net.minecraftforge.fml.loading.moddiscovery.ModFileParser/LOADING]: Considering mod file candidate /workspaces/LaIslaPepa/servidor_minecraft/mods/justhammers-forge-2.0.3+mc1.20.1.jar
[15May2026 02:29:51.836] [main/DEBUG] [net.minecraftforge.fml.loading.moddiscovery.ModFileInfo/LOADING]: Found valid mod file justhammers-forge-2.0.3+mc1.20.1.jar with {justhammers} mods - versions {2.0.3+mc1.20.1}
[15May2026 02:29:51.836] [main/DEBUG] [net.minecraftforge.fml.loading.moddiscovery.ModFile/LOADING]: Loading mod file /workspaces/LaIslaPepa/servidor_minecraft/mods/justhammers-forge-2.0.3+mc1.20.1.jar with languages [LanguageSpec[languageName=javafml, acceptedVersions=[47,)]]
[15May2026 02:29:51.836] [main/DEBUG] [net.minecraftforge.fml.loading.moddiscovery.ModFileParser/LOADING]: Considering mod file candidate /workspaces/LaIslaPepa/servidor_minecraft/mods/born_in_chaos_[Forge]1.20.1_1.7.5.jar
[15May2026 02:29:51.836] [main/DEBUG] [net.minecraftforge.fml.loading.moddiscovery.ModFileInfo/LOADING]: Found valid mod file born_in_chaos_[Forge]1.20.1_1.7.5.jar with {born_in_chaos_v1} mods - versions {1.7.5}
[15May2026 02:29:51.837] [main/DEBUG] [net.minecraftforge.fml.loading.moddiscovery.ModFile/LOADING]: Loading mod file /workspaces/LaIslaPepa/servidor_minecraft/mods/born_in_chaos_[Forge]1.20.1_1.7.5.jar with languages [LanguageSpec[languageName=javafml, acceptedVersions=[47,)]]
[15May2026 02:29:51.837] [main/DEBUG] [net.minecraftforge.fml.loading.moddiscovery.ModFileParser/LOADING]: Considering mod file candidate /workspaces/LaIslaPepa/servidor_minecraft/mods/resourcefulconfig-forge-1.20.1-2.1.3.jar
[15May2026 02:29:51.837] [main/DEBUG] [net.minecraftforge.fml.loading.moddiscovery.ModFileInfo/LOADING]: Found valid mod file resourcefulconfig-forge-1.20.1-2.1.3.jar with {resourcefulconfig} mods - versions {2.1.3}
[15May2026 02:29:51.837] [main/DEBUG] [net.minecraftforge.fml.loading.moddiscovery.ModFile/LOADING]: Loading mod file /workspaces/LaIslaPepa/servidor_minecraft/mods/resourcefulconfig-forge-1.20.1-2.1.3.jar with languages [LanguageSpec[languageName=javafml, acceptedVersions=[46,)]]
[15May2026 02:29:51.837] [main/DEBUG] [net.minecraftforge.fml.loading.moddiscovery.ModFileParser/LOADING]: Considering mod file candidate /workspaces/LaIslaPepa/servidor_minecraft/mods/curiouslanterns-1.20.1-1.3.7.jar
[15May2026 02:29:51.838] [main/DEBUG] [net.minecraftforge.fml.loading.moddiscovery.ModFileInfo/LOADING]: Found valid mod file curiouslanterns-1.20.1-1.3.7.jar with {curiouslanterns} mods - versions {1.20.1-1.3.7}
[15May2026 02:29:51.838] [main/DEBUG] [net.minecraftforge.fml.loading.moddiscovery.ModFile/LOADING]: Loading mod file /workspaces/LaIslaPepa/servidor_minecraft/mods/curiouslanterns-1.20.1-1.3.7.jar with languages [LanguageSpec[languageName=javafml, acceptedVersions=[47,)]]
[15May2026 02:29:51.838] [main/DEBUG] [net.minecraftforge.fml.loading.moddiscovery.ModFileParser/LOADING]: Considering mod file candidate /workspaces/LaIslaPepa/servidor_minecraft/mods/curios-forge-5.14.1+1.20.1.jar
[15May2026 02:29:51.839] [main/DEBUG] [net.minecraftforge.fml.loading.moddiscovery.ModFileInfo/LOADING]: Found valid mod file curios-forge-5.14.1+1.20.1.jar with {curios} mods - versions {5.14.1+1.20.1}
[15May2026 02:29:51.839] [main/DEBUG] [net.minecraftforge.fml.loading.moddiscovery.ModFile/LOADING]: Loading mod file /workspaces/LaIslaPepa/servidor_minecraft/mods/curios-forge-5.14.1+1.20.1.jar with languages [LanguageSpec[languageName=javafml, acceptedVersions=[41,)]]
[15May2026 02:29:51.839] [main/DEBUG] [net.minecraftforge.fml.loading.moddiscovery.ModFileParser/LOADING]: Considering mod file candidate /workspaces/LaIslaPepa/servidor_minecraft/mods/CerbonsAPI-Forge-1.20.1-1.1.0.jar
[15May2026 02:29:51.839] [main/DEBUG] [net.minecraftforge.fml.loading.moddiscovery.ModFileInfo/LOADING]: Found valid mod file CerbonsAPI-Forge-1.20.1-1.1.0.jar with {cerbons_api} mods - versions {1.1.0}
[15May2026 02:29:51.839] [main/DEBUG] [net.minecraftforge.fml.loading.moddiscovery.ModFile/LOADING]: Loading mod file /workspaces/LaIslaPepa/servidor_minecraft/mods/CerbonsAPI-Forge-1.20.1-1.1.0.jar with languages [LanguageSpec[languageName=javafml, acceptedVersions=[47,)]]
[15May2026 02:29:51.839] [main/DEBUG] [net.minecraftforge.fml.loading.moddiscovery.ModFileParser/LOADING]: Considering mod file candidate /workspaces/LaIslaPepa/servidor_minecraft/mods/ApothicAttributes-1.20.1-1.3.7.jar
[15May2026 02:29:51.840] [main/DEBUG] [net.minecraftforge.fml.loading.moddiscovery.ModFileInfo/LOADING]: Found valid mod file ApothicAttributes-1.20.1-1.3.7.jar with {attributeslib} mods - versions {1.3.7}
[15May2026 02:29:51.840] [main/DEBUG] [net.minecraftforge.fml.loading.moddiscovery.ModFile/LOADING]: Loading mod file /workspaces/LaIslaPepa/servidor_minecraft/mods/ApothicAttributes-1.20.1-1.3.7.jar with languages [LanguageSpec[languageName=javafml, acceptedVersions=[32,)]]
[15May2026 02:29:51.840] [main/DEBUG] [net.minecraftforge.fml.loading.moddiscovery.ModFileParser/LOADING]: Found coremod attributeslib_potion_gui_tooltips with Javascript path coremods/potion_gui_tooltips.js
[15May2026 02:29:51.840] [main/DEBUG] [net.minecraftforge.fml.loading.moddiscovery.ModFile/LOADING]: Found coremod coremods/potion_gui_tooltips.js
[15May2026 02:29:51.840] [main/DEBUG] [net.minecraftforge.fml.loading.moddiscovery.ModFileParser/LOADING]: Considering mod file candidate /workspaces/LaIslaPepa/servidor_minecraft/mods/Opposing-Force-1.20.1-2.0.3.jar
[15May2026 02:29:51.841] [main/DEBUG] [net.minecraftforge.fml.loading.moddiscovery.ModFileInfo/LOADING]: Found valid mod file Opposing-Force-1.20.1-2.0.3.jar with {opposing_force} mods - versions {1.20.1-2.0.3}
[15May2026 02:29:51.841] [main/DEBUG] [net.minecraftforge.fml.loading.moddiscovery.ModFile/LOADING]: Loading mod file /workspaces/LaIslaPepa/servidor_minecraft/mods/Opposing-Force-1.20.1-2.0.3.jar with languages [LanguageSpec[languageName=javafml, acceptedVersions=[32,)]]
[15May2026 02:29:51.841] [main/DEBUG] [net.minecraftforge.fml.loading.moddiscovery.ModFileParser/LOADING]: Considering mod file candidate /workspaces/LaIslaPepa/servidor_minecraft/mods/tombstone-1.20.1-9.0.10.jar
[15May2026 02:29:51.842] [main/DEBUG] [net.minecraftforge.fml.loading.moddiscovery.ModFileInfo/LOADING]: Found valid mod file tombstone-1.20.1-9.0.10.jar with {tombstone} mods - versions {9.0.10}
[15May2026 02:29:51.842] [main/DEBUG] [net.minecraftforge.fml.loading.moddiscovery.ModFile/LOADING]: Loading mod file /workspaces/LaIslaPepa/servidor_minecraft/mods/tombstone-1.20.1-9.0.10.jar with languages [LanguageSpec[languageName=javafml, acceptedVersions=[46,)]]
[15May2026 02:29:51.842] [main/DEBUG] [net.minecraftforge.fml.loading.moddiscovery.ModFileParser/LOADING]: Considering mod file candidate 
[15May2026 02:29:51.842] [main/DEBUG] [net.minecraftforge.fml.loading.moddiscovery.ModFileInfo/LOADING]: Found valid mod file resourcefullib-forge-1.20.1-2.1.20.jar with {resourcefullib} mods - versions {2.1.20}
[15May2026 02:29:51.842] [main/DEBUG] [net.minecraftforge.fml.loading.moddiscovery.ModFile/LOADING]: Loading mod file  with languages [LanguageSpec[languageName=javafml, acceptedVersions=[46,)]]
[15May2026 02:29:51.842] [main/DEBUG] [net.minecraftforge.fml.loading.moddiscovery.ModFileParser/LOADING]: Considering mod file candidate /workspaces/LaIslaPepa/servidor_minecraft/mods/Atlas Lib-1.20.1-1.1.12.jar
[15May2026 02:29:51.843] [main/DEBUG] [net.minecraftforge.fml.loading.moddiscovery.ModFileInfo/LOADING]: Found valid mod file Atlas Lib-1.20.1-1.1.12.jar with {atlaslib} mods - versions {1.1.12}
[15May2026 02:29:51.843] [main/DEBUG] [net.minecraftforge.fml.loading.moddiscovery.ModFile/LOADING]: Loading mod file /workspaces/LaIslaPepa/servidor_minecraft/mods/Atlas Lib-1.20.1-1.1.12.jar with languages [LanguageSpec[languageName=javafml, acceptedVersions=[46,)]]
[15May2026 02:29:51.843] [main/DEBUG] [net.minecraftforge.fml.loading.moddiscovery.ModFileParser/LOADING]: Considering mod file candidate /workspaces/LaIslaPepa/servidor_minecraft/mods/architectury-9.2.14-forge.jar
[15May2026 02:29:51.843] [main/DEBUG] [net.minecraftforge.fml.loading.moddiscovery.ModFileInfo/LOADING]: Found valid mod file architectury-9.2.14-forge.jar with {architectury} mods - versions {9.2.14}
[15May2026 02:29:51.843] [main/DEBUG] [net.minecraftforge.fml.loading.moddiscovery.ModFile/LOADING]: Loading mod file /workspaces/LaIslaPepa/servidor_minecraft/mods/architectury-9.2.14-forge.jar with languages [LanguageSpec[languageName=javafml, acceptedVersions=[46,)]]
[15May2026 02:29:51.843] [main/DEBUG] [net.minecraftforge.fml.loading.moddiscovery.ModFileParser/LOADING]: Considering mod file candidate /workspaces/LaIslaPepa/servidor_minecraft/mods/refurbished_furniture-forge-1.20.1-1.0.20.jar
[15May2026 02:29:51.844] [main/DEBUG] [net.minecraftforge.fml.loading.moddiscovery.ModFileInfo/LOADING]: Found valid mod file refurbished_furniture-forge-1.20.1-1.0.20.jar with {refurbished_furniture} mods - versions {1.0.20}
[15May2026 02:29:51.844] [main/DEBUG] [net.minecraftforge.fml.loading.moddiscovery.ModFile/LOADING]: Loading mod file /workspaces/LaIslaPepa/servidor_minecraft/mods/refurbished_furniture-forge-1.20.1-1.0.20.jar with languages [LanguageSpec[languageName=javafml, acceptedVersions=[39,)]]
[15May2026 02:29:51.844] [main/DEBUG] [net.minecraftforge.fml.loading.moddiscovery.ModFileParser/LOADING]: Considering mod file candidate /workspaces/LaIslaPepa/servidor_minecraft/mods/Camerapture-1.10.12+mc1.20.1-forge.jar
[15May2026 02:29:51.844] [main/DEBUG] [net.minecraftforge.fml.loading.moddiscovery.ModFileInfo/LOADING]: Found valid mod file Camerapture-1.10.12+mc1.20.1-forge.jar with {camerapture} mods - versions {1.10.12}
[15May2026 02:29:51.845] [main/DEBUG] [net.minecraftforge.fml.loading.moddiscovery.ModFile/LOADING]: Loading mod file /workspaces/LaIslaPepa/servidor_minecraft/mods/Camerapture-1.10.12+mc1.20.1-forge.jar with languages [LanguageSpec[languageName=javafml, acceptedVersions=[1,)]]
[15May2026 02:29:51.845] [main/DEBUG] [net.minecraftforge.fml.loading.moddiscovery.ModFileParser/LOADING]: Considering mod file candidate /workspaces/LaIslaPepa/servidor_minecraft/mods/FallingTree-1.20.1-4.3.4.jar
[15May2026 02:29:51.845] [main/DEBUG] [net.minecraftforge.fml.loading.moddiscovery.ModFileInfo/LOADING]: Found valid mod file FallingTree-1.20.1-4.3.4.jar with {fallingtree} mods - versions {4.3.4}
[15May2026 02:29:51.845] [main/DEBUG] [net.minecraftforge.fml.loading.moddiscovery.ModFile/LOADING]: Loading mod file /workspaces/LaIslaPepa/servidor_minecraft/mods/FallingTree-1.20.1-4.3.4.jar with languages [LanguageSpec[languageName=javafml, acceptedVersions=[47,)]]
[15May2026 02:29:51.845] [main/DEBUG] [net.minecraftforge.fml.loading.moddiscovery.ModFileParser/LOADING]: Considering mod file candidate /workspaces/LaIslaPepa/servidor_minecraft/mods/framework-forge-1.20.1-0.8.0.jar
[15May2026 02:29:51.846] [main/DEBUG] [net.minecraftforge.fml.loading.moddiscovery.ModFileInfo/LOADING]: Found valid mod file framework-forge-1.20.1-0.8.0.jar with {framework} mods - versions {0.8.0}
[15May2026 02:29:51.846] [main/DEBUG] [net.minecraftforge.fml.loading.moddiscovery.ModFile/LOADING]: Loading mod file /workspaces/LaIslaPepa/servidor_minecraft/mods/framework-forge-1.20.1-0.8.0.jar with languages [LanguageSpec[languageName=javafml, acceptedVersions=[39,)]]
[15May2026 02:29:51.846] [main/DEBUG] [net.minecraftforge.fml.loading.moddiscovery.ModFileParser/LOADING]: Considering mod file candidate /workspaces/LaIslaPepa/servidor_minecraft/mods/JadeAddons-1.20.1-Forge-5.5.0.jar
[15May2026 02:29:51.847] [main/DEBUG] [net.minecraftforge.fml.loading.moddiscovery.ModFileInfo/LOADING]: Found valid mod file JadeAddons-1.20.1-Forge-5.5.0.jar with {jadeaddons} mods - versions {5.5.0+forge}
[15May2026 02:29:51.847] [main/DEBUG] [net.minecraftforge.fml.loading.moddiscovery.ModFile/LOADING]: Loading mod file /workspaces/LaIslaPepa/servidor_minecraft/mods/JadeAddons-1.20.1-Forge-5.5.0.jar with languages [LanguageSpec[languageName=javafml, acceptedVersions=[46,)]]
[15May2026 02:29:51.847] [main/DEBUG] [net.minecraftforge.fml.loading.moddiscovery.ModFileParser/LOADING]: Considering mod file candidate 
[15May2026 02:29:51.847] [main/DEBUG] [net.minecraftforge.fml.loading.moddiscovery.ModFileInfo/LOADING]: Found valid mod file hats-forge-1.20.1-1.2.4.jar with {galena_hats} mods - versions {1.20.1-1.2.4}
[15May2026 02:29:51.847] [main/DEBUG] [net.minecraftforge.fml.loading.moddiscovery.ModFile/LOADING]: Loading mod file  with languages [LanguageSpec[languageName=javafml, acceptedVersions=[47,)]]
[15May2026 02:29:51.847] [main/DEBUG] [net.minecraftforge.fml.loading.moddiscovery.ModFileParser/LOADING]: Considering mod file candidate /workspaces/LaIslaPepa/servidor_minecraft/mods/too_many_bows-forge-4.0.1.jar
[15May2026 02:29:51.848] [main/DEBUG] [net.minecraftforge.fml.loading.moddiscovery.ModFileInfo/LOADING]: Found valid mod file too_many_bows-forge-4.0.1.jar with {too_many_bows} mods - versions {4.0.1}
[15May2026 02:29:51.848] [main/DEBUG] [net.minecraftforge.fml.loading.moddiscovery.ModFile/LOADING]: Loading mod file /workspaces/LaIslaPepa/servidor_minecraft/mods/too_many_bows-forge-4.0.1.jar with languages [LanguageSpec[languageName=javafml, acceptedVersions=[47,)]]
[15May2026 02:29:51.848] [main/DEBUG] [net.minecraftforge.fml.loading.moddiscovery.ModFileParser/LOADING]: Considering mod file candidate /workspaces/LaIslaPepa/servidor_minecraft/mods/Doppelganger II V1.02_1.20.1.jar
[15May2026 02:29:51.848] [main/DEBUG] [net.minecraftforge.fml.loading.moddiscovery.ModFileInfo/LOADING]: Found valid mod file Doppelganger II V1.02_1.20.1.jar with {doppelganger2} mods - versions {1.02}
[15May2026 02:29:51.849] [main/DEBUG] [net.minecraftforge.fml.loading.moddiscovery.ModFile/LOADING]: Loading mod file /workspaces/LaIslaPepa/servidor_minecraft/mods/Doppelganger II V1.02_1.20.1.jar with languages [LanguageSpec[languageName=javafml, acceptedVersions=[47,)]]
[15May2026 02:29:51.849] [main/DEBUG] [net.minecraftforge.fml.loading.moddiscovery.ModFileParser/LOADING]: Considering mod file candidate /workspaces/LaIslaPepa/servidor_minecraft/mods/jei-1.20.1-forge-15.20.0.130.jar
[15May2026 02:29:51.849] [main/DEBUG] [net.minecraftforge.fml.loading.moddiscovery.ModFileInfo/LOADING]: Found valid mod file jei-1.20.1-forge-15.20.0.130.jar with {jei} mods - versions {15.20.0.130}
[15May2026 02:29:51.849] [main/DEBUG] [net.minecraftforge.fml.loading.moddiscovery.ModFile/LOADING]: Loading mod file /workspaces/LaIslaPepa/servidor_minecraft/mods/jei-1.20.1-forge-15.20.0.130.jar with languages [LanguageSpec[languageName=javafml, acceptedVersions=[47,)]]
[15May2026 02:29:51.849] [main/DEBUG] [net.minecraftforge.fml.loading.moddiscovery.ModFileParser/LOADING]: Considering mod file candidate 
[15May2026 02:29:51.850] [main/DEBUG] [net.minecraftforge.fml.loading.moddiscovery.ModFileInfo/LOADING]: Found valid mod file xaerolib-forge-1.20.1-1.1.0.jar with {xaerolib} mods - versions {1.1.0}
[15May2026 02:29:51.850] [main/DEBUG] [net.minecraftforge.fml.loading.moddiscovery.ModFile/LOADING]: Loading mod file  with languages [LanguageSpec[languageName=javafml, acceptedVersions=[46,48)]]
[15May2026 02:29:51.850] [main/DEBUG] [net.minecraftforge.fml.loading.moddiscovery.ModFileParser/LOADING]: Considering mod file candidate /workspaces/LaIslaPepa/servidor_minecraft/mods/tacz-1.20.1-1.1.7-hotfix2.jar
[15May2026 02:29:51.851] [main/DEBUG] [net.minecraftforge.fml.loading.moddiscovery.ModFileInfo/LOADING]: Found valid mod file tacz-1.20.1-1.1.7-hotfix2.jar with {tacz} mods - versions {1.1.7-hotfix2}
[15May2026 02:29:51.851] [main/DEBUG] [net.minecraftforge.fml.loading.moddiscovery.ModFile/LOADING]: Loading mod file /workspaces/LaIslaPepa/servidor_minecraft/mods/tacz-1.20.1-1.1.7-hotfix2.jar with languages [LanguageSpec[languageName=javafml, acceptedVersions=[46,)]]
[15May2026 02:29:51.851] [main/DEBUG] [net.minecraftforge.fml.loading.moddiscovery.ModFileParser/LOADING]: Considering mod file candidate 
[15May2026 02:29:51.851] [main/DEBUG] [net.minecraftforge.fml.loading.moddiscovery.ModFileInfo/LOADING]: Found valid mod file multikulti-core-forge-1.20.1-1.1.5.jar with {multikulti_core} mods - versions {1.20.1-1.1.5}
[15May2026 02:29:51.851] [main/DEBUG] [net.minecraftforge.fml.loading.moddiscovery.ModFile/LOADING]: Loading mod file  with languages [LanguageSpec[languageName=lowcodefml, acceptedVersions=[47,)]]
[15May2026 02:29:51.851] [main/DEBUG] [net.minecraftforge.fml.loading.moddiscovery.ModFileParser/LOADING]: Considering mod file candidate /workspaces/LaIslaPepa/servidor_minecraft/mods/YungsCaveBiomes-1.20.1-Forge-2.0.5.jar
[15May2026 02:29:51.852] [main/DEBUG] [net.minecraftforge.fml.loading.moddiscovery.ModFileInfo/LOADING]: Found valid mod file YungsCaveBiomes-1.20.1-Forge-2.0.5.jar with {yungscavebiomes} mods - versions {1.20.1-Forge-2.0.5}
[15May2026 02:29:51.852] [main/DEBUG] [net.minecraftforge.fml.loading.moddiscovery.ModFile/LOADING]: Loading mod file /workspaces/LaIslaPepa/servidor_minecraft/mods/YungsCaveBiomes-1.20.1-Forge-2.0.5.jar with languages [LanguageSpec[languageName=javafml, acceptedVersions=[46,)]]
[15May2026 02:29:51.852] [main/DEBUG] [net.minecraftforge.fml.loading.moddiscovery.ModFileParser/LOADING]: Considering mod file candidate /workspaces/LaIslaPepa/servidor_minecraft/mods/nirvana-forge-1.2.5.jar
[15May2026 02:29:51.852] [main/DEBUG] [net.minecraftforge.fml.loading.moddiscovery.ModFileInfo/LOADING]: Found valid mod file nirvana-forge-1.2.5.jar with {nirvana} mods - versions {1.2.5}
[15May2026 02:29:51.852] [main/DEBUG] [net.minecraftforge.fml.loading.moddiscovery.ModFile/LOADING]: Loading mod file /workspaces/LaIslaPepa/servidor_minecraft/mods/nirvana-forge-1.2.5.jar with languages [LanguageSpec[languageName=javafml, acceptedVersions=[47,)]]
[15May2026 02:29:51.853] [main/DEBUG] [net.minecraftforge.fml.loading.moddiscovery.ModFileParser/LOADING]: Considering mod file candidate /workspaces/LaIslaPepa/servidor_minecraft/mods/knightlib-forge-1.20.1-1.4.3.jar
[15May2026 02:29:51.853] [main/DEBUG] [net.minecraftforge.fml.loading.moddiscovery.ModFileInfo/LOADING]: Found valid mod file knightlib-forge-1.20.1-1.4.3.jar with {knightlib} mods - versions {1.4.3}
[15May2026 02:29:51.853] [main/DEBUG] [net.minecraftforge.fml.loading.moddiscovery.ModFile/LOADING]: Loading mod file /workspaces/LaIslaPepa/servidor_minecraft/mods/knightlib-forge-1.20.1-1.4.3.jar with languages [LanguageSpec[languageName=javafml, acceptedVersions=[47,)]]
[15May2026 02:29:51.853] [main/DEBUG] [net.minecraftforge.fml.loading.moddiscovery.ModFileParser/LOADING]: Considering mod file candidate /workspaces/LaIslaPepa/servidor_minecraft/mods/epicterrain-0.2.5.jar
[15May2026 02:29:51.854] [main/DEBUG] [net.minecraftforge.fml.loading.moddiscovery.ModFileInfo/LOADING]: Found valid mod file epicterrain-0.2.5.jar with {mr_epicterrain} mods - versions {0.2.5}
[15May2026 02:29:51.854] [main/DEBUG] [net.minecraftforge.fml.loading.moddiscovery.ModFile/LOADING]: Loading mod file /workspaces/LaIslaPepa/servidor_minecraft/mods/epicterrain-0.2.5.jar with languages [LanguageSpec[languageName=lowcodefml, acceptedVersions=[40,)]]
[15May2026 02:29:51.854] [main/DEBUG] [net.minecraftforge.fml.loading.moddiscovery.ModFileParser/LOADING]: Considering mod file candidate 
[15May2026 02:29:51.854] [main/DEBUG] [net.minecraftforge.fml.loading.moddiscovery.ModFileInfo/LOADING]: Found valid mod file multikulti-registrate-forge-1.20.1-1.1.5.jar with {multikulti_registrate} mods - versions {1.20.1-1.1.5}
[15May2026 02:29:51.854] [main/DEBUG] [net.minecraftforge.fml.loading.moddiscovery.ModFile/LOADING]: Loading mod file  with languages [LanguageSpec[languageName=lowcodefml, acceptedVersions=[47,)]]
[15May2026 02:29:51.855] [main/DEBUG] [net.minecraftforge.fml.loading.moddiscovery.ModFileParser/LOADING]: Considering mod file candidate /workspaces/LaIslaPepa/servidor_minecraft/mods/BOMD-Forge-1.20.1-1.1.2.jar
[15May2026 02:29:51.855] [main/DEBUG] [net.minecraftforge.fml.loading.moddiscovery.ModFileInfo/LOADING]: Found valid mod file BOMD-Forge-1.20.1-1.1.2.jar with {bosses_of_mass_destruction} mods - versions {1.1.2}
[15May2026 02:29:51.855] [main/DEBUG] [net.minecraftforge.fml.loading.moddiscovery.ModFile/LOADING]: Loading mod file /workspaces/LaIslaPepa/servidor_minecraft/mods/BOMD-Forge-1.20.1-1.1.2.jar with languages [LanguageSpec[languageName=javafml, acceptedVersions=[47,)]]
[15May2026 02:29:51.855] [main/DEBUG] [net.minecraftforge.fml.loading.moddiscovery.ModFileParser/LOADING]: Considering mod file candidate /workspaces/LaIslaPepa/servidor_minecraft/mods/watut-forge-1.20.1-1.2.3.jar
[15May2026 02:29:51.856] [main/DEBUG] [net.minecraftforge.fml.loading.moddiscovery.ModFileInfo/LOADING]: Found valid mod file watut-forge-1.20.1-1.2.3.jar with {watut} mods - versions {1.20.1-1.2.3}
[15May2026 02:29:51.856] [main/DEBUG] [net.minecraftforge.fml.loading.moddiscovery.ModFile/LOADING]: Loading mod file /workspaces/LaIslaPepa/servidor_minecraft/mods/watut-forge-1.20.1-1.2.3.jar with languages [LanguageSpec[languageName=javafml, acceptedVersions=[47,)]]
[15May2026 02:29:51.856] [main/DEBUG] [net.minecraftforge.fml.loading.moddiscovery.ModFileParser/LOADING]: Considering mod file candidate 
[15May2026 02:29:51.856] [main/DEBUG] [net.minecraftforge.fml.loading.moddiscovery.ModFileInfo/LOADING]: Found valid mod file puzzlesaccessapi-forge-20.1.1.jar with {puzzlesaccessapi} mods - versions {20.1.1}
[15May2026 02:29:51.856] [main/DEBUG] [net.minecraftforge.fml.loading.moddiscovery.ModFile/LOADING]: Loading mod file  with languages [LanguageSpec[languageName=javafml, acceptedVersions=*]]
[15May2026 02:29:51.857] [main/DEBUG] [net.minecraftforge.fml.loading.moddiscovery.ModFileParser/LOADING]: Considering mod file candidate /workspaces/LaIslaPepa/servidor_minecraft/libraries/net/minecraftforge/forge/1.20.1-47.3.7/forge-1.20.1-47.3.7-universal.jar
[15May2026 02:29:51.857] [main/DEBUG] [net.minecraftforge.fml.loading.moddiscovery.ModFileInfo/LOADING]: Found valid mod file forge-1.20.1-47.3.7-universal.jar with {forge} mods - versions {47.3.7}
[15May2026 02:29:51.857] [main/DEBUG] [net.minecraftforge.fml.loading.moddiscovery.ModFile/LOADING]: Loading mod file /workspaces/LaIslaPepa/servidor_minecraft/libraries/net/minecraftforge/forge/1.20.1-47.3.7/forge-1.20.1-47.3.7-universal.jar with languages [LanguageSpec[languageName=javafml, acceptedVersions=[24,]]]
[15May2026 02:29:51.857] [main/DEBUG] [net.minecraftforge.fml.loading.moddiscovery.ModFileParser/LOADING]: Found coremod field_to_method with Javascript path coremods/field_to_method.js
[15May2026 02:29:51.857] [main/DEBUG] [net.minecraftforge.fml.loading.moddiscovery.ModFileParser/LOADING]: Found coremod field_to_instanceof with Javascript path coremods/field_to_instanceof.js
[15May2026 02:29:51.858] [main/DEBUG] [net.minecraftforge.fml.loading.moddiscovery.ModFileParser/LOADING]: Found coremod add_bouncer_method with Javascript path coremods/add_bouncer_method.js
[15May2026 02:29:51.858] [main/DEBUG] [net.minecraftforge.fml.loading.moddiscovery.ModFileParser/LOADING]: Found coremod method_redirector with Javascript path coremods/method_redirector.js
[15May2026 02:29:51.858] [main/DEBUG] [net.minecraftforge.fml.loading.moddiscovery.ModFile/LOADING]: Found coremod coremods/field_to_method.js
[15May2026 02:29:51.858] [main/DEBUG] [net.minecraftforge.fml.loading.moddiscovery.ModFile/LOADING]: Found coremod coremods/field_to_instanceof.js
[15May2026 02:29:51.858] [main/DEBUG] [net.minecraftforge.fml.loading.moddiscovery.ModFile/LOADING]: Found coremod coremods/add_bouncer_method.js
[15May2026 02:29:51.858] [main/DEBUG] [net.minecraftforge.fml.loading.moddiscovery.ModFile/LOADING]: Found coremod coremods/method_redirector.js
[15May2026 02:29:51.858] [main/DEBUG] [net.minecraftforge.fml.loading.moddiscovery.ModFileParser/LOADING]: Considering mod file candidate /workspaces/LaIslaPepa/servidor_minecraft/mods/TravelersTitles-1.20-Forge-4.0.2.jar
[15May2026 02:29:51.858] [main/DEBUG] [net.minecraftforge.fml.loading.moddiscovery.ModFileInfo/LOADING]: Found valid mod file TravelersTitles-1.20-Forge-4.0.2.jar with {travelerstitles} mods - versions {1.20-Forge-4.0.2}
[15May2026 02:29:51.858] [main/DEBUG] [net.minecraftforge.fml.loading.moddiscovery.ModFile/LOADING]: Loading mod file /workspaces/LaIslaPepa/servidor_minecraft/mods/TravelersTitles-1.20-Forge-4.0.2.jar with languages [LanguageSpec[languageName=javafml, acceptedVersions=[46,)]]
[15May2026 02:29:51.859] [main/DEBUG] [net.minecraftforge.fml.loading.moddiscovery.ModFileParser/LOADING]: Considering mod file candidate /workspaces/LaIslaPepa/servidor_minecraft/mods/DungeonsArise-1.20.x-2.1.58-release.jar
[15May2026 02:29:51.859] [main/DEBUG] [net.minecraftforge.fml.loading.moddiscovery.ModFileInfo/LOADING]: Found valid mod file DungeonsArise-1.20.x-2.1.58-release.jar with {dungeons_arise} mods - versions {2.1.58-1.20.x}
[15May2026 02:29:51.859] [main/DEBUG] [net.minecraftforge.fml.loading.moddiscovery.ModFile/LOADING]: Loading mod file /workspaces/LaIslaPepa/servidor_minecraft/mods/DungeonsArise-1.20.x-2.1.58-release.jar with languages [LanguageSpec[languageName=javafml, acceptedVersions=[41,)]]
[15May2026 02:29:51.859] [main/DEBUG] [net.minecraftforge.fml.loading.moddiscovery.ModFileParser/LOADING]: Considering mod file candidate /workspaces/LaIslaPepa/servidor_minecraft/mods/lucky-block-forge-1.20.1-13.0.jar
[15May2026 02:29:51.860] [main/DEBUG] [net.minecraftforge.fml.loading.moddiscovery.ModFileInfo/LOADING]: Found valid mod file lucky-block-forge-1.20.1-13.0.jar with {lucky} mods - versions {1.20.1-13.0}
[15May2026 02:29:51.860] [main/DEBUG] [net.minecraftforge.fml.loading.moddiscovery.ModFile/LOADING]: Loading mod file /workspaces/LaIslaPepa/servidor_minecraft/mods/lucky-block-forge-1.20.1-13.0.jar with languages [LanguageSpec[languageName=javafml, acceptedVersions=[47,)]]
[15May2026 02:29:51.860] [main/DEBUG] [net.minecraftforge.fml.loading.moddiscovery.ModFileInfo/LOADING]: Found valid mod file server-1.20.1-20230612.114412-srg.jar with {minecraft} mods - versions {1.20.1}
[15May2026 02:29:51.860] [main/DEBUG] [net.minecraftforge.fml.loading.moddiscovery.ModFile/LOADING]: Loading mod file /workspaces/LaIslaPepa/servidor_minecraft/libraries/net/minecraft/server/1.20.1-20230612.114412/server-1.20.1-20230612.114412-srg.jar with languages [LanguageSpec[languageName=minecraft, acceptedVersions=1]]
[15May2026 02:29:51.860] [main/DEBUG] [net.minecraftforge.fml.loading.moddiscovery.ModFileParser/LOADING]: Considering mod file candidate /workspaces/LaIslaPepa/servidor_minecraft/mods/radiantgear-forge-2.2.0+1.20.1.jar
[15May2026 02:29:51.861] [main/DEBUG] [net.minecraftforge.fml.loading.moddiscovery.ModFileInfo/LOADING]: Found valid mod file radiantgear-forge-2.2.0+1.20.1.jar with {radiantgear} mods - versions {2.2.0+1.20.1}
[15May2026 02:29:51.861] [main/DEBUG] [net.minecraftforge.fml.loading.moddiscovery.ModFile/LOADING]: Loading mod file /workspaces/LaIslaPepa/servidor_minecraft/mods/radiantgear-forge-2.2.0+1.20.1.jar with languages [LanguageSpec[languageName=javafml, acceptedVersions=[41,)]]
[15May2026 02:29:51.861] [main/DEBUG] [net.minecraftforge.fml.loading.moddiscovery.ModFileParser/LOADING]: Considering mod file candidate /workspaces/LaIslaPepa/servidor_minecraft/mods/TerraBlender-forge-1.20.1-3.0.1.10.jar
[15May2026 02:29:51.862] [main/DEBUG] [net.minecraftforge.fml.loading.moddiscovery.ModFileInfo/LOADING]: Found valid mod file TerraBlender-forge-1.20.1-3.0.1.10.jar with {terrablender} mods - versions {3.0.1.10}
[15May2026 02:29:51.862] [main/DEBUG] [net.minecraftforge.fml.loading.moddiscovery.ModFile/LOADING]: Loading mod file /workspaces/LaIslaPepa/servidor_minecraft/mods/TerraBlender-forge-1.20.1-3.0.1.10.jar with languages [LanguageSpec[languageName=javafml, acceptedVersions=[47,)]]
[15May2026 02:29:51.862] [main/DEBUG] [net.minecraftforge.fml.loading.moddiscovery.ModFileParser/LOADING]: Considering mod file candidate /workspaces/LaIslaPepa/servidor_minecraft/mods/Jade-1.20.1-Forge-11.13.2.jar
[15May2026 02:29:51.862] [main/DEBUG] [net.minecraftforge.fml.loading.moddiscovery.ModFileInfo/LOADING]: Found valid mod file Jade-1.20.1-Forge-11.13.2.jar with {jade} mods - versions {11.13.2+forge}
[15May2026 02:29:51.862] [main/DEBUG] [net.minecraftforge.fml.loading.moddiscovery.ModFile/LOADING]: Loading mod file /workspaces/LaIslaPepa/servidor_minecraft/mods/Jade-1.20.1-Forge-11.13.2.jar with languages [LanguageSpec[languageName=javafml, acceptedVersions=[46,)]]
[15May2026 02:29:51.863] [main/DEBUG] [net.minecraftforge.fml.loading.moddiscovery.ModFileParser/LOADING]: Considering mod file candidate /workspaces/LaIslaPepa/servidor_minecraft/mods/knightquest-forge-1.20.1-1.9.3.jar
[15May2026 02:29:51.863] [main/DEBUG] [net.minecraftforge.fml.loading.moddiscovery.ModFileInfo/LOADING]: Found valid mod file knightquest-forge-1.20.1-1.9.3.jar with {knightquest} mods - versions {1.9.3}
[15May2026 02:29:51.863] [main/DEBUG] [net.minecraftforge.fml.loading.moddiscovery.ModFile/LOADING]: Loading mod file /workspaces/LaIslaPepa/servidor_minecraft/mods/knightquest-forge-1.20.1-1.9.3.jar with languages [LanguageSpec[languageName=javafml, acceptedVersions=[47,)]]
[15May2026 02:29:51.863] [main/DEBUG] [net.minecraftforge.fml.loading.moddiscovery.ModFileParser/LOADING]: Considering mod file candidate 
[15May2026 02:29:51.864] [main/DEBUG] [net.minecraftforge.fml.loading.moddiscovery.ModFileInfo/LOADING]: Found valid mod file kffmod-4.12.0.jar with {kotlinforforge} mods - versions {4.12.0}
[15May2026 02:29:51.864] [main/DEBUG] [net.minecraftforge.fml.loading.moddiscovery.ModFile/LOADING]: Loading mod file  with languages [LanguageSpec[languageName=kotlinforforge, acceptedVersions=[4,)]]
[15May2026 02:29:51.864] [main/DEBUG] [net.minecraftforge.fml.loading.moddiscovery.ModFileParser/LOADING]: Considering mod file candidate /workspaces/LaIslaPepa/servidor_minecraft/mods/Ribbits-1.20.1-Forge-3.0.5.jar
[15May2026 02:29:51.864] [main/DEBUG] [net.minecraftforge.fml.loading.moddiscovery.ModFileInfo/LOADING]: Found valid mod file Ribbits-1.20.1-Forge-3.0.5.jar with {ribbits} mods - versions {1.20.1-Forge-3.0.5}
[15May2026 02:29:51.864] [main/DEBUG] [net.minecraftforge.fml.loading.moddiscovery.ModFile/LOADING]: Loading mod file /workspaces/LaIslaPepa/servidor_minecraft/mods/Ribbits-1.20.1-Forge-3.0.5.jar with languages [LanguageSpec[languageName=javafml, acceptedVersions=[47,)]]
[15May2026 02:29:51.865] [main/DEBUG] [net.minecraftforge.fml.loading.moddiscovery.ModFileParser/LOADING]: Considering mod file candidate /workspaces/LaIslaPepa/servidor_minecraft/mods/xaerominimap-forge-1.20.1-25.3.10.jar
[15May2026 02:29:51.865] [main/DEBUG] [net.minecraftforge.fml.loading.moddiscovery.ModFileInfo/LOADING]: Found valid mod file xaerominimap-forge-1.20.1-25.3.10.jar with {xaerominimap} mods - versions {25.3.10}
[15May2026 02:29:51.865] [main/DEBUG] [net.minecraftforge.fml.loading.moddiscovery.ModFile/LOADING]: Loading mod file /workspaces/LaIslaPepa/servidor_minecraft/mods/xaerominimap-forge-1.20.1-25.3.10.jar with languages [LanguageSpec[languageName=javafml, acceptedVersions=[46,48)]]
[15May2026 02:29:51.866] [main/DEBUG] [net.minecraftforge.fml.loading.moddiscovery.ModFileParser/LOADING]: Found coremod xaerohud_core with Javascript path META-INF/xaerohud_core.js
[15May2026 02:29:51.866] [main/DEBUG] [net.minecraftforge.fml.loading.moddiscovery.ModFile/LOADING]: Found coremod META-INF/xaerohud_core.js
[15May2026 02:29:51.866] [main/DEBUG] [net.minecraftforge.fml.loading.moddiscovery.ModFileParser/LOADING]: Considering mod file candidate /workspaces/LaIslaPepa/servidor_minecraft/mods/brainrotprotocol-1.1.0-forge-1.20.1.jar
[15May2026 02:29:51.866] [main/DEBUG] [net.minecraftforge.fml.loading.moddiscovery.ModFileInfo/LOADING]: Found valid mod file brainrotprotocol-1.1.0-forge-1.20.1.jar with {brainrotprotocol} mods - versions {1.0.0}
[15May2026 02:29:51.867] [main/DEBUG] [net.minecraftforge.fml.loading.moddiscovery.ModFile/LOADING]: Loading mod file /workspaces/LaIslaPepa/servidor_minecraft/mods/brainrotprotocol-1.1.0-forge-1.20.1.jar with languages [LanguageSpec[languageName=javafml, acceptedVersions=[47,)]]
[15May2026 02:29:51.867] [main/DEBUG] [net.minecraftforge.fml.loading.moddiscovery.ModFileParser/LOADING]: Considering mod file candidate /workspaces/LaIslaPepa/servidor_minecraft/mods/[1.20.1] SecurityCraft v1.10.1.jar
[15May2026 02:29:51.867] [main/DEBUG] [net.minecraftforge.fml.loading.moddiscovery.ModFileInfo/LOADING]: Found valid mod file [1.20.1] SecurityCraft v1.10.1.jar with {securitycraft} mods - versions {1.10.1}
[15May2026 02:29:51.867] [main/DEBUG] [net.minecraftforge.fml.loading.moddiscovery.ModFile/LOADING]: Loading mod file /workspaces/LaIslaPepa/servidor_minecraft/mods/[1.20.1] SecurityCraft v1.10.1.jar with languages [LanguageSpec[languageName=javafml, acceptedVersions=[46,)]]
[15May2026 02:29:51.868] [main/DEBUG] [net.minecraftforge.fml.loading.moddiscovery.ModFileParser/LOADING]: Considering mod file candidate /workspaces/LaIslaPepa/servidor_minecraft/mods/Armor of the Ages-forge-1.20.1-1.3.14.jar
[15May2026 02:29:51.868] [main/DEBUG] [net.minecraftforge.fml.loading.moddiscovery.ModFileInfo/LOADING]: Found valid mod file Armor of the Ages-forge-1.20.1-1.3.14.jar with {armoroftheages} mods - versions {1.3.14}
[15May2026 02:29:51.868] [main/DEBUG] [net.minecraftforge.fml.loading.moddiscovery.ModFile/LOADING]: Loading mod file /workspaces/LaIslaPepa/servidor_minecraft/mods/Armor of the Ages-forge-1.20.1-1.3.14.jar with languages [LanguageSpec[languageName=javafml, acceptedVersions=[47,)]]
[15May2026 02:29:51.868] [main/DEBUG] [net.minecraftforge.fml.loading.moddiscovery.ModFileParser/LOADING]: Considering mod file candidate /workspaces/LaIslaPepa/servidor_minecraft/mods/coroutil-forge-1.20.1-1.3.7.jar
[15May2026 02:29:51.869] [main/DEBUG] [net.minecraftforge.fml.loading.moddiscovery.ModFileInfo/LOADING]: Found valid mod file coroutil-forge-1.20.1-1.3.7.jar with {coroutil} mods - versions {1.20.1-1.3.7}
[15May2026 02:29:51.869] [main/DEBUG] [net.minecraftforge.fml.loading.moddiscovery.ModFile/LOADING]: Loading mod file /workspaces/LaIslaPepa/servidor_minecraft/mods/coroutil-forge-1.20.1-1.3.7.jar with languages [LanguageSpec[languageName=javafml, acceptedVersions=[47,)]]
[15May2026 02:29:51.869] [main/DEBUG] [net.minecraftforge.fml.loading.moddiscovery.ModFileParser/LOADING]: Considering mod file candidate /workspaces/LaIslaPepa/servidor_minecraft/mods/creeperoverhaul-3.0.2-forge.jar
[15May2026 02:29:51.870] [main/DEBUG] [net.minecraftforge.fml.loading.moddiscovery.ModFileInfo/LOADING]: Found valid mod file creeperoverhaul-3.0.2-forge.jar with {creeperoverhaul} mods - versions {3.0.2}
[15May2026 02:29:51.870] [main/DEBUG] [net.minecraftforge.fml.loading.moddiscovery.ModFile/LOADING]: Loading mod file /workspaces/LaIslaPepa/servidor_minecraft/mods/creeperoverhaul-3.0.2-forge.jar with languages [LanguageSpec[languageName=javafml, acceptedVersions=[46,)]]
[15May2026 02:29:51.870] [main/DEBUG] [net.minecraftforge.fml.loading.moddiscovery.ModFileParser/LOADING]: Considering mod file candidate /workspaces/LaIslaPepa/servidor_minecraft/mods/yet_another_config_lib_v3-3.6.6+1.20.1-forge.jar
[15May2026 02:29:51.870] [main/DEBUG] [net.minecraftforge.fml.loading.moddiscovery.ModFileInfo/LOADING]: Found valid mod file yet_another_config_lib_v3-3.6.6+1.20.1-forge.jar with {yet_another_config_lib_v3} mods - versions {3.6.6+1.20.1-forge}
[15May2026 02:29:51.871] [main/DEBUG] [net.minecraftforge.fml.loading.moddiscovery.ModFile/LOADING]: Loading mod file /workspaces/LaIslaPepa/servidor_minecraft/mods/yet_another_config_lib_v3-3.6.6+1.20.1-forge.jar with languages [LanguageSpec[languageName=javafml, acceptedVersions=[46,)]]
[15May2026 02:29:51.871] [main/DEBUG] [net.minecraftforge.fml.loading.moddiscovery.ModFileParser/LOADING]: Considering mod file candidate /workspaces/LaIslaPepa/servidor_minecraft/mods/PuzzlesLib-v8.1.33-1.20.1-Forge.jar
[15May2026 02:29:51.871] [main/DEBUG] [net.minecraftforge.fml.loading.moddiscovery.ModFileInfo/LOADING]: Found valid mod file PuzzlesLib-v8.1.33-1.20.1-Forge.jar with {puzzleslib} mods - versions {8.1.33}
[15May2026 02:29:51.871] [main/DEBUG] [net.minecraftforge.fml.loading.moddiscovery.ModFile/LOADING]: Loading mod file /workspaces/LaIslaPepa/servidor_minecraft/mods/PuzzlesLib-v8.1.33-1.20.1-Forge.jar with languages [LanguageSpec[languageName=javafml, acceptedVersions=[47,)]]
[15May2026 02:29:51.872] [main/DEBUG] [net.minecraftforge.fml.loading.moddiscovery.ModFile/LOADING]: Loading mod file  with languages []
[15May2026 02:29:51.872] [main/DEBUG] [net.minecraftforge.fml.loading.moddiscovery.ModFile/LOADING]: Loading mod file  with languages []
[15May2026 02:29:51.872] [main/DEBUG] [net.minecraftforge.fml.loading.moddiscovery.ModFile/LOADING]: Loading mod file  with languages []
[15May2026 02:29:51.872] [main/DEBUG] [net.minecraftforge.fml.loading.moddiscovery.ModFileParser/LOADING]: Considering mod file candidate 
[15May2026 02:29:51.872] [main/DEBUG] [net.minecraftforge.fml.loading.moddiscovery.ModFileInfo/LOADING]: Found valid mod file mixinextras-forge-0.2.0-beta.6.jar with {mixinextras} mods - versions {0.2.0-beta.6}
[15May2026 02:29:51.873] [main/DEBUG] [net.minecraftforge.fml.loading.moddiscovery.ModFile/LOADING]: Loading mod file  with languages [LanguageSpec[languageName=javafml, acceptedVersions=*]]
[15May2026 02:29:51.873] [main/DEBUG] [net.minecraftforge.fml.loading.moddiscovery.ModFile/LOADING]: Loading mod file  with languages []
[15May2026 02:29:51.873] [main/DEBUG] [net.minecraftforge.fml.loading.moddiscovery.ModFile/LOADING]: Loading mod file  with languages []
[15May2026 02:29:51.873] [main/DEBUG] [net.minecraftforge.fml.loading.moddiscovery.ModFile/LOADING]: Loading mod file  with languages []
[15May2026 02:29:51.873] [main/DEBUG] [net.minecraftforge.fml.loading.moddiscovery.ModFile/LOADING]: Loading mod file  with languages []
[15May2026 02:29:51.873] [main/DEBUG] [net.minecraftforge.fml.loading.moddiscovery.ModFile/LOADING]: Loading mod file  with languages []
[15May2026 02:29:51.874] [main/DEBUG] [net.minecraftforge.fml.loading.moddiscovery.ModFile/LOADING]: Loading mod file  with languages []
[15May2026 02:29:51.874] [main/DEBUG] [net.minecraftforge.fml.loading.moddiscovery.ModFile/LOADING]: Loading mod file  with languages []
[15May2026 02:29:51.874] [main/DEBUG] [net.minecraftforge.fml.loading.moddiscovery.ModFile/LOADING]: Loading mod file  with languages []
[15May2026 02:29:51.874] [main/DEBUG] [net.minecraftforge.fml.loading.moddiscovery.ModFile/LOADING]: Loading mod file  with languages []
[15May2026 02:29:51.874] [main/DEBUG] [net.minecraftforge.fml.loading.moddiscovery.ModFile/LOADING]: Loading mod file  with languages []
[15May2026 02:29:51.874] [main/DEBUG] [net.minecraftforge.fml.loading.moddiscovery.ModFile/LOADING]: Loading mod file  with languages []
[15May2026 02:29:51.874] [main/DEBUG] [net.minecraftforge.fml.loading.moddiscovery.ModFile/LOADING]: Loading mod file  with languages []
[15May2026 02:29:51.874] [main/DEBUG] [net.minecraftforge.fml.loading.moddiscovery.ModFile/LOADING]: Loading mod file  with languages []
[15May2026 02:29:51.875] [main/DEBUG] [net.minecraftforge.fml.loading.moddiscovery.ModFile/LOADING]: Loading mod file  with languages []
[15May2026 02:29:51.875] [main/DEBUG] [net.minecraftforge.fml.loading.moddiscovery.ModFile/LOADING]: Loading mod file  with languages []
[15May2026 02:29:51.875] [main/DEBUG] [net.minecraftforge.fml.loading.moddiscovery.ModFile/LOADING]: Loading mod file  with languages []
[15May2026 02:29:51.875] [main/DEBUG] [net.minecraftforge.fml.loading.moddiscovery.ModFile/LOADING]: Loading mod file  with languages []
[15May2026 02:29:51.875] [main/DEBUG] [net.minecraftforge.fml.loading.moddiscovery.ModFile/LOADING]: Loading mod file  with languages []
[15May2026 02:29:51.875] [main/DEBUG] [net.minecraftforge.fml.loading.moddiscovery.ModFile/LOADING]: Loading mod file  with languages []
[15May2026 02:29:51.875] [main/DEBUG] [net.minecraftforge.fml.loading.moddiscovery.ModFile/LOADING]: Loading mod file  with languages []
[15May2026 02:29:51.875] [main/DEBUG] [net.minecraftforge.fml.loading.moddiscovery.ModFileParser/LOADING]: Considering mod file candidate 
[15May2026 02:29:51.876] [main/DEBUG] [net.minecraftforge.fml.loading.moddiscovery.ModFileInfo/LOADING]: Found valid mod file mixinextras-forge-0.2.0-beta.6.jar with {mixinextras} mods - versions {0.2.0-beta.6}
[15May2026 02:29:51.876] [main/DEBUG] [net.minecraftforge.fml.loading.moddiscovery.ModFile/LOADING]: Loading mod file  with languages [LanguageSpec[languageName=javafml, acceptedVersions=*]]
[15May2026 02:29:51.876] [main/DEBUG] [net.minecraftforge.fml.loading.moddiscovery.ModFile/LOADING]: Loading mod file  with languages []
[15May2026 02:29:51.876] [main/DEBUG] [net.minecraftforge.fml.loading.moddiscovery.ModFile/LOADING]: Loading mod file  with languages []
[15May2026 02:29:51.876] [main/DEBUG] [net.minecraftforge.fml.loading.moddiscovery.ModFile/LOADING]: Loading mod file  with languages []
[15May2026 02:29:51.876] [main/DEBUG] [net.minecraftforge.fml.loading.moddiscovery.ModFile/LOADING]: Loading mod file  with languages []
[15May2026 02:29:51.876] [main/DEBUG] [net.minecraftforge.fml.loading.moddiscovery.ModFile/LOADING]: Loading mod file  with languages []
[15May2026 02:29:51.877] [main/DEBUG] [net.minecraftforge.fml.loading.moddiscovery.ModFile/LOADING]: Loading mod file  with languages []
[15May2026 02:29:51.877] [main/DEBUG] [net.minecraftforge.fml.loading.moddiscovery.ModFile/LOADING]: Loading mod file  with languages []
[15May2026 02:29:51.877] [main/DEBUG] [net.minecraftforge.fml.loading.moddiscovery.ModFile/LOADING]: Loading mod file  with languages []
[15May2026 02:29:51.877] [main/DEBUG] [net.minecraftforge.fml.loading.moddiscovery.ModFile/LOADING]: Loading mod file  with languages []
[15May2026 02:29:51.877] [main/DEBUG] [net.minecraftforge.fml.loading.moddiscovery.ModFile/LOADING]: Loading mod file  with languages []
[15May2026 02:29:51.877] [main/DEBUG] [net.minecraftforge.fml.loading.moddiscovery.ModFile/LOADING]: Loading mod file  with languages []
[15May2026 02:29:51.878] [main/DEBUG] [net.minecraftforge.fml.loading.moddiscovery.ModFile/LOADING]: Loading mod file  with languages []
[15May2026 02:29:51.878] [main/DEBUG] [net.minecraftforge.fml.loading.moddiscovery.ModFile/LOADING]: Loading mod file  with languages []
[15May2026 02:29:51.878] [main/DEBUG] [net.minecraftforge.fml.loading.moddiscovery.ModFile/LOADING]: Loading mod file  with languages []
[15May2026 02:29:51.878] [main/DEBUG] [net.minecraftforge.fml.loading.moddiscovery.ModFile/LOADING]: Loading mod file  with languages []
[15May2026 02:29:51.878] [main/DEBUG] [net.minecraftforge.fml.loading.moddiscovery.ModFile/LOADING]: Loading mod file  with languages []
[15May2026 02:29:51.878] [main/DEBUG] [net.minecraftforge.fml.loading.moddiscovery.ModFile/LOADING]: Loading mod file  with languages []
[15May2026 02:29:51.879] [main/DEBUG] [cpw.mods.modlauncher.TransformationServiceDecorator/MODLAUNCHER]: End scan trigger - transformation service fml
[15May2026 02:29:51.893] [main/DEBUG] [net.minecraftforge.fml.loading.LanguageLoadingProvider/CORE]: Found 4 language providers
[15May2026 02:29:51.894] [main/DEBUG] [net.minecraftforge.fml.loading.LanguageLoadingProvider/CORE]: Found language provider minecraft, version 1.0
[15May2026 02:29:51.895] [main/DEBUG] [net.minecraftforge.fml.loading.LanguageLoadingProvider/CORE]: Found language provider kotlinforforge, version 4.12.0
[15May2026 02:29:51.895] [main/DEBUG] [net.minecraftforge.fml.loading.LanguageLoadingProvider/CORE]: Found language provider javafml, version 47
[15May2026 02:29:51.895] [main/DEBUG] [net.minecraftforge.fml.loading.LanguageLoadingProvider/CORE]: Found language provider lowcodefml, version 47
[15May2026 02:29:51.900] [main/DEBUG] [net.minecraftforge.fml.loading.UniqueModListBuilder/]: Found 2 mods for first modid org.quiltmc.parsers.json, selecting most recent based on version data
[15May2026 02:29:51.901] [main/DEBUG] [net.minecraftforge.fml.loading.UniqueModListBuilder/]: Selected file json-0.2.1.jar for modid org.quiltmc.parsers.json with version 0.0NONE
[15May2026 02:29:51.901] [main/DEBUG] [net.minecraftforge.fml.loading.UniqueModListBuilder/]: Found 2 mods for first modid mclib, selecting most recent based on version data
[15May2026 02:29:51.901] [main/DEBUG] [net.minecraftforge.fml.loading.UniqueModListBuilder/]: Selected file mclib-20.jar for modid mclib with version 0.0NONE
[15May2026 02:29:51.901] [main/DEBUG] [net.minecraftforge.fml.loading.UniqueModListBuilder/]: Found 2 mods for first modid Registrate.MC1._20, selecting most recent based on version data
[15May2026 02:29:51.901] [main/DEBUG] [net.minecraftforge.fml.loading.UniqueModListBuilder/]: Selected file Registrate-MC1.20-1.3.3.jar for modid Registrate.MC1._20 with version 0.0NONE
[15May2026 02:29:51.901] [main/DEBUG] [net.minecraftforge.fml.loading.UniqueModListBuilder/]: Found 2 mods for first modid com.twelvemonkeys.imageio.webp, selecting most recent based on version data
[15May2026 02:29:51.901] [main/DEBUG] [net.minecraftforge.fml.loading.UniqueModListBuilder/]: Selected file imageio-webp-3.12.0.jar for modid com.twelvemonkeys.imageio.webp with version 3.12.0
[15May2026 02:29:51.901] [main/DEBUG] [net.minecraftforge.fml.loading.UniqueModListBuilder/]: Found 2 mods for first modid mixinextras, selecting most recent based on version data
[15May2026 02:29:51.902] [main/DEBUG] [net.minecraftforge.fml.loading.UniqueModListBuilder/]: Selected file mixinextras-forge-0.2.0-beta.6.jar for modid mixinextras with version 0.2.0-beta.6
[15May2026 02:29:51.902] [main/DEBUG] [net.minecraftforge.fml.loading.UniqueModListBuilder/]: Found 2 mods for first modid com.twelvemonkeys.common.lang, selecting most recent based on version data
[15May2026 02:29:51.902] [main/DEBUG] [net.minecraftforge.fml.loading.UniqueModListBuilder/]: Selected file common-lang-3.12.0.jar for modid com.twelvemonkeys.common.lang with version 3.12.0
[15May2026 02:29:51.902] [main/DEBUG] [net.minecraftforge.fml.loading.UniqueModListBuilder/]: Found 2 mods for first modid com.twelvemonkeys.imageio.metadata, selecting most recent based on version data
[15May2026 02:29:51.902] [main/DEBUG] [net.minecraftforge.fml.loading.UniqueModListBuilder/]: Selected file imageio-metadata-3.12.0.jar for modid com.twelvemonkeys.imageio.metadata with version 3.12.0
[15May2026 02:29:51.902] [main/DEBUG] [net.minecraftforge.fml.loading.UniqueModListBuilder/]: Found 2 mods for first modid luaj.jse.figura, selecting most recent based on version data
[15May2026 02:29:51.902] [main/DEBUG] [net.minecraftforge.fml.loading.UniqueModListBuilder/]: Selected file luaj-jse-3.0.8-figura.jar for modid luaj.jse.figura with version 0.0NONE
[15May2026 02:29:51.902] [main/DEBUG] [net.minecraftforge.fml.loading.UniqueModListBuilder/]: Found 2 mods for first modid yabn, selecting most recent based on version data
[15May2026 02:29:51.902] [main/DEBUG] [net.minecraftforge.fml.loading.UniqueModListBuilder/]: Selected file yabn-1.0.3.jar for modid yabn with version 0.0NONE
[15May2026 02:29:51.902] [main/DEBUG] [net.minecraftforge.fml.loading.UniqueModListBuilder/]: Found 2 mods for first modid org.quiltmc.parsers.gson, selecting most recent based on version data
[15May2026 02:29:51.902] [main/DEBUG] [net.minecraftforge.fml.loading.UniqueModListBuilder/]: Selected file gson-0.2.1.jar for modid org.quiltmc.parsers.gson with version 0.0NONE
[15May2026 02:29:51.902] [main/DEBUG] [net.minecraftforge.fml.loading.UniqueModListBuilder/]: Found 2 mods for first modid commons.math3, selecting most recent based on version data
[15May2026 02:29:51.902] [main/DEBUG] [net.minecraftforge.fml.loading.UniqueModListBuilder/]: Selected file commons-math3-3.6.1.jar for modid commons.math3 with version 3.6.1
[15May2026 02:29:51.902] [main/DEBUG] [net.minecraftforge.fml.loading.UniqueModListBuilder/]: Found 2 mods for first modid luaj.core.figura, selecting most recent based on version data
[15May2026 02:29:51.902] [main/DEBUG] [net.minecraftforge.fml.loading.UniqueModListBuilder/]: Selected file luaj-core-3.0.8-figura.jar for modid luaj.core.figura with version 0.0NONE
[15May2026 02:29:51.903] [main/DEBUG] [net.minecraftforge.fml.loading.UniqueModListBuilder/]: Found 2 mods for first modid webp4j, selecting most recent based on version data
[15May2026 02:29:51.903] [main/DEBUG] [net.minecraftforge.fml.loading.UniqueModListBuilder/]: Selected file webp4j-1.3.0.jar for modid webp4j with version 0.0NONE
[15May2026 02:29:51.903] [main/DEBUG] [net.minecraftforge.fml.loading.UniqueModListBuilder/]: Found 2 mods for first modid bytecodecs, selecting most recent based on version data
[15May2026 02:29:51.903] [main/DEBUG] [net.minecraftforge.fml.loading.UniqueModListBuilder/]: Selected file bytecodecs-1.0.2.jar for modid bytecodecs with version 0.0NONE
[15May2026 02:29:51.903] [main/DEBUG] [net.minecraftforge.fml.loading.UniqueModListBuilder/]: Found 2 mods for first modid MathParser.org.mXparser, selecting most recent based on version data
[15May2026 02:29:51.903] [main/DEBUG] [net.minecraftforge.fml.loading.UniqueModListBuilder/]: Selected file MathParser.org-mXparser-5.2.1.jar for modid MathParser.org.mXparser with version 0.0NONE
[15May2026 02:29:51.903] [main/DEBUG] [net.minecraftforge.fml.loading.UniqueModListBuilder/]: Found 2 mods for first modid com.twelvemonkeys.common.image, selecting most recent based on version data
[15May2026 02:29:51.903] [main/DEBUG] [net.minecraftforge.fml.loading.UniqueModListBuilder/]: Selected file common-image-3.12.0.jar for modid com.twelvemonkeys.common.image with version 3.12.0
[15May2026 02:29:51.903] [main/DEBUG] [net.minecraftforge.fml.loading.UniqueModListBuilder/]: Found 2 mods for first modid org.apache.bcel, selecting most recent based on version data
[15May2026 02:29:51.903] [main/DEBUG] [net.minecraftforge.fml.loading.UniqueModListBuilder/]: Selected file bcel-6.6.1.jar for modid org.apache.bcel with version 6.6.1
[15May2026 02:29:51.903] [main/DEBUG] [net.minecraftforge.fml.loading.UniqueModListBuilder/]: Found 2 mods for first modid com.twelvemonkeys.imageio.core, selecting most recent based on version data
[15May2026 02:29:51.903] [main/DEBUG] [net.minecraftforge.fml.loading.UniqueModListBuilder/]: Selected file imageio-core-3.12.0.jar for modid com.twelvemonkeys.imageio.core with version 3.12.0
[15May2026 02:29:51.904] [main/DEBUG] [net.minecraftforge.fml.loading.UniqueModListBuilder/]: Found 2 mods for first modid thedarkcolour.kotlinforforge.kfflib, selecting most recent based on version data
[15May2026 02:29:51.904] [main/DEBUG] [net.minecraftforge.fml.loading.UniqueModListBuilder/]: Selected file kfflib-4.12.0.jar for modid thedarkcolour.kotlinforforge.kfflib with version 4.12.0
[15May2026 02:29:51.904] [main/DEBUG] [net.minecraftforge.fml.loading.UniqueModListBuilder/]: Found 2 mods for first modid com.twelvemonkeys.common.io, selecting most recent based on version data
[15May2026 02:29:51.904] [main/DEBUG] [net.minecraftforge.fml.loading.UniqueModListBuilder/]: Selected file common-io-3.12.0.jar for modid com.twelvemonkeys.common.io with version 3.12.0
[15May2026 02:29:51.904] [main/DEBUG] [net.minecraftforge.fml.loading.UniqueModListBuilder/]: Found 2 mods for first modid MixinExtras, selecting most recent based on version data
[15May2026 02:29:51.904] [main/DEBUG] [net.minecraftforge.fml.loading.UniqueModListBuilder/]: Selected file MixinExtras-0.4.1.jar for modid MixinExtras with version 0.0NONE
[15May2026 02:29:51.906] [main/DEBUG] [net.minecraftforge.fml.loading.ModSorter/]: Configured system mods: [minecraft, forge]
[15May2026 02:29:51.906] [main/DEBUG] [net.minecraftforge.fml.loading.ModSorter/]: Found system mod: minecraft
[15May2026 02:29:51.906] [main/DEBUG] [net.minecraftforge.fml.loading.ModSorter/]: Found system mod: forge
[15May2026 02:29:51.909] [main/DEBUG] [net.minecraftforge.fml.loading.ModSorter/LOADING]: Found 172 mod requirements (158 mandatory, 14 optional)
[15May2026 02:29:51.910] [main/DEBUG] [net.minecraftforge.fml.loading.ModSorter/LOADING]: Found 0 mod requirements missing (0 mandatory, 0 optional)
[15May2026 02:29:52.470] [main/DEBUG] [cpw.mods.modlauncher.TransformationServicesHandler/MODLAUNCHER]: Transformation services loading transformers
[15May2026 02:29:52.471] [main/DEBUG] [cpw.mods.modlauncher.TransformationServiceDecorator/MODLAUNCHER]: Initializing transformers for transformation service mixin
[15May2026 02:29:52.471] [main/DEBUG] [cpw.mods.modlauncher.TransformationServiceDecorator/MODLAUNCHER]: Initialized transformers for transformation service mixin
[15May2026 02:29:52.471] [main/DEBUG] [cpw.mods.modlauncher.TransformationServiceDecorator/MODLAUNCHER]: Initializing transformers for transformation service fml
[15May2026 02:29:52.471] [main/DEBUG] [net.minecraftforge.fml.loading.FMLServiceProvider/CORE]: Loading coremod transformers
[15May2026 02:29:52.472] [main/DEBUG] [net.minecraftforge.coremod.CoreModEngine/COREMOD]: Loading CoreMod from META-INF/xaeroworldmap_core.js
[15May2026 02:29:52.816] [main/DEBUG] [net.minecraftforge.coremod.CoreModEngine/COREMOD]: CoreMod loaded successfully
[15May2026 02:29:52.816] [main/DEBUG] [net.minecraftforge.coremod.CoreModEngine/COREMOD]: Loading CoreMod from coremods/get_ench_level_event.js
[15May2026 02:29:52.836] [main/DEBUG] [net.minecraftforge.coremod.CoreModEngine/COREMOD]: CoreMod loaded successfully
[15May2026 02:29:52.836] [main/DEBUG] [net.minecraftforge.coremod.CoreModEngine/COREMOD]: Loading CoreMod from coremods/get_ench_level_event_specific.js
[15May2026 02:29:52.849] [main/DEBUG] [net.minecraftforge.coremod.CoreModEngine/COREMOD]: CoreMod loaded successfully
[15May2026 02:29:52.852] [main/DEBUG] [net.minecraftforge.coremod.CoreModEngine/COREMOD]: Loading CoreMod from coremods/potion_gui_tooltips.js
[15May2026 02:29:52.868] [main/DEBUG] [net.minecraftforge.coremod.CoreModEngine/COREMOD]: CoreMod loaded successfully
[15May2026 02:29:52.868] [main/DEBUG] [net.minecraftforge.coremod.CoreModEngine/COREMOD]: Loading CoreMod from coremods/field_to_method.js
[15May2026 02:29:52.916] [main/DEBUG] [net.minecraftforge.coremod.CoreModEngine/COREMOD]: CoreMod loaded successfully
[15May2026 02:29:52.916] [main/DEBUG] [net.minecraftforge.coremod.CoreModEngine/COREMOD]: Loading CoreMod from coremods/field_to_instanceof.js
[15May2026 02:29:52.973] [main/DEBUG] [net.minecraftforge.coremod.CoreModEngine/COREMOD]: CoreMod loaded successfully
[15May2026 02:29:52.973] [main/DEBUG] [net.minecraftforge.coremod.CoreModEngine/COREMOD]: Loading CoreMod from coremods/add_bouncer_method.js
[15May2026 02:29:53.019] [main/DEBUG] [net.minecraftforge.coremod.CoreModEngine/COREMOD]: CoreMod loaded successfully
[15May2026 02:29:53.019] [main/DEBUG] [net.minecraftforge.coremod.CoreModEngine/COREMOD]: Loading CoreMod from coremods/method_redirector.js
[15May2026 02:29:53.099] [main/DEBUG] [net.minecraftforge.coremod.CoreModEngine/COREMOD]: CoreMod loaded successfully
[15May2026 02:29:53.099] [main/DEBUG] [net.minecraftforge.coremod.CoreModEngine/COREMOD]: Loading CoreMod from META-INF/xaerohud_core.js
[15May2026 02:29:53.159] [main/DEBUG] [net.minecraftforge.coremod.CoreModEngine/COREMOD]: CoreMod loaded successfully
[15May2026 02:29:53.172] [main/DEBUG] [cpw.mods.modlauncher.TransformStore/MODLAUNCHER]: Adding transformer net.minecraftforge.coremod.transformer.CoreModClassTransformer@6f7a2a5 to Target : CLASS {Lnet/minecraft/world/level/biome/Biome;} {} {V}
[15May2026 02:29:53.176] [main/DEBUG] [cpw.mods.modlauncher.TransformStore/MODLAUNCHER]: Adding transformer net.minecraftforge.coremod.transformer.CoreModClassTransformer@44592c39 to Target : CLASS {Lnet/minecraft/world/level/levelgen/structure/Structure;} {} {V}
[15May2026 02:29:53.178] [main/DEBUG] [cpw.mods.modlauncher.TransformStore/MODLAUNCHER]: Adding transformer net.minecraftforge.coremod.transformer.CoreModClassTransformer@2a87ba34 to Target : CLASS {Lnet/minecraft/world/effect/MobEffectInstance;} {} {V}
[15May2026 02:29:53.179] [main/DEBUG] [cpw.mods.modlauncher.TransformStore/MODLAUNCHER]: Adding transformer net.minecraftforge.coremod.transformer.CoreModClassTransformer@34d480b9 to Target : CLASS {Lnet/minecraft/world/level/block/LiquidBlock;} {} {V}
[15May2026 02:29:53.179] [main/DEBUG] [cpw.mods.modlauncher.TransformStore/MODLAUNCHER]: Adding transformer net.minecraftforge.coremod.transformer.CoreModClassTransformer@6b415f5f to Target : CLASS {Lnet/minecraft/world/item/BucketItem;} {} {V}
[15May2026 02:29:53.179] [main/DEBUG] [cpw.mods.modlauncher.TransformStore/MODLAUNCHER]: Adding transformer net.minecraftforge.coremod.transformer.CoreModClassTransformer@66749eea to Target : CLASS {Lnet/minecraft/world/level/block/StairBlock;} {} {V}
[15May2026 02:29:53.179] [main/DEBUG] [cpw.mods.modlauncher.TransformStore/MODLAUNCHER]: Adding transformer net.minecraftforge.coremod.transformer.CoreModClassTransformer@7135ce0a to Target : CLASS {Lnet/minecraft/world/level/block/FlowerPotBlock;} {} {V}
[15May2026 02:29:53.179] [main/DEBUG] [cpw.mods.modlauncher.TransformStore/MODLAUNCHER]: Adding transformer net.minecraftforge.coremod.transformer.CoreModClassTransformer@617449dd to Target : CLASS {Lnet/minecraft/world/item/ItemStack;} {} {V}
[15May2026 02:29:53.179] [main/DEBUG] [cpw.mods.modlauncher.TransformStore/MODLAUNCHER]: Adding transformer net.minecraftforge.coremod.transformer.CoreModClassTransformer@2e590b to Target : CLASS {Lnet/minecraft/network/play/client/CClientSettingsPacket;} {} {V}
[15May2026 02:29:53.179] [main/DEBUG] [cpw.mods.modlauncher.TransformStore/MODLAUNCHER]: Adding transformer net.minecraftforge.coremod.transformer.CoreModClassTransformer@42ef042a to Target : CLASS {Lnet/minecraft/world/level/levelgen/structure/templatesystem/StructureTemplate;} {} {V}
[15May2026 02:29:53.179] [main/DEBUG] [cpw.mods.modlauncher.TransformStore/MODLAUNCHER]: Adding transformer net.minecraftforge.coremod.transformer.CoreModClassTransformer@42ef042a to Target : CLASS {Lnet/minecraft/world/entity/animal/horse/SkeletonTrapGoal;} {} {V}
[15May2026 02:29:53.179] [main/DEBUG] [cpw.mods.modlauncher.TransformStore/MODLAUNCHER]: Adding transformer net.minecraftforge.coremod.transformer.CoreModClassTransformer@42ef042a to Target : CLASS {Lnet/minecraft/world/level/levelgen/PhantomSpawner;} {} {V}
[15May2026 02:29:53.179] [main/DEBUG] [cpw.mods.modlauncher.TransformStore/MODLAUNCHER]: Adding transformer net.minecraftforge.coremod.transformer.CoreModClassTransformer@42ef042a to Target : CLASS {Lnet/minecraft/world/entity/monster/Evoker$EvokerSummonSpellGoal;} {} {V}
[15May2026 02:29:53.180] [main/DEBUG] [cpw.mods.modlauncher.TransformStore/MODLAUNCHER]: Adding transformer net.minecraftforge.coremod.transformer.CoreModClassTransformer@42ef042a to Target : CLASS {Lnet/minecraft/world/level/levelgen/structure/structures/WoodlandMansionPieces$WoodlandMansionPiece;} {} {V}
[15May2026 02:29:53.180] [main/DEBUG] [cpw.mods.modlauncher.TransformStore/MODLAUNCHER]: Adding transformer net.minecraftforge.coremod.transformer.CoreModClassTransformer@42ef042a to Target : CLASS {Lnet/minecraft/world/level/levelgen/structure/structures/OceanRuinPieces$OceanRuinPiece;} {} {V}
[15May2026 02:29:53.180] [main/DEBUG] [cpw.mods.modlauncher.TransformStore/MODLAUNCHER]: Adding transformer net.minecraftforge.coremod.transformer.CoreModClassTransformer@42ef042a to Target : CLASS {Lnet/minecraft/world/entity/animal/frog/Tadpole;} {} {V}
[15May2026 02:29:53.180] [main/DEBUG] [cpw.mods.modlauncher.TransformStore/MODLAUNCHER]: Adding transformer net.minecraftforge.coremod.transformer.CoreModClassTransformer@42ef042a to Target : CLASS {Lnet/minecraft/world/entity/monster/Zombie;} {} {V}
[15May2026 02:29:53.180] [main/DEBUG] [cpw.mods.modlauncher.TransformStore/MODLAUNCHER]: Adding transformer net.minecraftforge.coremod.transformer.CoreModClassTransformer@42ef042a to Target : CLASS {Lnet/minecraft/world/entity/monster/Strider;} {} {V}
[15May2026 02:29:53.180] [main/DEBUG] [cpw.mods.modlauncher.TransformStore/MODLAUNCHER]: Adding transformer net.minecraftforge.coremod.transformer.CoreModClassTransformer@42ef042a to Target : CLASS {Lnet/minecraft/server/commands/SummonCommand;} {} {V}
[15May2026 02:29:53.180] [main/DEBUG] [cpw.mods.modlauncher.TransformStore/MODLAUNCHER]: Adding transformer net.minecraftforge.coremod.transformer.CoreModClassTransformer@42ef042a to Target : CLASS {Lnet/minecraft/world/level/NaturalSpawner;} {} {V}
[15May2026 02:29:53.180] [main/DEBUG] [cpw.mods.modlauncher.TransformStore/MODLAUNCHER]: Adding transformer net.minecraftforge.coremod.transformer.CoreModClassTransformer@42ef042a to Target : CLASS {Lnet/minecraft/world/level/levelgen/structure/structures/SwampHutPiece;} {} {V}
[15May2026 02:29:53.180] [main/DEBUG] [cpw.mods.modlauncher.TransformStore/MODLAUNCHER]: Adding transformer net.minecraftforge.coremod.transformer.CoreModClassTransformer@42ef042a to Target : CLASS {Lnet/minecraft/world/entity/npc/CatSpawner;} {} {V}
[15May2026 02:29:53.180] [main/DEBUG] [cpw.mods.modlauncher.TransformStore/MODLAUNCHER]: Adding transformer net.minecraftforge.coremod.transformer.CoreModClassTransformer@42ef042a to Target : CLASS {Lnet/minecraft/world/level/levelgen/PatrolSpawner;} {} {V}
[15May2026 02:29:53.180] [main/DEBUG] [cpw.mods.modlauncher.TransformStore/MODLAUNCHER]: Adding transformer net.minecraftforge.coremod.transformer.CoreModClassTransformer@42ef042a to Target : CLASS {Lnet/minecraft/world/entity/EntityType;} {} {V}
[15May2026 02:29:53.180] [main/DEBUG] [cpw.mods.modlauncher.TransformStore/MODLAUNCHER]: Adding transformer net.minecraftforge.coremod.transformer.CoreModClassTransformer@42ef042a to Target : CLASS {Lnet/minecraft/world/entity/raid/Raid;} {} {V}
[15May2026 02:29:53.180] [main/DEBUG] [cpw.mods.modlauncher.TransformStore/MODLAUNCHER]: Adding transformer net.minecraftforge.coremod.transformer.CoreModClassTransformer@42ef042a to Target : CLASS {Lnet/minecraft/world/entity/npc/Villager;} {} {V}
[15May2026 02:29:53.180] [main/DEBUG] [cpw.mods.modlauncher.TransformStore/MODLAUNCHER]: Adding transformer net.minecraftforge.coremod.transformer.CoreModClassTransformer@42ef042a to Target : CLASS {Lnet/minecraft/server/commands/RaidCommand;} {} {V}
[15May2026 02:29:53.180] [main/DEBUG] [cpw.mods.modlauncher.TransformStore/MODLAUNCHER]: Adding transformer net.minecraftforge.coremod.transformer.CoreModClassTransformer@42ef042a to Target : CLASS {Lnet/minecraft/world/entity/ai/village/VillageSiege;} {} {V}
[15May2026 02:29:53.181] [main/DEBUG] [cpw.mods.modlauncher.TransformStore/MODLAUNCHER]: Adding transformer net.minecraftforge.coremod.transformer.CoreModClassTransformer@42ef042a to Target : CLASS {Lnet/minecraft/world/entity/monster/Spider;} {} {V}
[15May2026 02:29:53.181] [main/DEBUG] [cpw.mods.modlauncher.TransformStore/MODLAUNCHER]: Adding transformer net.minecraftforge.coremod.transformer.CoreModClassTransformer@42ef042a to Target : CLASS {Lnet/minecraft/world/entity/monster/ZombieVillager;} {} {V}
[15May2026 02:29:53.181] [main/DEBUG] [cpw.mods.modlauncher.TransformStore/MODLAUNCHER]: Adding transformer net.minecraftforge.coremod.transformer.CoreModClassTransformer@42ef042a to Target : CLASS {Lnet/minecraft/world/level/levelgen/structure/structures/OceanMonumentPieces$OceanMonumentPiece;} {} {V}
[15May2026 02:29:53.181] [main/DEBUG] [cpw.mods.modlauncher.TransformStore/MODLAUNCHER]: Adding transformer net.minecraftforge.coremod.transformer.CoreModMethodTransformer@5e0c4f21 to Target : METHOD {Lnet/minecraftforge/common/extensions/IForgeItemStack;} {getAllEnchantments} {()Ljava/util/Map;}
[15May2026 02:29:53.181] [main/DEBUG] [cpw.mods.modlauncher.TransformStore/MODLAUNCHER]: Adding transformer net.minecraftforge.coremod.transformer.CoreModMethodTransformer@2c18a3ea to Target : METHOD {Lnet/minecraftforge/common/extensions/IForgeItemStack;} {getEnchantmentLevel} {(Lnet/minecraft/world/item/enchantment/Enchantment;)I}
[15May2026 02:29:53.181] [main/DEBUG] [cpw.mods.modlauncher.TransformStore/MODLAUNCHER]: Adding transformer net.minecraftforge.coremod.transformer.CoreModMethodTransformer@166c2c17 to Target : METHOD {Lnet/minecraft/client/gui/screens/inventory/EffectRenderingInventoryScreen;} {m_280113_} {(Lnet/minecraft/client/gui/GuiGraphics;II)V}
[15May2026 02:29:53.181] [main/DEBUG] [cpw.mods.modlauncher.TransformStore/MODLAUNCHER]: Adding transformer net.minecraftforge.coremod.transformer.CoreModMethodTransformer@25953be6 to Target : METHOD {Lnet/minecraft/client/ToggleKeyMapping;} {m_90857_} {()Z}
[15May2026 02:29:53.181] [main/DEBUG] [cpw.mods.modlauncher.TransformationServiceDecorator/MODLAUNCHER]: Initialized transformers for transformation service fml
[15May2026 02:29:54.649] [main/DEBUG] [mixin/]: Processing prepare() for PlatformAgent[MixinPlatformAgentDefault:ModLauncher Root Container(ModLauncher:4f56a0a2)]
[15May2026 02:29:54.652] [main/DEBUG] [mixin/]: Processing launch tasks for PlatformAgent[MixinPlatformAgentDefault:ModLauncher Root Container(ModLauncher:4f56a0a2)]
[15May2026 02:29:54.653] [main/DEBUG] [mixin/]: Adding mixin platform agents for container SecureJarResource(betterdungeons)
[15May2026 02:29:54.653] [main/DEBUG] [mixin/]: Instancing new MixinPlatformAgentMinecraftForge for SecureJarResource(betterdungeons)
[15May2026 02:29:54.653] [main/DEBUG] [mixin/]: MixinPlatformAgentMinecraftForge rejected container SecureJarResource(betterdungeons)
[15May2026 02:29:54.653] [main/DEBUG] [mixin/]: Instancing new MixinPlatformAgentDefault for SecureJarResource(betterdungeons)
[15May2026 02:29:54.653] [main/DEBUG] [mixin/]: MixinPlatformAgentDefault accepted container SecureJarResource(betterdungeons)
[15May2026 02:29:54.653] [main/DEBUG] [mixin/]: Processing prepare() for PlatformAgent[MixinPlatformAgentDefault:SecureJarResource(betterdungeons)]
[15May2026 02:29:54.653] [main/DEBUG] [mixin/]: Registering mixin config: betterdungeons.mixins.json
[15May2026 02:29:54.675] [main/DEBUG] [mixin/]: Compatibility level JAVA_17 specified by betterdungeons.mixins.json is higher than the maximum level supported by this version of mixin (JAVA_13).
[15May2026 02:29:54.683] [main/INFO] [mixin/]: Compatibility level set to JAVA_17
[15May2026 02:29:54.685] [main/DEBUG] [mixin/]: Registering mixin config: betterdungeons_forge.mixins.json
[15May2026 02:29:54.691] [main/DEBUG] [mixin/]: Adding mixin platform agents for container SecureJarResource(kuma_api)
[15May2026 02:29:54.692] [main/DEBUG] [mixin/]: Instancing new MixinPlatformAgentMinecraftForge for SecureJarResource(kuma_api)
[15May2026 02:29:54.692] [main/DEBUG] [mixin/]: MixinPlatformAgentMinecraftForge rejected container SecureJarResource(kuma_api)
[15May2026 02:29:54.692] [main/DEBUG] [mixin/]: Instancing new MixinPlatformAgentDefault for SecureJarResource(kuma_api)
[15May2026 02:29:54.693] [main/DEBUG] [mixin/]: MixinPlatformAgentDefault accepted container SecureJarResource(kuma_api)
[15May2026 02:29:54.693] [main/DEBUG] [mixin/]: Processing prepare() for PlatformAgent[MixinPlatformAgentDefault:SecureJarResource(kuma_api)]
[15May2026 02:29:54.693] [main/DEBUG] [mixin/]: Registering mixin config: kuma_api.mixins.json
[15May2026 02:29:54.698] [main/DEBUG] [mixin/]: Registering mixin config: kuma_api.forge.mixins.json
[15May2026 02:29:54.702] [main/DEBUG] [mixin/]: Adding mixin platform agents for container SecureJarResource(geckolib)
[15May2026 02:29:54.706] [main/DEBUG] [mixin/]: Instancing new MixinPlatformAgentMinecraftForge for SecureJarResource(geckolib)
[15May2026 02:29:54.710] [main/DEBUG] [mixin/]: MixinPlatformAgentMinecraftForge rejected container SecureJarResource(geckolib)
[15May2026 02:29:54.711] [main/DEBUG] [mixin/]: Instancing new MixinPlatformAgentDefault for SecureJarResource(geckolib)
[15May2026 02:29:54.711] [main/DEBUG] [mixin/]: MixinPlatformAgentDefault accepted container SecureJarResource(geckolib)
[15May2026 02:29:54.711] [main/DEBUG] [mixin/]: Processing prepare() for PlatformAgent[MixinPlatformAgentDefault:SecureJarResource(geckolib)]
[15May2026 02:29:54.711] [main/DEBUG] [mixin/]: Registering mixin config: geckolib.mixins.json
[15May2026 02:29:54.719] [main/DEBUG] [mixin/]: Adding mixin platform agents for container SecureJarResource(illagerinvasion)
[15May2026 02:29:54.719] [main/DEBUG] [mixin/]: Instancing new MixinPlatformAgentMinecraftForge for SecureJarResource(illagerinvasion)
[15May2026 02:29:54.719] [main/DEBUG] [mixin/]: MixinPlatformAgentMinecraftForge rejected container SecureJarResource(illagerinvasion)
[15May2026 02:29:54.719] [main/DEBUG] [mixin/]: Instancing new MixinPlatformAgentDefault for SecureJarResource(illagerinvasion)
[15May2026 02:29:54.719] [main/DEBUG] [mixin/]: MixinPlatformAgentDefault accepted container SecureJarResource(illagerinvasion)
[15May2026 02:29:54.720] [main/DEBUG] [mixin/]: Processing prepare() for PlatformAgent[MixinPlatformAgentDefault:SecureJarResource(illagerinvasion)]
[15May2026 02:29:54.720] [main/DEBUG] [mixin/]: Registering mixin config: illagerinvasion.common.mixins.json
[15May2026 02:29:54.722] [main/DEBUG] [mixin/]: Registering mixin config: illagerinvasion.forge.mixins.json
[15May2026 02:29:54.728] [main/DEBUG] [mixin/]: Adding mixin platform agents for container SecureJarResource(dynamiclights)
[15May2026 02:29:54.729] [main/DEBUG] [mixin/]: Instancing new MixinPlatformAgentMinecraftForge for SecureJarResource(dynamiclights)
[15May2026 02:29:54.729] [main/DEBUG] [mixin/]: MixinPlatformAgentMinecraftForge rejected container SecureJarResource(dynamiclights)
[15May2026 02:29:54.731] [main/DEBUG] [mixin/]: Instancing new MixinPlatformAgentDefault for SecureJarResource(dynamiclights)
[15May2026 02:29:54.732] [main/DEBUG] [mixin/]: MixinPlatformAgentDefault accepted container SecureJarResource(dynamiclights)
[15May2026 02:29:54.732] [main/DEBUG] [mixin/]: Processing prepare() for PlatformAgent[MixinPlatformAgentDefault:SecureJarResource(dynamiclights)]
[15May2026 02:29:54.732] [main/DEBUG] [mixin/]: Adding mixin platform agents for container SecureJarResource(immersive_aircraft)
[15May2026 02:29:54.732] [main/DEBUG] [mixin/]: Instancing new MixinPlatformAgentMinecraftForge for SecureJarResource(immersive_aircraft)
[15May2026 02:29:54.732] [main/DEBUG] [mixin/]: MixinPlatformAgentMinecraftForge rejected container SecureJarResource(immersive_aircraft)
[15May2026 02:29:54.732] [main/DEBUG] [mixin/]: Instancing new MixinPlatformAgentDefault for SecureJarResource(immersive_aircraft)
[15May2026 02:29:54.732] [main/DEBUG] [mixin/]: MixinPlatformAgentDefault accepted container SecureJarResource(immersive_aircraft)
[15May2026 02:29:54.732] [main/DEBUG] [mixin/]: Processing prepare() for PlatformAgent[MixinPlatformAgentDefault:SecureJarResource(immersive_aircraft)]
[15May2026 02:29:54.732] [main/DEBUG] [mixin/]: Registering mixin config: immersive_aircraft.mixins.json
[15May2026 02:29:54.738] [main/DEBUG] [mixin/]: Adding mixin platform agents for container SecureJarResource(sophisticatedcore)
[15May2026 02:29:54.738] [main/DEBUG] [mixin/]: Instancing new MixinPlatformAgentMinecraftForge for SecureJarResource(sophisticatedcore)
[15May2026 02:29:54.738] [main/DEBUG] [mixin/]: MixinPlatformAgentMinecraftForge rejected container SecureJarResource(sophisticatedcore)
[15May2026 02:29:54.738] [main/DEBUG] [mixin/]: Instancing new MixinPlatformAgentDefault for SecureJarResource(sophisticatedcore)
[15May2026 02:29:54.738] [main/DEBUG] [mixin/]: MixinPlatformAgentDefault accepted container SecureJarResource(sophisticatedcore)
[15May2026 02:29:54.738] [main/DEBUG] [mixin/]: Processing prepare() for PlatformAgent[MixinPlatformAgentDefault:SecureJarResource(sophisticatedcore)]
[15May2026 02:29:54.738] [main/DEBUG] [mixin/]: Registering mixin config: sophisticatedcore.mixins.json
[15May2026 02:29:54.740] [main/DEBUG] [mixin/]: Adding mixin platform agents for container SecureJarResource(xaeroworldmap)
[15May2026 02:29:54.740] [main/DEBUG] [mixin/]: Instancing new MixinPlatformAgentMinecraftForge for SecureJarResource(xaeroworldmap)
[15May2026 02:29:54.741] [main/DEBUG] [mixin/]: MixinPlatformAgentMinecraftForge rejected container SecureJarResource(xaeroworldmap)
[15May2026 02:29:54.741] [main/DEBUG] [mixin/]: Instancing new MixinPlatformAgentDefault for SecureJarResource(xaeroworldmap)
[15May2026 02:29:54.741] [main/DEBUG] [mixin/]: MixinPlatformAgentDefault accepted container SecureJarResource(xaeroworldmap)
[15May2026 02:29:54.741] [main/DEBUG] [mixin/]: Processing prepare() for PlatformAgent[MixinPlatformAgentDefault:SecureJarResource(xaeroworldmap)]
[15May2026 02:29:54.741] [main/DEBUG] [mixin/]: Registering mixin config: xaeroworldmap.mixins.json
[15May2026 02:29:54.745] [main/DEBUG] [mixin/]: Registering mixin config: xaeroworldmap.forge.mixins.json
[15May2026 02:29:54.750] [main/DEBUG] [mixin/]: Adding mixin platform agents for container SecureJarResource(placebo)
[15May2026 02:29:54.751] [main/DEBUG] [mixin/]: Instancing new MixinPlatformAgentMinecraftForge for SecureJarResource(placebo)
[15May2026 02:29:54.751] [main/DEBUG] [mixin/]: MixinPlatformAgentMinecraftForge rejected container SecureJarResource(placebo)
[15May2026 02:29:54.751] [main/DEBUG] [mixin/]: Instancing new MixinPlatformAgentDefault for SecureJarResource(placebo)
[15May2026 02:29:54.751] [main/DEBUG] [mixin/]: MixinPlatformAgentDefault accepted container SecureJarResource(placebo)
[15May2026 02:29:54.751] [main/DEBUG] [mixin/]: Processing prepare() for PlatformAgent[MixinPlatformAgentDefault:SecureJarResource(placebo)]
[15May2026 02:29:54.751] [main/DEBUG] [mixin/]: Registering mixin config: placebo.mixins.json
[15May2026 02:29:54.753] [main/DEBUG] [mixin/]: Adding mixin platform agents for container SecureJarResource(citadel)
[15May2026 02:29:54.754] [main/DEBUG] [mixin/]: Instancing new MixinPlatformAgentMinecraftForge for SecureJarResource(citadel)
[15May2026 02:29:54.755] [main/DEBUG] [mixin/]: MixinPlatformAgentMinecraftForge rejected container SecureJarResource(citadel)
[15May2026 02:29:54.755] [main/DEBUG] [mixin/]: Instancing new MixinPlatformAgentDefault for SecureJarResource(citadel)
[15May2026 02:29:54.755] [main/DEBUG] [mixin/]: MixinPlatformAgentDefault accepted container SecureJarResource(citadel)
[15May2026 02:29:54.756] [main/DEBUG] [mixin/]: Processing prepare() for PlatformAgent[MixinPlatformAgentDefault:SecureJarResource(citadel)]
[15May2026 02:29:54.756] [main/DEBUG] [mixin/]: Registering mixin config: citadel.mixins.json
[15May2026 02:29:54.762] [main/DEBUG] [mixin/]: Adding mixin platform agents for container SecureJarResource(alexsmobs)
[15May2026 02:29:54.762] [main/DEBUG] [mixin/]: Instancing new MixinPlatformAgentMinecraftForge for SecureJarResource(alexsmobs)
[15May2026 02:29:54.762] [main/DEBUG] [mixin/]: MixinPlatformAgentMinecraftForge rejected container SecureJarResource(alexsmobs)
[15May2026 02:29:54.762] [main/DEBUG] [mixin/]: Instancing new MixinPlatformAgentDefault for SecureJarResource(alexsmobs)
[15May2026 02:29:54.762] [main/DEBUG] [mixin/]: MixinPlatformAgentDefault accepted container SecureJarResource(alexsmobs)
[15May2026 02:29:54.762] [main/DEBUG] [mixin/]: Processing prepare() for PlatformAgent[MixinPlatformAgentDefault:SecureJarResource(alexsmobs)]
[15May2026 02:29:54.763] [main/DEBUG] [mixin/]: Registering mixin config: citadel.mixins.json
[15May2026 02:29:54.763] [main/DEBUG] [mixin/]: Adding mixin platform agents for container SecureJarResource(yungsapi)
[15May2026 02:29:54.763] [main/DEBUG] [mixin/]: Instancing new MixinPlatformAgentMinecraftForge for SecureJarResource(yungsapi)
[15May2026 02:29:54.763] [main/DEBUG] [mixin/]: MixinPlatformAgentMinecraftForge rejected container SecureJarResource(yungsapi)
[15May2026 02:29:54.763] [main/DEBUG] [mixin/]: Instancing new MixinPlatformAgentDefault for SecureJarResource(yungsapi)
[15May2026 02:29:54.763] [main/DEBUG] [mixin/]: MixinPlatformAgentDefault accepted container SecureJarResource(yungsapi)
[15May2026 02:29:54.763] [main/DEBUG] [mixin/]: Processing prepare() for PlatformAgent[MixinPlatformAgentDefault:SecureJarResource(yungsapi)]
[15May2026 02:29:54.763] [main/DEBUG] [mixin/]: Registering mixin config: yungsapi.mixins.json
[15May2026 02:29:54.768] [main/DEBUG] [mixin/]: Registering mixin config: yungsapi_forge.mixins.json
[15May2026 02:29:54.770] [main/DEBUG] [mixin/]: Adding mixin platform agents for container SecureJarResource(mixinextras)
[15May2026 02:29:54.772] [main/DEBUG] [mixin/]: Instancing new MixinPlatformAgentMinecraftForge for SecureJarResource(mixinextras)
[15May2026 02:29:54.773] [main/DEBUG] [mixin/]: MixinPlatformAgentMinecraftForge rejected container SecureJarResource(mixinextras)
[15May2026 02:29:54.773] [main/DEBUG] [mixin/]: Instancing new MixinPlatformAgentDefault for SecureJarResource(mixinextras)
[15May2026 02:29:54.773] [main/DEBUG] [mixin/]: MixinPlatformAgentDefault accepted container SecureJarResource(mixinextras)
[15May2026 02:29:54.773] [main/DEBUG] [mixin/]: Processing prepare() for PlatformAgent[MixinPlatformAgentDefault:SecureJarResource(mixinextras)]
[15May2026 02:29:54.773] [main/DEBUG] [mixin/]: Registering mixin config: mixinextras.init.mixins.json
[15May2026 02:29:54.775] [main/DEBUG] [mixin/]: Adding mixin platform agents for container SecureJarResource(sophisticatedbackpacks)
[15May2026 02:29:54.777] [main/DEBUG] [mixin/]: Instancing new MixinPlatformAgentMinecraftForge for SecureJarResource(sophisticatedbackpacks)
[15May2026 02:29:54.778] [main/DEBUG] [mixin/]: MixinPlatformAgentMinecraftForge rejected container SecureJarResource(sophisticatedbackpacks)
[15May2026 02:29:54.778] [main/DEBUG] [mixin/]: Instancing new MixinPlatformAgentDefault for SecureJarResource(sophisticatedbackpacks)
[15May2026 02:29:54.778] [main/DEBUG] [mixin/]: MixinPlatformAgentDefault accepted container SecureJarResource(sophisticatedbackpacks)
[15May2026 02:29:54.778] [main/DEBUG] [mixin/]: Processing prepare() for PlatformAgent[MixinPlatformAgentDefault:SecureJarResource(sophisticatedbackpacks)]
[15May2026 02:29:54.778] [main/DEBUG] [mixin/]: Adding mixin platform agents for container SecureJarResource(forgivingvoid)
[15May2026 02:29:54.778] [main/DEBUG] [mixin/]: Instancing new MixinPlatformAgentMinecraftForge for SecureJarResource(forgivingvoid)
[15May2026 02:29:54.778] [main/DEBUG] [mixin/]: MixinPlatformAgentMinecraftForge rejected container SecureJarResource(forgivingvoid)
[15May2026 02:29:54.778] [main/DEBUG] [mixin/]: Instancing new MixinPlatformAgentDefault for SecureJarResource(forgivingvoid)
[15May2026 02:29:54.778] [main/DEBUG] [mixin/]: MixinPlatformAgentDefault accepted container SecureJarResource(forgivingvoid)
[15May2026 02:29:54.778] [main/DEBUG] [mixin/]: Processing prepare() for PlatformAgent[MixinPlatformAgentDefault:SecureJarResource(forgivingvoid)]
[15May2026 02:29:54.779] [main/DEBUG] [mixin/]: Registering mixin config: forgivingvoid.mixins.json
[15May2026 02:29:54.783] [main/DEBUG] [mixin/]: Adding mixin platform agents for container SecureJarResource(hordes)
[15May2026 02:29:54.783] [main/DEBUG] [mixin/]: Instancing new MixinPlatformAgentMinecraftForge for SecureJarResource(hordes)
[15May2026 02:29:54.783] [main/DEBUG] [mixin/]: MixinPlatformAgentMinecraftForge rejected container SecureJarResource(hordes)
[15May2026 02:29:54.783] [main/DEBUG] [mixin/]: Instancing new MixinPlatformAgentDefault for SecureJarResource(hordes)
[15May2026 02:29:54.783] [main/DEBUG] [mixin/]: MixinPlatformAgentDefault accepted container SecureJarResource(hordes)
[15May2026 02:29:54.784] [main/DEBUG] [mixin/]: Processing prepare() for PlatformAgent[MixinPlatformAgentDefault:SecureJarResource(hordes)]
[15May2026 02:29:54.784] [main/DEBUG] [mixin/]: Registering mixin config: hordes.mixin.json
[15May2026 02:29:54.785] [main/DEBUG] [mixin/]: Adding mixin platform agents for container SecureJarResource(balm)
[15May2026 02:29:54.786] [main/DEBUG] [mixin/]: Instancing new MixinPlatformAgentMinecraftForge for SecureJarResource(balm)
[15May2026 02:29:54.786] [main/DEBUG] [mixin/]: MixinPlatformAgentMinecraftForge rejected container SecureJarResource(balm)
[15May2026 02:29:54.786] [main/DEBUG] [mixin/]: Instancing new MixinPlatformAgentDefault for SecureJarResource(balm)
[15May2026 02:29:54.786] [main/DEBUG] [mixin/]: MixinPlatformAgentDefault accepted container SecureJarResource(balm)
[15May2026 02:29:54.787] [main/DEBUG] [mixin/]: Processing prepare() for PlatformAgent[MixinPlatformAgentDefault:SecureJarResource(balm)]
[15May2026 02:29:54.787] [main/DEBUG] [mixin/]: Registering mixin config: balm.mixins.json
[15May2026 02:29:54.789] [main/DEBUG] [mixin/]: Adding mixin platform agents for container SecureJarResource(immersive_armors)
[15May2026 02:29:54.789] [main/DEBUG] [mixin/]: Instancing new MixinPlatformAgentMinecraftForge for SecureJarResource(immersive_armors)
[15May2026 02:29:54.789] [main/DEBUG] [mixin/]: MixinPlatformAgentMinecraftForge rejected container SecureJarResource(immersive_armors)
[15May2026 02:29:54.789] [main/DEBUG] [mixin/]: Instancing new MixinPlatformAgentDefault for SecureJarResource(immersive_armors)
[15May2026 02:29:54.789] [main/DEBUG] [mixin/]: MixinPlatformAgentDefault accepted container SecureJarResource(immersive_armors)
[15May2026 02:29:54.789] [main/DEBUG] [mixin/]: Processing prepare() for PlatformAgent[MixinPlatformAgentDefault:SecureJarResource(immersive_armors)]
[15May2026 02:29:54.789] [main/DEBUG] [mixin/]: Registering mixin config: immersive_armors.mixins.json
[15May2026 02:29:54.791] [main/DEBUG] [mixin/]: Adding mixin platform agents for container SecureJarResource(carryon)
[15May2026 02:29:54.791] [main/DEBUG] [mixin/]: Instancing new MixinPlatformAgentMinecraftForge for SecureJarResource(carryon)
[15May2026 02:29:54.791] [main/DEBUG] [mixin/]: MixinPlatformAgentMinecraftForge rejected container SecureJarResource(carryon)
[15May2026 02:29:54.791] [main/DEBUG] [mixin/]: Instancing new MixinPlatformAgentDefault for SecureJarResource(carryon)
[15May2026 02:29:54.791] [main/DEBUG] [mixin/]: MixinPlatformAgentDefault accepted container SecureJarResource(carryon)
[15May2026 02:29:54.792] [main/DEBUG] [mixin/]: Processing prepare() for PlatformAgent[MixinPlatformAgentDefault:SecureJarResource(carryon)]
[15May2026 02:29:54.792] [main/DEBUG] [mixin/]: Registering mixin config: carryon.mixins.json
[15May2026 02:29:54.793] [main/DEBUG] [mixin/]: Registering mixin config: carryon.forge.mixins.json
[15May2026 02:29:54.795] [main/DEBUG] [mixin/]: Adding mixin platform agents for container SecureJarResource(betterfortresses)
[15May2026 02:29:54.795] [main/DEBUG] [mixin/]: Instancing new MixinPlatformAgentMinecraftForge for SecureJarResource(betterfortresses)
[15May2026 02:29:54.795] [main/DEBUG] [mixin/]: MixinPlatformAgentMinecraftForge rejected container SecureJarResource(betterfortresses)
[15May2026 02:29:54.795] [main/DEBUG] [mixin/]: Instancing new MixinPlatformAgentDefault for SecureJarResource(betterfortresses)
[15May2026 02:29:54.795] [main/DEBUG] [mixin/]: MixinPlatformAgentDefault accepted container SecureJarResource(betterfortresses)
[15May2026 02:29:54.795] [main/DEBUG] [mixin/]: Processing prepare() for PlatformAgent[MixinPlatformAgentDefault:SecureJarResource(betterfortresses)]
[15May2026 02:29:54.796] [main/DEBUG] [mixin/]: Registering mixin config: betterfortresses.mixins.json
[15May2026 02:29:54.797] [main/DEBUG] [mixin/]: Registering mixin config: betterfortresses_forge.mixins.json
[15May2026 02:29:54.799] [main/DEBUG] [mixin/]: Adding mixin platform agents for container SecureJarResource(paraglider)
[15May2026 02:29:54.799] [main/DEBUG] [mixin/]: Instancing new MixinPlatformAgentMinecraftForge for SecureJarResource(paraglider)
[15May2026 02:29:54.799] [main/DEBUG] [mixin/]: MixinPlatformAgentMinecraftForge rejected container SecureJarResource(paraglider)
[15May2026 02:29:54.799] [main/DEBUG] [mixin/]: Instancing new MixinPlatformAgentDefault for SecureJarResource(paraglider)
[15May2026 02:29:54.799] [main/DEBUG] [mixin/]: MixinPlatformAgentDefault accepted container SecureJarResource(paraglider)
[15May2026 02:29:54.799] [main/DEBUG] [mixin/]: Processing prepare() for PlatformAgent[MixinPlatformAgentDefault:SecureJarResource(paraglider)]
[15May2026 02:29:54.799] [main/DEBUG] [mixin/]: Registering mixin config: paraglider.mixins.json
[15May2026 02:29:54.801] [main/DEBUG] [mixin/]: Adding mixin platform agents for container SecureJarResource(cloth_config)
[15May2026 02:29:54.801] [main/DEBUG] [mixin/]: Instancing new MixinPlatformAgentMinecraftForge for SecureJarResource(cloth_config)
[15May2026 02:29:54.802] [main/DEBUG] [mixin/]: MixinPlatformAgentMinecraftForge rejected container SecureJarResource(cloth_config)
[15May2026 02:29:54.802] [main/DEBUG] [mixin/]: Instancing new MixinPlatformAgentDefault for SecureJarResource(cloth_config)
[15May2026 02:29:54.802] [main/DEBUG] [mixin/]: MixinPlatformAgentDefault accepted container SecureJarResource(cloth_config)
[15May2026 02:29:54.802] [main/DEBUG] [mixin/]: Processing prepare() for PlatformAgent[MixinPlatformAgentDefault:SecureJarResource(cloth_config)]
[15May2026 02:29:54.802] [main/DEBUG] [mixin/]: Adding mixin platform agents for container SecureJarResource(uniqueaccessories)
[15May2026 02:29:54.802] [main/DEBUG] [mixin/]: Instancing new MixinPlatformAgentMinecraftForge for SecureJarResource(uniqueaccessories)
[15May2026 02:29:54.802] [main/DEBUG] [mixin/]: MixinPlatformAgentMinecraftForge rejected container SecureJarResource(uniqueaccessories)
[15May2026 02:29:54.802] [main/DEBUG] [mixin/]: Instancing new MixinPlatformAgentDefault for SecureJarResource(uniqueaccessories)
[15May2026 02:29:54.802] [main/DEBUG] [mixin/]: MixinPlatformAgentDefault accepted container SecureJarResource(uniqueaccessories)
[15May2026 02:29:54.802] [main/DEBUG] [mixin/]: Processing prepare() for PlatformAgent[MixinPlatformAgentDefault:SecureJarResource(uniqueaccessories)]
[15May2026 02:29:54.802] [main/DEBUG] [mixin/]: Registering mixin config: uniqueaccessories.mixins.json
[15May2026 02:29:54.804] [main/ERROR] [mixin/]: Mixin config uniqueaccessories.mixins.json does not specify "minVersion" property
[15May2026 02:29:54.804] [main/DEBUG] [mixin/]: Adding mixin platform agents for container SecureJarResource(torchmaster)
[15May2026 02:29:54.804] [main/DEBUG] [mixin/]: Instancing new MixinPlatformAgentMinecraftForge for SecureJarResource(torchmaster)
[15May2026 02:29:54.804] [main/DEBUG] [mixin/]: MixinPlatformAgentMinecraftForge rejected container SecureJarResource(torchmaster)
[15May2026 02:29:54.805] [main/DEBUG] [mixin/]: Instancing new MixinPlatformAgentDefault for SecureJarResource(torchmaster)
[15May2026 02:29:54.805] [main/DEBUG] [mixin/]: MixinPlatformAgentDefault accepted container SecureJarResource(torchmaster)
[15May2026 02:29:54.805] [main/DEBUG] [mixin/]: Processing prepare() for PlatformAgent[MixinPlatformAgentDefault:SecureJarResource(torchmaster)]
[15May2026 02:29:54.805] [main/DEBUG] [mixin/]: Adding mixin platform agents for container SecureJarResource(clockwork)
[15May2026 02:29:54.805] [main/DEBUG] [mixin/]: Instancing new MixinPlatformAgentMinecraftForge for SecureJarResource(clockwork)
[15May2026 02:29:54.805] [main/DEBUG] [mixin/]: MixinPlatformAgentMinecraftForge rejected container SecureJarResource(clockwork)
[15May2026 02:29:54.805] [main/DEBUG] [mixin/]: Instancing new MixinPlatformAgentDefault for SecureJarResource(clockwork)
[15May2026 02:29:54.805] [main/DEBUG] [mixin/]: MixinPlatformAgentDefault accepted container SecureJarResource(clockwork)
[15May2026 02:29:54.805] [main/DEBUG] [mixin/]: Processing prepare() for PlatformAgent[MixinPlatformAgentDefault:SecureJarResource(clockwork)]
[15May2026 02:29:54.805] [main/DEBUG] [mixin/]: Registering mixin config: clockwork.mixins.json
[15May2026 02:29:54.807] [main/DEBUG] [mixin/]: Registering mixin config: clockwork.forge.mixins.json
[15May2026 02:29:54.813] [main/DEBUG] [mixin/]: Adding mixin platform agents for container SecureJarResource(resourcefulconfig)
[15May2026 02:29:54.813] [main/DEBUG] [mixin/]: Instancing new MixinPlatformAgentMinecraftForge for SecureJarResource(resourcefulconfig)
[15May2026 02:29:54.813] [main/DEBUG] [mixin/]: MixinPlatformAgentMinecraftForge rejected container SecureJarResource(resourcefulconfig)
[15May2026 02:29:54.813] [main/DEBUG] [mixin/]: Instancing new MixinPlatformAgentDefault for SecureJarResource(resourcefulconfig)
[15May2026 02:29:54.813] [main/DEBUG] [mixin/]: MixinPlatformAgentDefault accepted container SecureJarResource(resourcefulconfig)
[15May2026 02:29:54.813] [main/DEBUG] [mixin/]: Processing prepare() for PlatformAgent[MixinPlatformAgentDefault:SecureJarResource(resourcefulconfig)]
[15May2026 02:29:54.813] [main/DEBUG] [mixin/]: Adding mixin platform agents for container SecureJarResource(curiouslanterns)
[15May2026 02:29:54.813] [main/DEBUG] [mixin/]: Instancing new MixinPlatformAgentMinecraftForge for SecureJarResource(curiouslanterns)
[15May2026 02:29:54.813] [main/DEBUG] [mixin/]: MixinPlatformAgentMinecraftForge rejected container SecureJarResource(curiouslanterns)
[15May2026 02:29:54.813] [main/DEBUG] [mixin/]: Instancing new MixinPlatformAgentDefault for SecureJarResource(curiouslanterns)
[15May2026 02:29:54.813] [main/DEBUG] [mixin/]: MixinPlatformAgentDefault accepted container SecureJarResource(curiouslanterns)
[15May2026 02:29:54.813] [main/DEBUG] [mixin/]: Processing prepare() for PlatformAgent[MixinPlatformAgentDefault:SecureJarResource(curiouslanterns)]
[15May2026 02:29:54.813] [main/DEBUG] [mixin/]: Adding mixin platform agents for container SecureJarResource(curios)
[15May2026 02:29:54.813] [main/DEBUG] [mixin/]: Instancing new MixinPlatformAgentMinecraftForge for SecureJarResource(curios)
[15May2026 02:29:54.813] [main/DEBUG] [mixin/]: MixinPlatformAgentMinecraftForge rejected container SecureJarResource(curios)
[15May2026 02:29:54.813] [main/DEBUG] [mixin/]: Instancing new MixinPlatformAgentDefault for SecureJarResource(curios)
[15May2026 02:29:54.813] [main/DEBUG] [mixin/]: MixinPlatformAgentDefault accepted container SecureJarResource(curios)
[15May2026 02:29:54.813] [main/DEBUG] [mixin/]: Processing prepare() for PlatformAgent[MixinPlatformAgentDefault:SecureJarResource(curios)]
[15May2026 02:29:54.813] [main/DEBUG] [mixin/]: Registering mixin config: curios.mixins.json
[15May2026 02:29:54.818] [main/DEBUG] [mixin/]: Adding mixin platform agents for container SecureJarResource(cerbons_api)
[15May2026 02:29:54.821] [main/DEBUG] [mixin/]: Instancing new MixinPlatformAgentMinecraftForge for SecureJarResource(cerbons_api)
[15May2026 02:29:54.821] [main/DEBUG] [mixin/]: MixinPlatformAgentMinecraftForge rejected container SecureJarResource(cerbons_api)
[15May2026 02:29:54.822] [main/DEBUG] [mixin/]: Instancing new MixinPlatformAgentDefault for SecureJarResource(cerbons_api)
[15May2026 02:29:54.822] [main/DEBUG] [mixin/]: MixinPlatformAgentDefault accepted container SecureJarResource(cerbons_api)
[15May2026 02:29:54.822] [main/DEBUG] [mixin/]: Processing prepare() for PlatformAgent[MixinPlatformAgentDefault:SecureJarResource(cerbons_api)]
[15May2026 02:29:54.822] [main/DEBUG] [mixin/]: Registering mixin config: cerbons_api.mixins.json
[15May2026 02:29:54.824] [main/DEBUG] [mixin/]: Registering mixin config: cerbons_api-common.mixins.json
[15May2026 02:29:54.830] [main/DEBUG] [mixin/]: Adding mixin platform agents for container SecureJarResource(attributeslib)
[15May2026 02:29:54.830] [main/DEBUG] [mixin/]: Instancing new MixinPlatformAgentMinecraftForge for SecureJarResource(attributeslib)
[15May2026 02:29:54.831] [main/DEBUG] [mixin/]: MixinPlatformAgentMinecraftForge rejected container SecureJarResource(attributeslib)
[15May2026 02:29:54.831] [main/DEBUG] [mixin/]: Instancing new MixinPlatformAgentDefault for SecureJarResource(attributeslib)
[15May2026 02:29:54.831] [main/DEBUG] [mixin/]: MixinPlatformAgentDefault accepted container SecureJarResource(attributeslib)
[15May2026 02:29:54.831] [main/DEBUG] [mixin/]: Processing prepare() for PlatformAgent[MixinPlatformAgentDefault:SecureJarResource(attributeslib)]
[15May2026 02:29:54.831] [main/DEBUG] [mixin/]: Registering mixin config: attributeslib.mixins.json
[15May2026 02:29:54.836] [main/DEBUG] [mixin/]: Adding mixin platform agents for container SecureJarResource(tombstone)
[15May2026 02:29:54.838] [main/DEBUG] [mixin/]: Instancing new MixinPlatformAgentMinecraftForge for SecureJarResource(tombstone)
[15May2026 02:29:54.838] [main/DEBUG] [mixin/]: MixinPlatformAgentMinecraftForge rejected container SecureJarResource(tombstone)
[15May2026 02:29:54.838] [main/DEBUG] [mixin/]: Instancing new MixinPlatformAgentDefault for SecureJarResource(tombstone)
[15May2026 02:29:54.840] [main/DEBUG] [mixin/]: MixinPlatformAgentDefault accepted container SecureJarResource(tombstone)
[15May2026 02:29:54.840] [main/DEBUG] [mixin/]: Processing prepare() for PlatformAgent[MixinPlatformAgentDefault:SecureJarResource(tombstone)]
[15May2026 02:29:54.840] [main/DEBUG] [mixin/]: Registering mixin config: tombstone.mixins.json
[15May2026 02:29:54.842] [main/DEBUG] [mixin/]: Adding mixin platform agents for container SecureJarResource(atlaslib)
[15May2026 02:29:54.842] [main/DEBUG] [mixin/]: Instancing new MixinPlatformAgentMinecraftForge for SecureJarResource(atlaslib)
[15May2026 02:29:54.842] [main/DEBUG] [mixin/]: MixinPlatformAgentMinecraftForge rejected container SecureJarResource(atlaslib)
[15May2026 02:29:54.842] [main/DEBUG] [mixin/]: Instancing new MixinPlatformAgentDefault for SecureJarResource(atlaslib)
[15May2026 02:29:54.842] [main/DEBUG] [mixin/]: MixinPlatformAgentDefault accepted container SecureJarResource(atlaslib)
[15May2026 02:29:54.842] [main/DEBUG] [mixin/]: Processing prepare() for PlatformAgent[MixinPlatformAgentDefault:SecureJarResource(atlaslib)]
[15May2026 02:29:54.842] [main/DEBUG] [mixin/]: Adding mixin platform agents for container SecureJarResource(resourcefullib)
[15May2026 02:29:54.842] [main/DEBUG] [mixin/]: Instancing new MixinPlatformAgentMinecraftForge for SecureJarResource(resourcefullib)
[15May2026 02:29:54.842] [main/DEBUG] [mixin/]: MixinPlatformAgentMinecraftForge rejected container SecureJarResource(resourcefullib)
[15May2026 02:29:54.842] [main/DEBUG] [mixin/]: Instancing new MixinPlatformAgentDefault for SecureJarResource(resourcefullib)
[15May2026 02:29:54.847] [main/DEBUG] [mixin/]: MixinPlatformAgentDefault accepted container SecureJarResource(resourcefullib)
[15May2026 02:29:54.847] [main/DEBUG] [mixin/]: Processing prepare() for PlatformAgent[MixinPlatformAgentDefault:SecureJarResource(resourcefullib)]
[15May2026 02:29:54.847] [main/DEBUG] [mixin/]: Adding mixin platform agents for container SecureJarResource(architectury)
[15May2026 02:29:54.847] [main/DEBUG] [mixin/]: Instancing new MixinPlatformAgentMinecraftForge for SecureJarResource(architectury)
[15May2026 02:29:54.847] [main/DEBUG] [mixin/]: MixinPlatformAgentMinecraftForge rejected container SecureJarResource(architectury)
[15May2026 02:29:54.847] [main/DEBUG] [mixin/]: Instancing new MixinPlatformAgentDefault for SecureJarResource(architectury)
[15May2026 02:29:54.847] [main/DEBUG] [mixin/]: MixinPlatformAgentDefault accepted container SecureJarResource(architectury)
[15May2026 02:29:54.847] [main/DEBUG] [mixin/]: Processing prepare() for PlatformAgent[MixinPlatformAgentDefault:SecureJarResource(architectury)]
[15May2026 02:29:54.847] [main/DEBUG] [mixin/]: Registering mixin config: architectury.mixins.json
[15May2026 02:29:54.850] [main/DEBUG] [mixin/]: Compatibility level JAVA_16 specified by architectury.mixins.json is higher than the maximum level supported by this version of mixin (JAVA_13).
[15May2026 02:29:54.851] [main/DEBUG] [mixin/]: Registering mixin config: architectury-common.mixins.json
[15May2026 02:29:54.855] [main/DEBUG] [mixin/]: Compatibility level JAVA_16 specified by architectury-common.mixins.json is higher than the maximum level supported by this version of mixin (JAVA_13).
[15May2026 02:29:54.855] [main/DEBUG] [mixin/]: Adding mixin platform agents for container SecureJarResource(blockpops)
[15May2026 02:29:54.855] [main/DEBUG] [mixin/]: Instancing new MixinPlatformAgentMinecraftForge for SecureJarResource(blockpops)
[15May2026 02:29:54.858] [main/DEBUG] [mixin/]: MixinPlatformAgentMinecraftForge rejected container SecureJarResource(blockpops)
[15May2026 02:29:54.858] [main/DEBUG] [mixin/]: Instancing new MixinPlatformAgentDefault for SecureJarResource(blockpops)
[15May2026 02:29:54.859] [main/DEBUG] [mixin/]: MixinPlatformAgentDefault accepted container SecureJarResource(blockpops)
[15May2026 02:29:54.859] [main/DEBUG] [mixin/]: Processing prepare() for PlatformAgent[MixinPlatformAgentDefault:SecureJarResource(blockpops)]
[15May2026 02:29:54.859] [main/DEBUG] [mixin/]: Registering mixin config: blockpops.mixins.json
[15May2026 02:29:54.863] [main/DEBUG] [mixin/]: Adding mixin platform agents for container SecureJarResource(justhammers)
[15May2026 02:29:54.863] [main/DEBUG] [mixin/]: Instancing new MixinPlatformAgentMinecraftForge for SecureJarResource(justhammers)
[15May2026 02:29:54.863] [main/DEBUG] [mixin/]: MixinPlatformAgentMinecraftForge rejected container SecureJarResource(justhammers)
[15May2026 02:29:54.863] [main/DEBUG] [mixin/]: Instancing new MixinPlatformAgentDefault for SecureJarResource(justhammers)
[15May2026 02:29:54.863] [main/DEBUG] [mixin/]: MixinPlatformAgentDefault accepted container SecureJarResource(justhammers)
[15May2026 02:29:54.863] [main/DEBUG] [mixin/]: Processing prepare() for PlatformAgent[MixinPlatformAgentDefault:SecureJarResource(justhammers)]
[15May2026 02:29:54.863] [main/DEBUG] [mixin/]: Registering mixin config: justhammers-common.mixins.json
[15May2026 02:29:54.866] [main/DEBUG] [mixin/]: Registering mixin config: justhammers.mixins.json
[15May2026 02:29:54.870] [main/DEBUG] [mixin/]: Adding mixin platform agents for container SecureJarResource(refurbished_furniture)
[15May2026 02:29:54.870] [main/DEBUG] [mixin/]: Instancing new MixinPlatformAgentMinecraftForge for SecureJarResource(refurbished_furniture)
[15May2026 02:29:54.870] [main/DEBUG] [mixin/]: MixinPlatformAgentMinecraftForge rejected container SecureJarResource(refurbished_furniture)
[15May2026 02:29:54.870] [main/DEBUG] [mixin/]: Instancing new MixinPlatformAgentDefault for SecureJarResource(refurbished_furniture)
[15May2026 02:29:54.870] [main/DEBUG] [mixin/]: MixinPlatformAgentDefault accepted container SecureJarResource(refurbished_furniture)
[15May2026 02:29:54.870] [main/DEBUG] [mixin/]: Processing prepare() for PlatformAgent[MixinPlatformAgentDefault:SecureJarResource(refurbished_furniture)]
[15May2026 02:29:54.870] [main/DEBUG] [mixin/]: Registering mixin config: refurbished_furniture.common.mixins.json
[15May2026 02:29:54.875] [main/DEBUG] [mixin/]: Adding mixin platform agents for container SecureJarResource(jadeaddons)
[15May2026 02:29:54.875] [main/DEBUG] [mixin/]: Instancing new MixinPlatformAgentMinecraftForge for SecureJarResource(jadeaddons)
[15May2026 02:29:54.875] [main/DEBUG] [mixin/]: MixinPlatformAgentMinecraftForge rejected container SecureJarResource(jadeaddons)
[15May2026 02:29:54.875] [main/DEBUG] [mixin/]: Instancing new MixinPlatformAgentDefault for SecureJarResource(jadeaddons)
[15May2026 02:29:54.875] [main/DEBUG] [mixin/]: MixinPlatformAgentDefault accepted container SecureJarResource(jadeaddons)
[15May2026 02:29:54.875] [main/DEBUG] [mixin/]: Processing prepare() for PlatformAgent[MixinPlatformAgentDefault:SecureJarResource(jadeaddons)]
[15May2026 02:29:54.875] [main/DEBUG] [mixin/]: Registering mixin config: jadeaddons.mixins.json
[15May2026 02:29:54.880] [main/DEBUG] [mixin/]: Adding mixin platform agents for container SecureJarResource(framework)
[15May2026 02:29:54.880] [main/DEBUG] [mixin/]: Instancing new MixinPlatformAgentMinecraftForge for SecureJarResource(framework)
[15May2026 02:29:54.880] [main/DEBUG] [mixin/]: MixinPlatformAgentMinecraftForge rejected container SecureJarResource(framework)
[15May2026 02:29:54.880] [main/DEBUG] [mixin/]: Instancing new MixinPlatformAgentDefault for SecureJarResource(framework)
[15May2026 02:29:54.880] [main/DEBUG] [mixin/]: MixinPlatformAgentDefault accepted container SecureJarResource(framework)
[15May2026 02:29:54.880] [main/DEBUG] [mixin/]: Processing prepare() for PlatformAgent[MixinPlatformAgentDefault:SecureJarResource(framework)]
[15May2026 02:29:54.881] [main/DEBUG] [mixin/]: Adding mixin platform agents for container SecureJarResource(fallingtree)
[15May2026 02:29:54.881] [main/DEBUG] [mixin/]: Instancing new MixinPlatformAgentMinecraftForge for SecureJarResource(fallingtree)
[15May2026 02:29:54.881] [main/DEBUG] [mixin/]: MixinPlatformAgentMinecraftForge rejected container SecureJarResource(fallingtree)
[15May2026 02:29:54.881] [main/DEBUG] [mixin/]: Instancing new MixinPlatformAgentDefault for SecureJarResource(fallingtree)
[15May2026 02:29:54.881] [main/DEBUG] [mixin/]: MixinPlatformAgentDefault accepted container SecureJarResource(fallingtree)
[15May2026 02:29:54.881] [main/DEBUG] [mixin/]: Processing prepare() for PlatformAgent[MixinPlatformAgentDefault:SecureJarResource(fallingtree)]
[15May2026 02:29:54.881] [main/DEBUG] [mixin/]: Adding mixin platform agents for container SecureJarResource(camerapture)
[15May2026 02:29:54.881] [main/DEBUG] [mixin/]: Instancing new MixinPlatformAgentMinecraftForge for SecureJarResource(camerapture)
[15May2026 02:29:54.881] [main/DEBUG] [mixin/]: MixinPlatformAgentMinecraftForge rejected container SecureJarResource(camerapture)
[15May2026 02:29:54.881] [main/DEBUG] [mixin/]: Instancing new MixinPlatformAgentDefault for SecureJarResource(camerapture)
[15May2026 02:29:54.881] [main/DEBUG] [mixin/]: MixinPlatformAgentDefault accepted container SecureJarResource(camerapture)
[15May2026 02:29:54.883] [main/DEBUG] [mixin/]: Processing prepare() for PlatformAgent[MixinPlatformAgentDefault:SecureJarResource(camerapture)]
[15May2026 02:29:54.883] [main/DEBUG] [mixin/]: Registering mixin config: camerapture.mixins.json
[15May2026 02:29:54.885] [main/DEBUG] [mixin/]: Registering mixin config: camerapture-client.mixins.json
[15May2026 02:29:54.888] [main/DEBUG] [mixin/]: Adding mixin platform agents for container SecureJarResource(galena_hats)
[15May2026 02:29:54.889] [main/DEBUG] [mixin/]: Instancing new MixinPlatformAgentMinecraftForge for SecureJarResource(galena_hats)
[15May2026 02:29:54.889] [main/DEBUG] [mixin/]: MixinPlatformAgentMinecraftForge rejected container SecureJarResource(galena_hats)
[15May2026 02:29:54.889] [main/DEBUG] [mixin/]: Instancing new MixinPlatformAgentDefault for SecureJarResource(galena_hats)
[15May2026 02:29:54.889] [main/DEBUG] [mixin/]: MixinPlatformAgentDefault accepted container SecureJarResource(galena_hats)
[15May2026 02:29:54.889] [main/DEBUG] [mixin/]: Processing prepare() for PlatformAgent[MixinPlatformAgentDefault:SecureJarResource(galena_hats)]
[15May2026 02:29:54.889] [main/DEBUG] [mixin/]: Registering mixin config: galena_hats.mixins.json
[15May2026 02:29:54.891] [main/DEBUG] [mixin/]: Adding mixin platform agents for container SecureJarResource(too_many_bows)
[15May2026 02:29:54.891] [main/DEBUG] [mixin/]: Instancing new MixinPlatformAgentMinecraftForge for SecureJarResource(too_many_bows)
[15May2026 02:29:54.893] [main/DEBUG] [mixin/]: MixinPlatformAgentMinecraftForge rejected container SecureJarResource(too_many_bows)
[15May2026 02:29:54.893] [main/DEBUG] [mixin/]: Instancing new MixinPlatformAgentDefault for SecureJarResource(too_many_bows)
[15May2026 02:29:54.894] [main/DEBUG] [mixin/]: MixinPlatformAgentDefault accepted container SecureJarResource(too_many_bows)
[15May2026 02:29:54.894] [main/DEBUG] [mixin/]: Processing prepare() for PlatformAgent[MixinPlatformAgentDefault:SecureJarResource(too_many_bows)]
[15May2026 02:29:54.894] [main/DEBUG] [mixin/]: Registering mixin config: too_many_bows.mixins.json
[15May2026 02:29:54.895] [main/DEBUG] [mixin/]: Adding mixin platform agents for container SecureJarResource(jei)
[15May2026 02:29:54.897] [main/DEBUG] [mixin/]: Instancing new MixinPlatformAgentMinecraftForge for SecureJarResource(jei)
[15May2026 02:29:54.897] [main/DEBUG] [mixin/]: MixinPlatformAgentMinecraftForge rejected container SecureJarResource(jei)
[15May2026 02:29:54.897] [main/DEBUG] [mixin/]: Instancing new MixinPlatformAgentDefault for SecureJarResource(jei)
[15May2026 02:29:54.897] [main/DEBUG] [mixin/]: MixinPlatformAgentDefault accepted container SecureJarResource(jei)
[15May2026 02:29:54.897] [main/DEBUG] [mixin/]: Processing prepare() for PlatformAgent[MixinPlatformAgentDefault:SecureJarResource(jei)]
[15May2026 02:29:54.897] [main/DEBUG] [mixin/]: Adding mixin platform agents for container SecureJarResource(xaerolib)
[15May2026 02:29:54.897] [main/DEBUG] [mixin/]: Instancing new MixinPlatformAgentMinecraftForge for SecureJarResource(xaerolib)
[15May2026 02:29:54.897] [main/DEBUG] [mixin/]: MixinPlatformAgentMinecraftForge rejected container SecureJarResource(xaerolib)
[15May2026 02:29:54.897] [main/DEBUG] [mixin/]: Instancing new MixinPlatformAgentDefault for SecureJarResource(xaerolib)
[15May2026 02:29:54.897] [main/DEBUG] [mixin/]: MixinPlatformAgentDefault accepted container SecureJarResource(xaerolib)
[15May2026 02:29:54.897] [main/DEBUG] [mixin/]: Processing prepare() for PlatformAgent[MixinPlatformAgentDefault:SecureJarResource(xaerolib)]
[15May2026 02:29:54.897] [main/DEBUG] [mixin/]: Registering mixin config: xaerolib.mixins.json
[15May2026 02:29:54.899] [main/DEBUG] [mixin/]: Registering mixin config: xaerolib.forge.mixins.json
[15May2026 02:29:54.901] [main/DEBUG] [mixin/]: Adding mixin platform agents for container SecureJarResource(tacz)
[15May2026 02:29:54.901] [main/DEBUG] [mixin/]: Instancing new MixinPlatformAgentMinecraftForge for SecureJarResource(tacz)
[15May2026 02:29:54.901] [main/DEBUG] [mixin/]: MixinPlatformAgentMinecraftForge rejected container SecureJarResource(tacz)
[15May2026 02:29:54.901] [main/DEBUG] [mixin/]: Instancing new MixinPlatformAgentDefault for SecureJarResource(tacz)
[15May2026 02:29:54.901] [main/DEBUG] [mixin/]: MixinPlatformAgentDefault accepted container SecureJarResource(tacz)
[15May2026 02:29:54.901] [main/DEBUG] [mixin/]: Processing prepare() for PlatformAgent[MixinPlatformAgentDefault:SecureJarResource(tacz)]
[15May2026 02:29:54.901] [main/DEBUG] [mixin/]: Registering mixin config: tacz.mixins.json
[15May2026 02:29:54.903] [main/DEBUG] [mixin/]: Registering mixin config: tacz.compat.acceleratedrendering.mixins.json
[15May2026 02:29:54.905] [main/DEBUG] [mixin/]: Adding mixin platform agents for container SecureJarResource(multikulti_core)
[15May2026 02:29:54.905] [main/DEBUG] [mixin/]: Instancing new MixinPlatformAgentMinecraftForge for SecureJarResource(multikulti_core)
[15May2026 02:29:54.905] [main/DEBUG] [mixin/]: MixinPlatformAgentMinecraftForge rejected container SecureJarResource(multikulti_core)
[15May2026 02:29:54.905] [main/DEBUG] [mixin/]: Instancing new MixinPlatformAgentDefault for SecureJarResource(multikulti_core)
[15May2026 02:29:54.905] [main/DEBUG] [mixin/]: MixinPlatformAgentDefault accepted container SecureJarResource(multikulti_core)
[15May2026 02:29:54.905] [main/DEBUG] [mixin/]: Processing prepare() for PlatformAgent[MixinPlatformAgentDefault:SecureJarResource(multikulti_core)]
[15May2026 02:29:54.906] [main/DEBUG] [mixin/]: Adding mixin platform agents for container SecureJarResource(yungscavebiomes)
[15May2026 02:29:54.906] [main/DEBUG] [mixin/]: Instancing new MixinPlatformAgentMinecraftForge for SecureJarResource(yungscavebiomes)
[15May2026 02:29:54.906] [main/DEBUG] [mixin/]: MixinPlatformAgentMinecraftForge rejected container SecureJarResource(yungscavebiomes)
[15May2026 02:29:54.906] [main/DEBUG] [mixin/]: Instancing new MixinPlatformAgentDefault for SecureJarResource(yungscavebiomes)
[15May2026 02:29:54.906] [main/DEBUG] [mixin/]: MixinPlatformAgentDefault accepted container SecureJarResource(yungscavebiomes)
[15May2026 02:29:54.906] [main/DEBUG] [mixin/]: Processing prepare() for PlatformAgent[MixinPlatformAgentDefault:SecureJarResource(yungscavebiomes)]
[15May2026 02:29:54.906] [main/DEBUG] [mixin/]: Registering mixin config: yungscavebiomes.mixins.json
[15May2026 02:29:54.908] [main/DEBUG] [mixin/]: Registering mixin config: yungscavebiomes_forge.mixins.json
[15May2026 02:29:54.910] [main/DEBUG] [mixin/]: Adding mixin platform agents for container SecureJarResource(nirvana)
[15May2026 02:29:54.910] [main/DEBUG] [mixin/]: Instancing new MixinPlatformAgentMinecraftForge for SecureJarResource(nirvana)
[15May2026 02:29:54.910] [main/DEBUG] [mixin/]: MixinPlatformAgentMinecraftForge rejected container SecureJarResource(nirvana)
[15May2026 02:29:54.910] [main/DEBUG] [mixin/]: Instancing new MixinPlatformAgentDefault for SecureJarResource(nirvana)
[15May2026 02:29:54.910] [main/DEBUG] [mixin/]: MixinPlatformAgentDefault accepted container SecureJarResource(nirvana)
[15May2026 02:29:54.910] [main/DEBUG] [mixin/]: Processing prepare() for PlatformAgent[MixinPlatformAgentDefault:SecureJarResource(nirvana)]
[15May2026 02:29:54.910] [main/DEBUG] [mixin/]: Registering mixin config: nirvana.forge.mixins.json
[15May2026 02:29:54.912] [main/DEBUG] [mixin/]: Registering mixin config: nirvana.mixins.json
[15May2026 02:29:54.913] [main/DEBUG] [mixin/]: Adding mixin platform agents for container SecureJarResource(knightlib)
[15May2026 02:29:54.913] [main/DEBUG] [mixin/]: Instancing new MixinPlatformAgentMinecraftForge for SecureJarResource(knightlib)
[15May2026 02:29:54.914] [main/DEBUG] [mixin/]: MixinPlatformAgentMinecraftForge rejected container SecureJarResource(knightlib)
[15May2026 02:29:54.914] [main/DEBUG] [mixin/]: Instancing new MixinPlatformAgentDefault for SecureJarResource(knightlib)
[15May2026 02:29:54.914] [main/DEBUG] [mixin/]: MixinPlatformAgentDefault accepted container SecureJarResource(knightlib)
[15May2026 02:29:54.914] [main/DEBUG] [mixin/]: Processing prepare() for PlatformAgent[MixinPlatformAgentDefault:SecureJarResource(knightlib)]
[15May2026 02:29:54.914] [main/DEBUG] [mixin/]: Registering mixin config: knightlib.mixins.json
[15May2026 02:29:54.915] [main/DEBUG] [mixin/]: Registering mixin config: knightlib.forge.mixins.json
[15May2026 02:29:54.917] [main/DEBUG] [mixin/]: Adding mixin platform agents for container SecureJarResource(mr_epicterrain)
[15May2026 02:29:54.917] [main/DEBUG] [mixin/]: Instancing new MixinPlatformAgentMinecraftForge for SecureJarResource(mr_epicterrain)
[15May2026 02:29:54.917] [main/DEBUG] [mixin/]: MixinPlatformAgentMinecraftForge rejected container SecureJarResource(mr_epicterrain)
[15May2026 02:29:54.917] [main/DEBUG] [mixin/]: Instancing new MixinPlatformAgentDefault for SecureJarResource(mr_epicterrain)
[15May2026 02:29:54.917] [main/DEBUG] [mixin/]: MixinPlatformAgentDefault accepted container SecureJarResource(mr_epicterrain)
[15May2026 02:29:54.917] [main/DEBUG] [mixin/]: Processing prepare() for PlatformAgent[MixinPlatformAgentDefault:SecureJarResource(mr_epicterrain)]
[15May2026 02:29:54.918] [main/DEBUG] [mixin/]: Adding mixin platform agents for container SecureJarResource(multikulti_registrate)
[15May2026 02:29:54.918] [main/DEBUG] [mixin/]: Instancing new MixinPlatformAgentMinecraftForge for SecureJarResource(multikulti_registrate)
[15May2026 02:29:54.918] [main/DEBUG] [mixin/]: MixinPlatformAgentMinecraftForge rejected container SecureJarResource(multikulti_registrate)
[15May2026 02:29:54.918] [main/DEBUG] [mixin/]: Instancing new MixinPlatformAgentDefault for SecureJarResource(multikulti_registrate)
[15May2026 02:29:54.918] [main/DEBUG] [mixin/]: MixinPlatformAgentDefault accepted container SecureJarResource(multikulti_registrate)
[15May2026 02:29:54.918] [main/DEBUG] [mixin/]: Processing prepare() for PlatformAgent[MixinPlatformAgentDefault:SecureJarResource(multikulti_registrate)]
[15May2026 02:29:54.918] [main/DEBUG] [mixin/]: Registering mixin config: multikulti_registrate.mixins.json
[15May2026 02:29:54.920] [main/DEBUG] [mixin/]: Adding mixin platform agents for container SecureJarResource(bosses_of_mass_destruction)
[15May2026 02:29:54.920] [main/DEBUG] [mixin/]: Instancing new MixinPlatformAgentMinecraftForge for SecureJarResource(bosses_of_mass_destruction)
[15May2026 02:29:54.920] [main/DEBUG] [mixin/]: MixinPlatformAgentMinecraftForge rejected container SecureJarResource(bosses_of_mass_destruction)
[15May2026 02:29:54.920] [main/DEBUG] [mixin/]: Instancing new MixinPlatformAgentDefault for SecureJarResource(bosses_of_mass_destruction)
[15May2026 02:29:54.920] [main/DEBUG] [mixin/]: MixinPlatformAgentDefault accepted container SecureJarResource(bosses_of_mass_destruction)
[15May2026 02:29:54.920] [main/DEBUG] [mixin/]: Processing prepare() for PlatformAgent[MixinPlatformAgentDefault:SecureJarResource(bosses_of_mass_destruction)]
[15May2026 02:29:54.920] [main/DEBUG] [mixin/]: Registering mixin config: mixins.bosses_of_mass_destruction.json
[15May2026 02:29:54.922] [main/DEBUG] [mixin/]: Adding mixin platform agents for container SecureJarResource(watut)
[15May2026 02:29:54.922] [main/DEBUG] [mixin/]: Instancing new MixinPlatformAgentMinecraftForge for SecureJarResource(watut)
[15May2026 02:29:54.922] [main/DEBUG] [mixin/]: MixinPlatformAgentMinecraftForge rejected container SecureJarResource(watut)
[15May2026 02:29:54.922] [main/DEBUG] [mixin/]: Instancing new MixinPlatformAgentDefault for SecureJarResource(watut)
[15May2026 02:29:54.922] [main/DEBUG] [mixin/]: MixinPlatformAgentDefault accepted container SecureJarResource(watut)
[15May2026 02:29:54.922] [main/DEBUG] [mixin/]: Processing prepare() for PlatformAgent[MixinPlatformAgentDefault:SecureJarResource(watut)]
[15May2026 02:29:54.922] [main/DEBUG] [mixin/]: Registering mixin config: watut.mixins.json
[15May2026 02:29:54.923] [main/DEBUG] [mixin/]: Adding mixin platform agents for container SecureJarResource(puzzlesaccessapi)
[15May2026 02:29:54.923] [main/DEBUG] [mixin/]: Instancing new MixinPlatformAgentMinecraftForge for SecureJarResource(puzzlesaccessapi)
[15May2026 02:29:54.923] [main/DEBUG] [mixin/]: MixinPlatformAgentMinecraftForge rejected container SecureJarResource(puzzlesaccessapi)
[15May2026 02:29:54.924] [main/DEBUG] [mixin/]: Instancing new MixinPlatformAgentDefault for SecureJarResource(puzzlesaccessapi)
[15May2026 02:29:54.924] [main/DEBUG] [mixin/]: MixinPlatformAgentDefault accepted container SecureJarResource(puzzlesaccessapi)
[15May2026 02:29:54.924] [main/DEBUG] [mixin/]: Processing prepare() for PlatformAgent[MixinPlatformAgentDefault:SecureJarResource(puzzlesaccessapi)]
[15May2026 02:29:54.924] [main/DEBUG] [mixin/]: Registering mixin config: puzzlesaccessapi.common.mixins.json
[15May2026 02:29:54.925] [main/DEBUG] [mixin/]: Registering mixin config: puzzlesaccessapi.forge.mixins.json
[15May2026 02:29:54.926] [main/DEBUG] [mixin/]: Adding mixin platform agents for container SecureJarResource(forge)
[15May2026 02:29:54.927] [main/DEBUG] [mixin/]: Instancing new MixinPlatformAgentMinecraftForge for SecureJarResource(forge)
[15May2026 02:29:54.927] [main/DEBUG] [mixin/]: MixinPlatformAgentMinecraftForge rejected container SecureJarResource(forge)
[15May2026 02:29:54.927] [main/DEBUG] [mixin/]: Instancing new MixinPlatformAgentDefault for SecureJarResource(forge)
[15May2026 02:29:54.927] [main/DEBUG] [mixin/]: MixinPlatformAgentDefault accepted container SecureJarResource(forge)
[15May2026 02:29:54.927] [main/DEBUG] [mixin/]: Processing prepare() for PlatformAgent[MixinPlatformAgentDefault:SecureJarResource(forge)]
[15May2026 02:29:54.927] [main/DEBUG] [mixin/]: Adding mixin platform agents for container SecureJarResource(travelerstitles)
[15May2026 02:29:54.927] [main/DEBUG] [mixin/]: Instancing new MixinPlatformAgentMinecraftForge for SecureJarResource(travelerstitles)
[15May2026 02:29:54.927] [main/DEBUG] [mixin/]: MixinPlatformAgentMinecraftForge rejected container SecureJarResource(travelerstitles)
[15May2026 02:29:54.927] [main/DEBUG] [mixin/]: Instancing new MixinPlatformAgentDefault for SecureJarResource(travelerstitles)
[15May2026 02:29:54.927] [main/DEBUG] [mixin/]: MixinPlatformAgentDefault accepted container SecureJarResource(travelerstitles)
[15May2026 02:29:54.927] [main/DEBUG] [mixin/]: Processing prepare() for PlatformAgent[MixinPlatformAgentDefault:SecureJarResource(travelerstitles)]
[15May2026 02:29:54.927] [main/DEBUG] [mixin/]: Registering mixin config: travelerstitles.mixins.json
[15May2026 02:29:54.928] [main/DEBUG] [mixin/]: Registering mixin config: travelerstitles_forge.mixins.json
[15May2026 02:29:54.930] [main/DEBUG] [mixin/]: Adding mixin platform agents for container SecureJarResource(dungeons_arise)
[15May2026 02:29:54.930] [main/DEBUG] [mixin/]: Instancing new MixinPlatformAgentMinecraftForge for SecureJarResource(dungeons_arise)
[15May2026 02:29:54.930] [main/DEBUG] [mixin/]: MixinPlatformAgentMinecraftForge rejected container SecureJarResource(dungeons_arise)
[15May2026 02:29:54.930] [main/DEBUG] [mixin/]: Instancing new MixinPlatformAgentDefault for SecureJarResource(dungeons_arise)
[15May2026 02:29:54.930] [main/DEBUG] [mixin/]: MixinPlatformAgentDefault accepted container SecureJarResource(dungeons_arise)
[15May2026 02:29:54.930] [main/DEBUG] [mixin/]: Processing prepare() for PlatformAgent[MixinPlatformAgentDefault:SecureJarResource(dungeons_arise)]
[15May2026 02:29:54.930] [main/DEBUG] [mixin/]: Adding mixin platform agents for container SecureJarResource(minecraft)
[15May2026 02:29:54.930] [main/DEBUG] [mixin/]: Instancing new MixinPlatformAgentMinecraftForge for SecureJarResource(minecraft)
[15May2026 02:29:54.930] [main/DEBUG] [mixin/]: MixinPlatformAgentMinecraftForge rejected container SecureJarResource(minecraft)
[15May2026 02:29:54.930] [main/DEBUG] [mixin/]: Instancing new MixinPlatformAgentDefault for SecureJarResource(minecraft)
[15May2026 02:29:54.931] [main/DEBUG] [mixin/]: MixinPlatformAgentDefault accepted container SecureJarResource(minecraft)
[15May2026 02:29:54.931] [main/DEBUG] [mixin/]: Processing prepare() for PlatformAgent[MixinPlatformAgentDefault:SecureJarResource(minecraft)]
[15May2026 02:29:54.931] [main/DEBUG] [mixin/]: Adding mixin platform agents for container SecureJarResource(born_in_chaos_v1)
[15May2026 02:29:54.931] [main/DEBUG] [mixin/]: Instancing new MixinPlatformAgentMinecraftForge for SecureJarResource(born_in_chaos_v1)
[15May2026 02:29:54.931] [main/DEBUG] [mixin/]: MixinPlatformAgentMinecraftForge rejected container SecureJarResource(born_in_chaos_v1)
[15May2026 02:29:54.931] [main/DEBUG] [mixin/]: Instancing new MixinPlatformAgentDefault for SecureJarResource(born_in_chaos_v1)
[15May2026 02:29:54.931] [main/DEBUG] [mixin/]: MixinPlatformAgentDefault accepted container SecureJarResource(born_in_chaos_v1)
[15May2026 02:29:54.931] [main/DEBUG] [mixin/]: Processing prepare() for PlatformAgent[MixinPlatformAgentDefault:SecureJarResource(born_in_chaos_v1)]
[15May2026 02:29:54.931] [main/DEBUG] [mixin/]: Adding mixin platform agents for container SecureJarResource(opposing_force)
[15May2026 02:29:54.931] [main/DEBUG] [mixin/]: Instancing new MixinPlatformAgentMinecraftForge for SecureJarResource(opposing_force)
[15May2026 02:29:54.931] [main/DEBUG] [mixin/]: MixinPlatformAgentMinecraftForge rejected container SecureJarResource(opposing_force)
[15May2026 02:29:54.931] [main/DEBUG] [mixin/]: Instancing new MixinPlatformAgentDefault for SecureJarResource(opposing_force)
[15May2026 02:29:54.931] [main/DEBUG] [mixin/]: MixinPlatformAgentDefault accepted container SecureJarResource(opposing_force)
[15May2026 02:29:54.931] [main/DEBUG] [mixin/]: Processing prepare() for PlatformAgent[MixinPlatformAgentDefault:SecureJarResource(opposing_force)]
[15May2026 02:29:54.931] [main/DEBUG] [mixin/]: Registering mixin config: opposing_force.mixins.json
[15May2026 02:29:54.933] [main/DEBUG] [mixin/]: Adding mixin platform agents for container SecureJarResource(doppelganger2)
[15May2026 02:29:54.933] [main/DEBUG] [mixin/]: Instancing new MixinPlatformAgentMinecraftForge for SecureJarResource(doppelganger2)
[15May2026 02:29:54.933] [main/DEBUG] [mixin/]: MixinPlatformAgentMinecraftForge rejected container SecureJarResource(doppelganger2)
[15May2026 02:29:54.933] [main/DEBUG] [mixin/]: Instancing new MixinPlatformAgentDefault for SecureJarResource(doppelganger2)
[15May2026 02:29:54.933] [main/DEBUG] [mixin/]: MixinPlatformAgentDefault accepted container SecureJarResource(doppelganger2)
[15May2026 02:29:54.933] [main/DEBUG] [mixin/]: Processing prepare() for PlatformAgent[MixinPlatformAgentDefault:SecureJarResource(doppelganger2)]
[15May2026 02:29:54.933] [main/DEBUG] [mixin/]: Adding mixin platform agents for container SecureJarResource(lucky)
[15May2026 02:29:54.933] [main/DEBUG] [mixin/]: Instancing new MixinPlatformAgentMinecraftForge for SecureJarResource(lucky)
[15May2026 02:29:54.933] [main/DEBUG] [mixin/]: MixinPlatformAgentMinecraftForge rejected container SecureJarResource(lucky)
[15May2026 02:29:54.933] [main/DEBUG] [mixin/]: Instancing new MixinPlatformAgentDefault for SecureJarResource(lucky)
[15May2026 02:29:54.933] [main/DEBUG] [mixin/]: MixinPlatformAgentDefault accepted container SecureJarResource(lucky)
[15May2026 02:29:54.933] [main/DEBUG] [mixin/]: Processing prepare() for PlatformAgent[MixinPlatformAgentDefault:SecureJarResource(lucky)]
[15May2026 02:29:54.933] [main/DEBUG] [mixin/]: Adding mixin platform agents for container SecureJarResource(terrablender)
[15May2026 02:29:54.933] [main/DEBUG] [mixin/]: Instancing new MixinPlatformAgentMinecraftForge for SecureJarResource(terrablender)
[15May2026 02:29:54.933] [main/DEBUG] [mixin/]: MixinPlatformAgentMinecraftForge rejected container SecureJarResource(terrablender)
[15May2026 02:29:54.933] [main/DEBUG] [mixin/]: Instancing new MixinPlatformAgentDefault for SecureJarResource(terrablender)
[15May2026 02:29:54.933] [main/DEBUG] [mixin/]: MixinPlatformAgentDefault accepted container SecureJarResource(terrablender)
[15May2026 02:29:54.933] [main/DEBUG] [mixin/]: Processing prepare() for PlatformAgent[MixinPlatformAgentDefault:SecureJarResource(terrablender)]
[15May2026 02:29:54.933] [main/DEBUG] [mixin/]: Registering mixin config: terrablender.mixins.json
[15May2026 02:29:54.935] [main/DEBUG] [mixin/]: Registering mixin config: terrablender_forge.mixins.json
[15May2026 02:29:54.937] [main/DEBUG] [mixin/]: Adding mixin platform agents for container SecureJarResource(radiantgear)
[15May2026 02:29:54.937] [main/DEBUG] [mixin/]: Instancing new MixinPlatformAgentMinecraftForge for SecureJarResource(radiantgear)
[15May2026 02:29:54.937] [main/DEBUG] [mixin/]: MixinPlatformAgentMinecraftForge rejected container SecureJarResource(radiantgear)
[15May2026 02:29:54.937] [main/DEBUG] [mixin/]: Instancing new MixinPlatformAgentDefault for SecureJarResource(radiantgear)
[15May2026 02:29:54.937] [main/DEBUG] [mixin/]: MixinPlatformAgentDefault accepted container SecureJarResource(radiantgear)
[15May2026 02:29:54.937] [main/DEBUG] [mixin/]: Processing prepare() for PlatformAgent[MixinPlatformAgentDefault:SecureJarResource(radiantgear)]
[15May2026 02:29:54.937] [main/DEBUG] [mixin/]: Adding mixin platform agents for container SecureJarResource(jade)
[15May2026 02:29:54.937] [main/DEBUG] [mixin/]: Instancing new MixinPlatformAgentMinecraftForge for SecureJarResource(jade)
[15May2026 02:29:54.937] [main/DEBUG] [mixin/]: MixinPlatformAgentMinecraftForge rejected container SecureJarResource(jade)
[15May2026 02:29:54.937] [main/DEBUG] [mixin/]: Instancing new MixinPlatformAgentDefault for SecureJarResource(jade)
[15May2026 02:29:54.937] [main/DEBUG] [mixin/]: MixinPlatformAgentDefault accepted container SecureJarResource(jade)
[15May2026 02:29:54.937] [main/DEBUG] [mixin/]: Processing prepare() for PlatformAgent[MixinPlatformAgentDefault:SecureJarResource(jade)]
[15May2026 02:29:54.937] [main/DEBUG] [mixin/]: Registering mixin config: jade.mixins.json
[15May2026 02:29:54.939] [main/DEBUG] [mixin/]: Compatibility level JAVA_16 specified by jade.mixins.json is higher than the maximum level supported by this version of mixin (JAVA_13).
[15May2026 02:29:54.939] [main/DEBUG] [mixin/]: Adding mixin platform agents for container SecureJarResource(knightquest)
[15May2026 02:29:54.939] [main/DEBUG] [mixin/]: Instancing new MixinPlatformAgentMinecraftForge for SecureJarResource(knightquest)
[15May2026 02:29:54.939] [main/DEBUG] [mixin/]: MixinPlatformAgentMinecraftForge rejected container SecureJarResource(knightquest)
[15May2026 02:29:54.939] [main/DEBUG] [mixin/]: Instancing new MixinPlatformAgentDefault for SecureJarResource(knightquest)
[15May2026 02:29:54.939] [main/DEBUG] [mixin/]: MixinPlatformAgentDefault accepted container SecureJarResource(knightquest)
[15May2026 02:29:54.939] [main/DEBUG] [mixin/]: Processing prepare() for PlatformAgent[MixinPlatformAgentDefault:SecureJarResource(knightquest)]
[15May2026 02:29:54.939] [main/DEBUG] [mixin/]: Registering mixin config: knightquest.mixins.json
[15May2026 02:29:54.942] [main/DEBUG] [mixin/]: Registering mixin config: knightquest.forge.mixins.json
[15May2026 02:29:54.943] [main/DEBUG] [mixin/]: Adding mixin platform agents for container SecureJarResource(kotlinforforge)
[15May2026 02:29:54.944] [main/DEBUG] [mixin/]: Instancing new MixinPlatformAgentMinecraftForge for SecureJarResource(kotlinforforge)
[15May2026 02:29:54.944] [main/DEBUG] [mixin/]: MixinPlatformAgentMinecraftForge rejected container SecureJarResource(kotlinforforge)
[15May2026 02:29:54.944] [main/DEBUG] [mixin/]: Instancing new MixinPlatformAgentDefault for SecureJarResource(kotlinforforge)
[15May2026 02:29:54.944] [main/DEBUG] [mixin/]: MixinPlatformAgentDefault accepted container SecureJarResource(kotlinforforge)
[15May2026 02:29:54.944] [main/DEBUG] [mixin/]: Processing prepare() for PlatformAgent[MixinPlatformAgentDefault:SecureJarResource(kotlinforforge)]
[15May2026 02:29:54.944] [main/DEBUG] [mixin/]: Adding mixin platform agents for container SecureJarResource(ribbits)
[15May2026 02:29:54.944] [main/DEBUG] [mixin/]: Instancing new MixinPlatformAgentMinecraftForge for SecureJarResource(ribbits)
[15May2026 02:29:54.944] [main/DEBUG] [mixin/]: MixinPlatformAgentMinecraftForge rejected container SecureJarResource(ribbits)
[15May2026 02:29:54.944] [main/DEBUG] [mixin/]: Instancing new MixinPlatformAgentDefault for SecureJarResource(ribbits)
[15May2026 02:29:54.944] [main/DEBUG] [mixin/]: MixinPlatformAgentDefault accepted container SecureJarResource(ribbits)
[15May2026 02:29:54.944] [main/DEBUG] [mixin/]: Processing prepare() for PlatformAgent[MixinPlatformAgentDefault:SecureJarResource(ribbits)]
[15May2026 02:29:54.944] [main/DEBUG] [mixin/]: Registering mixin config: ribbits.mixins.json
[15May2026 02:29:54.945] [main/DEBUG] [mixin/]: Registering mixin config: ribbits_forge.mixins.json
[15May2026 02:29:54.947] [main/DEBUG] [mixin/]: Adding mixin platform agents for container SecureJarResource(xaerominimap)
[15May2026 02:29:54.947] [main/DEBUG] [mixin/]: Instancing new MixinPlatformAgentMinecraftForge for SecureJarResource(xaerominimap)
[15May2026 02:29:54.947] [main/DEBUG] [mixin/]: MixinPlatformAgentMinecraftForge rejected container SecureJarResource(xaerominimap)
[15May2026 02:29:54.948] [main/DEBUG] [mixin/]: Instancing new MixinPlatformAgentDefault for SecureJarResource(xaerominimap)
[15May2026 02:29:54.948] [main/DEBUG] [mixin/]: MixinPlatformAgentDefault accepted container SecureJarResource(xaerominimap)
[15May2026 02:29:54.948] [main/DEBUG] [mixin/]: Processing prepare() for PlatformAgent[MixinPlatformAgentDefault:SecureJarResource(xaerominimap)]
[15May2026 02:29:54.948] [main/DEBUG] [mixin/]: Registering mixin config: xaerohud.mixins.json
[15May2026 02:29:54.949] [main/DEBUG] [mixin/]: Registering mixin config: xaerohud.forge.mixins.json
[15May2026 02:29:54.951] [main/DEBUG] [mixin/]: Registering mixin config: xaerominimap.mixins.json
[15May2026 02:29:54.952] [main/DEBUG] [mixin/]: Registering mixin config: xaerominimap.forge.mixins.json
[15May2026 02:29:54.954] [main/DEBUG] [mixin/]: Adding mixin platform agents for container SecureJarResource(brainrotprotocol)
[15May2026 02:29:54.954] [main/DEBUG] [mixin/]: Instancing new MixinPlatformAgentMinecraftForge for SecureJarResource(brainrotprotocol)
[15May2026 02:29:54.954] [main/DEBUG] [mixin/]: MixinPlatformAgentMinecraftForge rejected container SecureJarResource(brainrotprotocol)
[15May2026 02:29:54.954] [main/DEBUG] [mixin/]: Instancing new MixinPlatformAgentDefault for SecureJarResource(brainrotprotocol)
[15May2026 02:29:54.954] [main/DEBUG] [mixin/]: MixinPlatformAgentDefault accepted container SecureJarResource(brainrotprotocol)
[15May2026 02:29:54.954] [main/DEBUG] [mixin/]: Processing prepare() for PlatformAgent[MixinPlatformAgentDefault:SecureJarResource(brainrotprotocol)]
[15May2026 02:29:54.954] [main/DEBUG] [mixin/]: Adding mixin platform agents for container SecureJarResource(securitycraft)
[15May2026 02:29:54.954] [main/DEBUG] [mixin/]: Instancing new MixinPlatformAgentMinecraftForge for SecureJarResource(securitycraft)
[15May2026 02:29:54.954] [main/DEBUG] [mixin/]: MixinPlatformAgentMinecraftForge rejected container SecureJarResource(securitycraft)
[15May2026 02:29:54.955] [main/DEBUG] [mixin/]: Instancing new MixinPlatformAgentDefault for SecureJarResource(securitycraft)
[15May2026 02:29:54.955] [main/DEBUG] [mixin/]: MixinPlatformAgentDefault accepted container SecureJarResource(securitycraft)
[15May2026 02:29:54.955] [main/DEBUG] [mixin/]: Processing prepare() for PlatformAgent[MixinPlatformAgentDefault:SecureJarResource(securitycraft)]
[15May2026 02:29:54.955] [main/DEBUG] [mixin/]: Registering mixin config: securitycraft.mixins.json
[15May2026 02:29:54.957] [main/DEBUG] [mixin/]: Adding mixin platform agents for container SecureJarResource(armoroftheages)
[15May2026 02:29:54.957] [main/DEBUG] [mixin/]: Instancing new MixinPlatformAgentMinecraftForge for SecureJarResource(armoroftheages)
[15May2026 02:29:54.957] [main/DEBUG] [mixin/]: MixinPlatformAgentMinecraftForge rejected container SecureJarResource(armoroftheages)
[15May2026 02:29:54.957] [main/DEBUG] [mixin/]: Instancing new MixinPlatformAgentDefault for SecureJarResource(armoroftheages)
[15May2026 02:29:54.957] [main/DEBUG] [mixin/]: MixinPlatformAgentDefault accepted container SecureJarResource(armoroftheages)
[15May2026 02:29:54.957] [main/DEBUG] [mixin/]: Processing prepare() for PlatformAgent[MixinPlatformAgentDefault:SecureJarResource(armoroftheages)]
[15May2026 02:29:54.957] [main/DEBUG] [mixin/]: Registering mixin config: armoroftheages.mixins.json
[15May2026 02:29:54.959] [main/DEBUG] [mixin/]: Adding mixin platform agents for container SecureJarResource(coroutil)
[15May2026 02:29:54.959] [main/DEBUG] [mixin/]: Instancing new MixinPlatformAgentMinecraftForge for SecureJarResource(coroutil)
[15May2026 02:29:54.959] [main/DEBUG] [mixin/]: MixinPlatformAgentMinecraftForge rejected container SecureJarResource(coroutil)
[15May2026 02:29:54.959] [main/DEBUG] [mixin/]: Instancing new MixinPlatformAgentDefault for SecureJarResource(coroutil)
[15May2026 02:29:54.959] [main/DEBUG] [mixin/]: MixinPlatformAgentDefault accepted container SecureJarResource(coroutil)
[15May2026 02:29:54.959] [main/DEBUG] [mixin/]: Processing prepare() for PlatformAgent[MixinPlatformAgentDefault:SecureJarResource(coroutil)]
[15May2026 02:29:54.959] [main/DEBUG] [mixin/]: Registering mixin config: coroutil.mixins.json
[15May2026 02:29:54.961] [main/DEBUG] [mixin/]: Adding mixin platform agents for container SecureJarResource(creeperoverhaul)
[15May2026 02:29:54.961] [main/DEBUG] [mixin/]: Instancing new MixinPlatformAgentMinecraftForge for SecureJarResource(creeperoverhaul)
[15May2026 02:29:54.961] [main/DEBUG] [mixin/]: MixinPlatformAgentMinecraftForge rejected container SecureJarResource(creeperoverhaul)
[15May2026 02:29:54.961] [main/DEBUG] [mixin/]: Instancing new MixinPlatformAgentDefault for SecureJarResource(creeperoverhaul)
[15May2026 02:29:54.961] [main/DEBUG] [mixin/]: MixinPlatformAgentDefault accepted container SecureJarResource(creeperoverhaul)
[15May2026 02:29:54.961] [main/DEBUG] [mixin/]: Processing prepare() for PlatformAgent[MixinPlatformAgentDefault:SecureJarResource(creeperoverhaul)]
[15May2026 02:29:54.961] [main/DEBUG] [mixin/]: Registering mixin config: creeperoverhaul-common.mixins.json
[15May2026 02:29:54.963] [main/DEBUG] [mixin/]: Adding mixin platform agents for container SecureJarResource(yet_another_config_lib_v3)
[15May2026 02:29:54.963] [main/DEBUG] [mixin/]: Instancing new MixinPlatformAgentMinecraftForge for SecureJarResource(yet_another_config_lib_v3)
[15May2026 02:29:54.963] [main/DEBUG] [mixin/]: MixinPlatformAgentMinecraftForge rejected container SecureJarResource(yet_another_config_lib_v3)
[15May2026 02:29:54.963] [main/DEBUG] [mixin/]: Instancing new MixinPlatformAgentDefault for SecureJarResource(yet_another_config_lib_v3)
[15May2026 02:29:54.963] [main/DEBUG] [mixin/]: MixinPlatformAgentDefault accepted container SecureJarResource(yet_another_config_lib_v3)
[15May2026 02:29:54.963] [main/DEBUG] [mixin/]: Processing prepare() for PlatformAgent[MixinPlatformAgentDefault:SecureJarResource(yet_another_config_lib_v3)]
[15May2026 02:29:54.964] [main/DEBUG] [mixin/]: Registering mixin config: yacl.mixins.json
[15May2026 02:29:54.965] [main/ERROR] [mixin/]: Mixin config yacl.mixins.json does not specify "minVersion" property
[15May2026 02:29:54.965] [main/DEBUG] [mixin/]: Adding mixin platform agents for container SecureJarResource(puzzleslib)
[15May2026 02:29:54.965] [main/DEBUG] [mixin/]: Instancing new MixinPlatformAgentMinecraftForge for SecureJarResource(puzzleslib)
[15May2026 02:29:54.966] [main/DEBUG] [mixin/]: MixinPlatformAgentMinecraftForge rejected container SecureJarResource(puzzleslib)
[15May2026 02:29:54.966] [main/DEBUG] [mixin/]: Instancing new MixinPlatformAgentDefault for SecureJarResource(puzzleslib)
[15May2026 02:29:54.966] [main/DEBUG] [mixin/]: MixinPlatformAgentDefault accepted container SecureJarResource(puzzleslib)
[15May2026 02:29:54.966] [main/DEBUG] [mixin/]: Processing prepare() for PlatformAgent[MixinPlatformAgentDefault:SecureJarResource(puzzleslib)]
[15May2026 02:29:54.966] [main/DEBUG] [mixin/]: Registering mixin config: puzzleslib.common.mixins.json
[15May2026 02:29:54.967] [main/DEBUG] [mixin/]: Registering mixin config: puzzleslib.forge.mixins.json
[15May2026 02:29:54.969] [main/DEBUG] [mixin/]: Adding mixin platform agents for container SecureJarResource(mclib)
[15May2026 02:29:54.969] [main/DEBUG] [mixin/]: Instancing new MixinPlatformAgentMinecraftForge for SecureJarResource(mclib)
[15May2026 02:29:54.969] [main/DEBUG] [mixin/]: MixinPlatformAgentMinecraftForge rejected container SecureJarResource(mclib)
[15May2026 02:29:54.969] [main/DEBUG] [mixin/]: Instancing new MixinPlatformAgentDefault for SecureJarResource(mclib)
[15May2026 02:29:54.970] [main/DEBUG] [mixin/]: MixinPlatformAgentDefault accepted container SecureJarResource(mclib)
[15May2026 02:29:54.970] [main/DEBUG] [mixin/]: Processing prepare() for PlatformAgent[MixinPlatformAgentDefault:SecureJarResource(mclib)]
[15May2026 02:29:54.970] [main/DEBUG] [mixin/]: Adding mixin platform agents for container SecureJarResource(org.quiltmc.parsers.json)
[15May2026 02:29:54.970] [main/DEBUG] [mixin/]: Instancing new MixinPlatformAgentMinecraftForge for SecureJarResource(org.quiltmc.parsers.json)
[15May2026 02:29:54.970] [main/DEBUG] [mixin/]: MixinPlatformAgentMinecraftForge rejected container SecureJarResource(org.quiltmc.parsers.json)
[15May2026 02:29:54.970] [main/DEBUG] [mixin/]: Instancing new MixinPlatformAgentDefault for SecureJarResource(org.quiltmc.parsers.json)
[15May2026 02:29:54.970] [main/DEBUG] [mixin/]: MixinPlatformAgentDefault accepted container SecureJarResource(org.quiltmc.parsers.json)
[15May2026 02:29:54.970] [main/DEBUG] [mixin/]: Processing prepare() for PlatformAgent[MixinPlatformAgentDefault:SecureJarResource(org.quiltmc.parsers.json)]
[15May2026 02:29:54.970] [main/DEBUG] [mixin/]: Adding mixin platform agents for container SecureJarResource(Registrate.MC1._20)
[15May2026 02:29:54.971] [main/DEBUG] [mixin/]: Instancing new MixinPlatformAgentMinecraftForge for SecureJarResource(Registrate.MC1._20)
[15May2026 02:29:54.971] [main/DEBUG] [mixin/]: MixinPlatformAgentMinecraftForge rejected container SecureJarResource(Registrate.MC1._20)
[15May2026 02:29:54.971] [main/DEBUG] [mixin/]: Instancing new MixinPlatformAgentDefault for SecureJarResource(Registrate.MC1._20)
[15May2026 02:29:54.971] [main/DEBUG] [mixin/]: MixinPlatformAgentDefault accepted container SecureJarResource(Registrate.MC1._20)
[15May2026 02:29:54.971] [main/DEBUG] [mixin/]: Processing prepare() for PlatformAgent[MixinPlatformAgentDefault:SecureJarResource(Registrate.MC1._20)]
[15May2026 02:29:54.971] [main/DEBUG] [mixin/]: Adding mixin platform agents for container SecureJarResource(com.twelvemonkeys.imageio.webp)
[15May2026 02:29:54.971] [main/DEBUG] [mixin/]: Instancing new MixinPlatformAgentMinecraftForge for SecureJarResource(com.twelvemonkeys.imageio.webp)
[15May2026 02:29:54.971] [main/DEBUG] [mixin/]: MixinPlatformAgentMinecraftForge rejected container SecureJarResource(com.twelvemonkeys.imageio.webp)
[15May2026 02:29:54.971] [main/DEBUG] [mixin/]: Instancing new MixinPlatformAgentDefault for SecureJarResource(com.twelvemonkeys.imageio.webp)
[15May2026 02:29:54.971] [main/DEBUG] [mixin/]: MixinPlatformAgentDefault accepted container SecureJarResource(com.twelvemonkeys.imageio.webp)
[15May2026 02:29:54.971] [main/DEBUG] [mixin/]: Processing prepare() for PlatformAgent[MixinPlatformAgentDefault:SecureJarResource(com.twelvemonkeys.imageio.webp)]
[15May2026 02:29:54.972] [main/DEBUG] [mixin/]: Adding mixin platform agents for container SecureJarResource(com.twelvemonkeys.common.lang)
[15May2026 02:29:54.972] [main/DEBUG] [mixin/]: Instancing new MixinPlatformAgentMinecraftForge for SecureJarResource(com.twelvemonkeys.common.lang)
[15May2026 02:29:54.972] [main/DEBUG] [mixin/]: MixinPlatformAgentMinecraftForge rejected container SecureJarResource(com.twelvemonkeys.common.lang)
[15May2026 02:29:54.972] [main/DEBUG] [mixin/]: Instancing new MixinPlatformAgentDefault for SecureJarResource(com.twelvemonkeys.common.lang)
[15May2026 02:29:54.972] [main/DEBUG] [mixin/]: MixinPlatformAgentDefault accepted container SecureJarResource(com.twelvemonkeys.common.lang)
[15May2026 02:29:54.972] [main/DEBUG] [mixin/]: Processing prepare() for PlatformAgent[MixinPlatformAgentDefault:SecureJarResource(com.twelvemonkeys.common.lang)]
[15May2026 02:29:54.972] [main/DEBUG] [mixin/]: Adding mixin platform agents for container SecureJarResource(com.twelvemonkeys.imageio.metadata)
[15May2026 02:29:54.972] [main/DEBUG] [mixin/]: Instancing new MixinPlatformAgentMinecraftForge for SecureJarResource(com.twelvemonkeys.imageio.metadata)
[15May2026 02:29:54.972] [main/DEBUG] [mixin/]: MixinPlatformAgentMinecraftForge rejected container SecureJarResource(com.twelvemonkeys.imageio.metadata)
[15May2026 02:29:54.972] [main/DEBUG] [mixin/]: Instancing new MixinPlatformAgentDefault for SecureJarResource(com.twelvemonkeys.imageio.metadata)
[15May2026 02:29:54.972] [main/DEBUG] [mixin/]: MixinPlatformAgentDefault accepted container SecureJarResource(com.twelvemonkeys.imageio.metadata)
[15May2026 02:29:54.972] [main/DEBUG] [mixin/]: Processing prepare() for PlatformAgent[MixinPlatformAgentDefault:SecureJarResource(com.twelvemonkeys.imageio.metadata)]
[15May2026 02:29:54.972] [main/DEBUG] [mixin/]: Adding mixin platform agents for container SecureJarResource(luaj.jse.figura)
[15May2026 02:29:54.972] [main/DEBUG] [mixin/]: Instancing new MixinPlatformAgentMinecraftForge for SecureJarResource(luaj.jse.figura)
[15May2026 02:29:54.972] [main/DEBUG] [mixin/]: MixinPlatformAgentMinecraftForge rejected container SecureJarResource(luaj.jse.figura)
[15May2026 02:29:54.972] [main/DEBUG] [mixin/]: Instancing new MixinPlatformAgentDefault for SecureJarResource(luaj.jse.figura)
[15May2026 02:29:54.972] [main/DEBUG] [mixin/]: MixinPlatformAgentDefault accepted container SecureJarResource(luaj.jse.figura)
[15May2026 02:29:54.972] [main/DEBUG] [mixin/]: Processing prepare() for PlatformAgent[MixinPlatformAgentDefault:SecureJarResource(luaj.jse.figura)]
[15May2026 02:29:54.972] [main/DEBUG] [mixin/]: Adding mixin platform agents for container SecureJarResource(yabn)
[15May2026 02:29:54.972] [main/DEBUG] [mixin/]: Instancing new MixinPlatformAgentMinecraftForge for SecureJarResource(yabn)
[15May2026 02:29:54.972] [main/DEBUG] [mixin/]: MixinPlatformAgentMinecraftForge rejected container SecureJarResource(yabn)
[15May2026 02:29:54.973] [main/DEBUG] [mixin/]: Instancing new MixinPlatformAgentDefault for SecureJarResource(yabn)
[15May2026 02:29:54.973] [main/DEBUG] [mixin/]: MixinPlatformAgentDefault accepted container SecureJarResource(yabn)
[15May2026 02:29:54.973] [main/DEBUG] [mixin/]: Processing prepare() for PlatformAgent[MixinPlatformAgentDefault:SecureJarResource(yabn)]
[15May2026 02:29:54.973] [main/DEBUG] [mixin/]: Adding mixin platform agents for container SecureJarResource(org.quiltmc.parsers.gson)
[15May2026 02:29:54.973] [main/DEBUG] [mixin/]: Instancing new MixinPlatformAgentMinecraftForge for SecureJarResource(org.quiltmc.parsers.gson)
[15May2026 02:29:54.973] [main/DEBUG] [mixin/]: MixinPlatformAgentMinecraftForge rejected container SecureJarResource(org.quiltmc.parsers.gson)
[15May2026 02:29:54.973] [main/DEBUG] [mixin/]: Instancing new MixinPlatformAgentDefault for SecureJarResource(org.quiltmc.parsers.gson)
[15May2026 02:29:54.973] [main/DEBUG] [mixin/]: MixinPlatformAgentDefault accepted container SecureJarResource(org.quiltmc.parsers.gson)
[15May2026 02:29:54.973] [main/DEBUG] [mixin/]: Processing prepare() for PlatformAgent[MixinPlatformAgentDefault:SecureJarResource(org.quiltmc.parsers.gson)]
[15May2026 02:29:54.973] [main/DEBUG] [mixin/]: Adding mixin platform agents for container SecureJarResource(commons.math3)
[15May2026 02:29:54.973] [main/DEBUG] [mixin/]: Instancing new MixinPlatformAgentMinecraftForge for SecureJarResource(commons.math3)
[15May2026 02:29:54.973] [main/DEBUG] [mixin/]: MixinPlatformAgentMinecraftForge rejected container SecureJarResource(commons.math3)
[15May2026 02:29:54.973] [main/DEBUG] [mixin/]: Instancing new MixinPlatformAgentDefault for SecureJarResource(commons.math3)
[15May2026 02:29:54.973] [main/DEBUG] [mixin/]: MixinPlatformAgentDefault accepted container SecureJarResource(commons.math3)
[15May2026 02:29:54.973] [main/DEBUG] [mixin/]: Processing prepare() for PlatformAgent[MixinPlatformAgentDefault:SecureJarResource(commons.math3)]
[15May2026 02:29:54.973] [main/DEBUG] [mixin/]: Adding mixin platform agents for container SecureJarResource(luaj.core.figura)
[15May2026 02:29:54.973] [main/DEBUG] [mixin/]: Instancing new MixinPlatformAgentMinecraftForge for SecureJarResource(luaj.core.figura)
[15May2026 02:29:54.973] [main/DEBUG] [mixin/]: MixinPlatformAgentMinecraftForge rejected container SecureJarResource(luaj.core.figura)
[15May2026 02:29:54.973] [main/DEBUG] [mixin/]: Instancing new MixinPlatformAgentDefault for SecureJarResource(luaj.core.figura)
[15May2026 02:29:54.973] [main/DEBUG] [mixin/]: MixinPlatformAgentDefault accepted container SecureJarResource(luaj.core.figura)
[15May2026 02:29:54.973] [main/DEBUG] [mixin/]: Processing prepare() for PlatformAgent[MixinPlatformAgentDefault:SecureJarResource(luaj.core.figura)]
[15May2026 02:29:54.973] [main/DEBUG] [mixin/]: Adding mixin platform agents for container SecureJarResource(webp4j)
[15May2026 02:29:54.974] [main/DEBUG] [mixin/]: Instancing new MixinPlatformAgentMinecraftForge for SecureJarResource(webp4j)
[15May2026 02:29:54.974] [main/DEBUG] [mixin/]: MixinPlatformAgentMinecraftForge rejected container SecureJarResource(webp4j)
[15May2026 02:29:54.974] [main/DEBUG] [mixin/]: Instancing new MixinPlatformAgentDefault for SecureJarResource(webp4j)
[15May2026 02:29:54.974] [main/DEBUG] [mixin/]: MixinPlatformAgentDefault accepted container SecureJarResource(webp4j)
[15May2026 02:29:54.974] [main/DEBUG] [mixin/]: Processing prepare() for PlatformAgent[MixinPlatformAgentDefault:SecureJarResource(webp4j)]
[15May2026 02:29:54.974] [main/DEBUG] [mixin/]: Adding mixin platform agents for container SecureJarResource(bytecodecs)
[15May2026 02:29:54.974] [main/DEBUG] [mixin/]: Instancing new MixinPlatformAgentMinecraftForge for SecureJarResource(bytecodecs)
[15May2026 02:29:54.974] [main/DEBUG] [mixin/]: MixinPlatformAgentMinecraftForge rejected container SecureJarResource(bytecodecs)
[15May2026 02:29:54.974] [main/DEBUG] [mixin/]: Instancing new MixinPlatformAgentDefault for SecureJarResource(bytecodecs)
[15May2026 02:29:54.974] [main/DEBUG] [mixin/]: MixinPlatformAgentDefault accepted container SecureJarResource(bytecodecs)
[15May2026 02:29:54.974] [main/DEBUG] [mixin/]: Processing prepare() for PlatformAgent[MixinPlatformAgentDefault:SecureJarResource(bytecodecs)]
[15May2026 02:29:54.974] [main/DEBUG] [mixin/]: Adding mixin platform agents for container SecureJarResource(MathParser.org.mXparser)
[15May2026 02:29:54.974] [main/DEBUG] [mixin/]: Instancing new MixinPlatformAgentMinecraftForge for SecureJarResource(MathParser.org.mXparser)
[15May2026 02:29:54.974] [main/DEBUG] [mixin/]: MixinPlatformAgentMinecraftForge rejected container SecureJarResource(MathParser.org.mXparser)
[15May2026 02:29:54.974] [main/DEBUG] [mixin/]: Instancing new MixinPlatformAgentDefault for SecureJarResource(MathParser.org.mXparser)
[15May2026 02:29:54.974] [main/DEBUG] [mixin/]: MixinPlatformAgentDefault accepted container SecureJarResource(MathParser.org.mXparser)
[15May2026 02:29:54.974] [main/DEBUG] [mixin/]: Processing prepare() for PlatformAgent[MixinPlatformAgentDefault:SecureJarResource(MathParser.org.mXparser)]
[15May2026 02:29:54.974] [main/DEBUG] [mixin/]: Adding mixin platform agents for container SecureJarResource(com.twelvemonkeys.common.image)
[15May2026 02:29:54.974] [main/DEBUG] [mixin/]: Instancing new MixinPlatformAgentMinecraftForge for SecureJarResource(com.twelvemonkeys.common.image)
[15May2026 02:29:54.974] [main/DEBUG] [mixin/]: MixinPlatformAgentMinecraftForge rejected container SecureJarResource(com.twelvemonkeys.common.image)
[15May2026 02:29:54.975] [main/DEBUG] [mixin/]: Instancing new MixinPlatformAgentDefault for SecureJarResource(com.twelvemonkeys.common.image)
[15May2026 02:29:54.975] [main/DEBUG] [mixin/]: MixinPlatformAgentDefault accepted container SecureJarResource(com.twelvemonkeys.common.image)
[15May2026 02:29:54.975] [main/DEBUG] [mixin/]: Processing prepare() for PlatformAgent[MixinPlatformAgentDefault:SecureJarResource(com.twelvemonkeys.common.image)]
[15May2026 02:29:54.975] [main/DEBUG] [mixin/]: Adding mixin platform agents for container SecureJarResource(org.apache.bcel)
[15May2026 02:29:54.975] [main/DEBUG] [mixin/]: Instancing new MixinPlatformAgentMinecraftForge for SecureJarResource(org.apache.bcel)
[15May2026 02:29:54.975] [main/DEBUG] [mixin/]: MixinPlatformAgentMinecraftForge rejected container SecureJarResource(org.apache.bcel)
[15May2026 02:29:54.975] [main/DEBUG] [mixin/]: Instancing new MixinPlatformAgentDefault for SecureJarResource(org.apache.bcel)
[15May2026 02:29:54.975] [main/DEBUG] [mixin/]: MixinPlatformAgentDefault accepted container SecureJarResource(org.apache.bcel)
[15May2026 02:29:54.975] [main/DEBUG] [mixin/]: Processing prepare() for PlatformAgent[MixinPlatformAgentDefault:SecureJarResource(org.apache.bcel)]
[15May2026 02:29:54.975] [main/DEBUG] [mixin/]: Adding mixin platform agents for container SecureJarResource(com.twelvemonkeys.imageio.core)
[15May2026 02:29:54.975] [main/DEBUG] [mixin/]: Instancing new MixinPlatformAgentMinecraftForge for SecureJarResource(com.twelvemonkeys.imageio.core)
[15May2026 02:29:54.975] [main/DEBUG] [mixin/]: MixinPlatformAgentMinecraftForge rejected container SecureJarResource(com.twelvemonkeys.imageio.core)
[15May2026 02:29:54.975] [main/DEBUG] [mixin/]: Instancing new MixinPlatformAgentDefault for SecureJarResource(com.twelvemonkeys.imageio.core)
[15May2026 02:29:54.975] [main/DEBUG] [mixin/]: MixinPlatformAgentDefault accepted container SecureJarResource(com.twelvemonkeys.imageio.core)
[15May2026 02:29:54.975] [main/DEBUG] [mixin/]: Processing prepare() for PlatformAgent[MixinPlatformAgentDefault:SecureJarResource(com.twelvemonkeys.imageio.core)]
[15May2026 02:29:54.975] [main/DEBUG] [mixin/]: Adding mixin platform agents for container SecureJarResource(thedarkcolour.kotlinforforge.kfflib)
[15May2026 02:29:54.975] [main/DEBUG] [mixin/]: Instancing new MixinPlatformAgentMinecraftForge for SecureJarResource(thedarkcolour.kotlinforforge.kfflib)
[15May2026 02:29:54.975] [main/DEBUG] [mixin/]: MixinPlatformAgentMinecraftForge rejected container SecureJarResource(thedarkcolour.kotlinforforge.kfflib)
[15May2026 02:29:54.975] [main/DEBUG] [mixin/]: Instancing new MixinPlatformAgentDefault for SecureJarResource(thedarkcolour.kotlinforforge.kfflib)
[15May2026 02:29:54.975] [main/DEBUG] [mixin/]: MixinPlatformAgentDefault accepted container SecureJarResource(thedarkcolour.kotlinforforge.kfflib)
[15May2026 02:29:54.975] [main/DEBUG] [mixin/]: Processing prepare() for PlatformAgent[MixinPlatformAgentDefault:SecureJarResource(thedarkcolour.kotlinforforge.kfflib)]
[15May2026 02:29:54.975] [main/DEBUG] [mixin/]: Adding mixin platform agents for container SecureJarResource(com.twelvemonkeys.common.io)
[15May2026 02:29:54.976] [main/DEBUG] [mixin/]: Instancing new MixinPlatformAgentMinecraftForge for SecureJarResource(com.twelvemonkeys.common.io)
[15May2026 02:29:54.976] [main/DEBUG] [mixin/]: MixinPlatformAgentMinecraftForge rejected container SecureJarResource(com.twelvemonkeys.common.io)
[15May2026 02:29:54.976] [main/DEBUG] [mixin/]: Instancing new MixinPlatformAgentDefault for SecureJarResource(com.twelvemonkeys.common.io)
[15May2026 02:29:54.976] [main/DEBUG] [mixin/]: MixinPlatformAgentDefault accepted container SecureJarResource(com.twelvemonkeys.common.io)
[15May2026 02:29:54.976] [main/DEBUG] [mixin/]: Processing prepare() for PlatformAgent[MixinPlatformAgentDefault:SecureJarResource(com.twelvemonkeys.common.io)]
[15May2026 02:29:54.976] [main/DEBUG] [mixin/]: Adding mixin platform agents for container SecureJarResource(MixinExtras)
[15May2026 02:29:54.976] [main/DEBUG] [mixin/]: Instancing new MixinPlatformAgentMinecraftForge for SecureJarResource(MixinExtras)
[15May2026 02:29:54.976] [main/DEBUG] [mixin/]: MixinPlatformAgentMinecraftForge rejected container SecureJarResource(MixinExtras)
[15May2026 02:29:54.976] [main/DEBUG] [mixin/]: Instancing new MixinPlatformAgentDefault for SecureJarResource(MixinExtras)
[15May2026 02:29:54.976] [main/DEBUG] [mixin/]: MixinPlatformAgentDefault accepted container SecureJarResource(MixinExtras)
[15May2026 02:29:54.976] [main/DEBUG] [mixin/]: Processing prepare() for PlatformAgent[MixinPlatformAgentDefault:SecureJarResource(MixinExtras)]
[15May2026 02:29:54.976] [main/DEBUG] [mixin/]: inject() running with 98 agents
[15May2026 02:29:54.976] [main/DEBUG] [mixin/]: Processing inject() for PlatformAgent[MixinPlatformAgentDefault:ModLauncher Root Container(ModLauncher:4f56a0a2)]
[15May2026 02:29:54.976] [main/DEBUG] [mixin/]: Processing inject() for PlatformAgent[MixinPlatformAgentDefault:SecureJarResource(betterdungeons)]
[15May2026 02:29:54.976] [main/DEBUG] [mixin/]: Processing inject() for PlatformAgent[MixinPlatformAgentDefault:SecureJarResource(kuma_api)]
[15May2026 02:29:54.976] [main/DEBUG] [mixin/]: Processing inject() for PlatformAgent[MixinPlatformAgentDefault:SecureJarResource(geckolib)]
[15May2026 02:29:54.976] [main/DEBUG] [mixin/]: Processing inject() for PlatformAgent[MixinPlatformAgentDefault:SecureJarResource(illagerinvasion)]
[15May2026 02:29:54.976] [main/DEBUG] [mixin/]: Processing inject() for PlatformAgent[MixinPlatformAgentDefault:SecureJarResource(dynamiclights)]
[15May2026 02:29:54.976] [main/DEBUG] [mixin/]: Processing inject() for PlatformAgent[MixinPlatformAgentDefault:SecureJarResource(immersive_aircraft)]
[15May2026 02:29:54.976] [main/DEBUG] [mixin/]: Processing inject() for PlatformAgent[MixinPlatformAgentDefault:SecureJarResource(sophisticatedcore)]
[15May2026 02:29:54.976] [main/DEBUG] [mixin/]: Processing inject() for PlatformAgent[MixinPlatformAgentDefault:SecureJarResource(xaeroworldmap)]
[15May2026 02:29:54.977] [main/DEBUG] [mixin/]: Processing inject() for PlatformAgent[MixinPlatformAgentDefault:SecureJarResource(placebo)]
[15May2026 02:29:54.977] [main/DEBUG] [mixin/]: Processing inject() for PlatformAgent[MixinPlatformAgentDefault:SecureJarResource(citadel)]
[15May2026 02:29:54.977] [main/DEBUG] [mixin/]: Processing inject() for PlatformAgent[MixinPlatformAgentDefault:SecureJarResource(alexsmobs)]
[15May2026 02:29:54.977] [main/DEBUG] [mixin/]: Processing inject() for PlatformAgent[MixinPlatformAgentDefault:SecureJarResource(yungsapi)]
[15May2026 02:29:54.977] [main/DEBUG] [mixin/]: Processing inject() for PlatformAgent[MixinPlatformAgentDefault:SecureJarResource(mixinextras)]
[15May2026 02:29:54.977] [main/DEBUG] [mixin/]: Processing inject() for PlatformAgent[MixinPlatformAgentDefault:SecureJarResource(sophisticatedbackpacks)]
[15May2026 02:29:54.977] [main/DEBUG] [mixin/]: Processing inject() for PlatformAgent[MixinPlatformAgentDefault:SecureJarResource(forgivingvoid)]
[15May2026 02:29:54.977] [main/DEBUG] [mixin/]: Processing inject() for PlatformAgent[MixinPlatformAgentDefault:SecureJarResource(hordes)]
[15May2026 02:29:54.977] [main/DEBUG] [mixin/]: Processing inject() for PlatformAgent[MixinPlatformAgentDefault:SecureJarResource(balm)]
[15May2026 02:29:54.977] [main/DEBUG] [mixin/]: Processing inject() for PlatformAgent[MixinPlatformAgentDefault:SecureJarResource(immersive_armors)]
[15May2026 02:29:54.977] [main/DEBUG] [mixin/]: Processing inject() for PlatformAgent[MixinPlatformAgentDefault:SecureJarResource(carryon)]
[15May2026 02:29:54.977] [main/DEBUG] [mixin/]: Processing inject() for PlatformAgent[MixinPlatformAgentDefault:SecureJarResource(betterfortresses)]
[15May2026 02:29:54.977] [main/DEBUG] [mixin/]: Processing inject() for PlatformAgent[MixinPlatformAgentDefault:SecureJarResource(paraglider)]
[15May2026 02:29:54.977] [main/DEBUG] [mixin/]: Processing inject() for PlatformAgent[MixinPlatformAgentDefault:SecureJarResource(cloth_config)]
[15May2026 02:29:54.977] [main/DEBUG] [mixin/]: Processing inject() for PlatformAgent[MixinPlatformAgentDefault:SecureJarResource(uniqueaccessories)]
[15May2026 02:29:54.977] [main/DEBUG] [mixin/]: Processing inject() for PlatformAgent[MixinPlatformAgentDefault:SecureJarResource(torchmaster)]
[15May2026 02:29:54.977] [main/DEBUG] [mixin/]: Processing inject() for PlatformAgent[MixinPlatformAgentDefault:SecureJarResource(clockwork)]
[15May2026 02:29:54.977] [main/DEBUG] [mixin/]: Processing inject() for PlatformAgent[MixinPlatformAgentDefault:SecureJarResource(resourcefulconfig)]
[15May2026 02:29:54.977] [main/DEBUG] [mixin/]: Processing inject() for PlatformAgent[MixinPlatformAgentDefault:SecureJarResource(curiouslanterns)]
[15May2026 02:29:54.977] [main/DEBUG] [mixin/]: Processing inject() for PlatformAgent[MixinPlatformAgentDefault:SecureJarResource(curios)]
[15May2026 02:29:54.977] [main/DEBUG] [mixin/]: Processing inject() for PlatformAgent[MixinPlatformAgentDefault:SecureJarResource(cerbons_api)]
[15May2026 02:29:54.977] [main/DEBUG] [mixin/]: Processing inject() for PlatformAgent[MixinPlatformAgentDefault:SecureJarResource(attributeslib)]
[15May2026 02:29:54.977] [main/DEBUG] [mixin/]: Processing inject() for PlatformAgent[MixinPlatformAgentDefault:SecureJarResource(tombstone)]
[15May2026 02:29:54.978] [main/DEBUG] [mixin/]: Processing inject() for PlatformAgent[MixinPlatformAgentDefault:SecureJarResource(atlaslib)]
[15May2026 02:29:54.978] [main/DEBUG] [mixin/]: Processing inject() for PlatformAgent[MixinPlatformAgentDefault:SecureJarResource(resourcefullib)]
[15May2026 02:29:54.978] [main/DEBUG] [mixin/]: Processing inject() for PlatformAgent[MixinPlatformAgentDefault:SecureJarResource(architectury)]
[15May2026 02:29:54.978] [main/DEBUG] [mixin/]: Processing inject() for PlatformAgent[MixinPlatformAgentDefault:SecureJarResource(blockpops)]
[15May2026 02:29:54.978] [main/DEBUG] [mixin/]: Processing inject() for PlatformAgent[MixinPlatformAgentDefault:SecureJarResource(justhammers)]
[15May2026 02:29:54.978] [main/DEBUG] [mixin/]: Processing inject() for PlatformAgent[MixinPlatformAgentDefault:SecureJarResource(refurbished_furniture)]
[15May2026 02:29:54.978] [main/DEBUG] [mixin/]: Processing inject() for PlatformAgent[MixinPlatformAgentDefault:SecureJarResource(jadeaddons)]
[15May2026 02:29:54.978] [main/DEBUG] [mixin/]: Processing inject() for PlatformAgent[MixinPlatformAgentDefault:SecureJarResource(framework)]
[15May2026 02:29:54.978] [main/DEBUG] [mixin/]: Processing inject() for PlatformAgent[MixinPlatformAgentDefault:SecureJarResource(fallingtree)]
[15May2026 02:29:54.978] [main/DEBUG] [mixin/]: Processing inject() for PlatformAgent[MixinPlatformAgentDefault:SecureJarResource(camerapture)]
[15May2026 02:29:54.978] [main/DEBUG] [mixin/]: Processing inject() for PlatformAgent[MixinPlatformAgentDefault:SecureJarResource(galena_hats)]
[15May2026 02:29:54.979] [main/DEBUG] [mixin/]: Processing inject() for PlatformAgent[MixinPlatformAgentDefault:SecureJarResource(too_many_bows)]
[15May2026 02:29:54.980] [main/DEBUG] [mixin/]: Processing inject() for PlatformAgent[MixinPlatformAgentDefault:SecureJarResource(jei)]
[15May2026 02:29:54.980] [main/DEBUG] [mixin/]: Processing inject() for PlatformAgent[MixinPlatformAgentDefault:SecureJarResource(xaerolib)]
[15May2026 02:29:54.980] [main/DEBUG] [mixin/]: Processing inject() for PlatformAgent[MixinPlatformAgentDefault:SecureJarResource(tacz)]
[15May2026 02:29:54.980] [main/DEBUG] [mixin/]: Processing inject() for PlatformAgent[MixinPlatformAgentDefault:SecureJarResource(multikulti_core)]
[15May2026 02:29:54.980] [main/DEBUG] [mixin/]: Processing inject() for PlatformAgent[MixinPlatformAgentDefault:SecureJarResource(yungscavebiomes)]
[15May2026 02:29:54.980] [main/DEBUG] [mixin/]: Processing inject() for PlatformAgent[MixinPlatformAgentDefault:SecureJarResource(nirvana)]
[15May2026 02:29:54.980] [main/DEBUG] [mixin/]: Processing inject() for PlatformAgent[MixinPlatformAgentDefault:SecureJarResource(knightlib)]
[15May2026 02:29:54.980] [main/DEBUG] [mixin/]: Processing inject() for PlatformAgent[MixinPlatformAgentDefault:SecureJarResource(mr_epicterrain)]
[15May2026 02:29:54.980] [main/DEBUG] [mixin/]: Processing inject() for PlatformAgent[MixinPlatformAgentDefault:SecureJarResource(multikulti_registrate)]
[15May2026 02:29:54.980] [main/DEBUG] [mixin/]: Processing inject() for PlatformAgent[MixinPlatformAgentDefault:SecureJarResource(bosses_of_mass_destruction)]
[15May2026 02:29:54.980] [main/DEBUG] [mixin/]: Processing inject() for PlatformAgent[MixinPlatformAgentDefault:SecureJarResource(watut)]
[15May2026 02:29:54.980] [main/DEBUG] [mixin/]: Processing inject() for PlatformAgent[MixinPlatformAgentDefault:SecureJarResource(puzzlesaccessapi)]
[15May2026 02:29:54.980] [main/DEBUG] [mixin/]: Processing inject() for PlatformAgent[MixinPlatformAgentDefault:SecureJarResource(forge)]
[15May2026 02:29:54.980] [main/DEBUG] [mixin/]: Processing inject() for PlatformAgent[MixinPlatformAgentDefault:SecureJarResource(travelerstitles)]
[15May2026 02:29:54.980] [main/DEBUG] [mixin/]: Processing inject() for PlatformAgent[MixinPlatformAgentDefault:SecureJarResource(dungeons_arise)]
[15May2026 02:29:54.980] [main/DEBUG] [mixin/]: Processing inject() for PlatformAgent[MixinPlatformAgentDefault:SecureJarResource(minecraft)]
[15May2026 02:29:54.980] [main/DEBUG] [mixin/]: Processing inject() for PlatformAgent[MixinPlatformAgentDefault:SecureJarResource(born_in_chaos_v1)]
[15May2026 02:29:54.980] [main/DEBUG] [mixin/]: Processing inject() for PlatformAgent[MixinPlatformAgentDefault:SecureJarResource(opposing_force)]
[15May2026 02:29:54.980] [main/DEBUG] [mixin/]: Processing inject() for PlatformAgent[MixinPlatformAgentDefault:SecureJarResource(doppelganger2)]
[15May2026 02:29:54.980] [main/DEBUG] [mixin/]: Processing inject() for PlatformAgent[MixinPlatformAgentDefault:SecureJarResource(lucky)]
[15May2026 02:29:54.980] [main/DEBUG] [mixin/]: Processing inject() for PlatformAgent[MixinPlatformAgentDefault:SecureJarResource(terrablender)]
[15May2026 02:29:54.980] [main/DEBUG] [mixin/]: Processing inject() for PlatformAgent[MixinPlatformAgentDefault:SecureJarResource(radiantgear)]
[15May2026 02:29:54.980] [main/DEBUG] [mixin/]: Processing inject() for PlatformAgent[MixinPlatformAgentDefault:SecureJarResource(jade)]
[15May2026 02:29:54.980] [main/DEBUG] [mixin/]: Processing inject() for PlatformAgent[MixinPlatformAgentDefault:SecureJarResource(knightquest)]
[15May2026 02:29:54.981] [main/DEBUG] [mixin/]: Processing inject() for PlatformAgent[MixinPlatformAgentDefault:SecureJarResource(kotlinforforge)]
[15May2026 02:29:54.981] [main/DEBUG] [mixin/]: Processing inject() for PlatformAgent[MixinPlatformAgentDefault:SecureJarResource(ribbits)]
[15May2026 02:29:54.981] [main/DEBUG] [mixin/]: Processing inject() for PlatformAgent[MixinPlatformAgentDefault:SecureJarResource(xaerominimap)]
[15May2026 02:29:54.981] [main/DEBUG] [mixin/]: Processing inject() for PlatformAgent[MixinPlatformAgentDefault:SecureJarResource(brainrotprotocol)]
[15May2026 02:29:54.981] [main/DEBUG] [mixin/]: Processing inject() for PlatformAgent[MixinPlatformAgentDefault:SecureJarResource(securitycraft)]
[15May2026 02:29:54.981] [main/DEBUG] [mixin/]: Processing inject() for PlatformAgent[MixinPlatformAgentDefault:SecureJarResource(armoroftheages)]
[15May2026 02:29:54.981] [main/DEBUG] [mixin/]: Processing inject() for PlatformAgent[MixinPlatformAgentDefault:SecureJarResource(coroutil)]
[15May2026 02:29:54.981] [main/DEBUG] [mixin/]: Processing inject() for PlatformAgent[MixinPlatformAgentDefault:SecureJarResource(creeperoverhaul)]
[15May2026 02:29:54.981] [main/DEBUG] [mixin/]: Processing inject() for PlatformAgent[MixinPlatformAgentDefault:SecureJarResource(yet_another_config_lib_v3)]
[15May2026 02:29:54.981] [main/DEBUG] [mixin/]: Processing inject() for PlatformAgent[MixinPlatformAgentDefault:SecureJarResource(puzzleslib)]
[15May2026 02:29:54.981] [main/DEBUG] [mixin/]: Processing inject() for PlatformAgent[MixinPlatformAgentDefault:SecureJarResource(mclib)]
[15May2026 02:29:54.981] [main/DEBUG] [mixin/]: Processing inject() for PlatformAgent[MixinPlatformAgentDefault:SecureJarResource(org.quiltmc.parsers.json)]
[15May2026 02:29:54.981] [main/DEBUG] [mixin/]: Processing inject() for PlatformAgent[MixinPlatformAgentDefault:SecureJarResource(Registrate.MC1._20)]
[15May2026 02:29:54.981] [main/DEBUG] [mixin/]: Processing inject() for PlatformAgent[MixinPlatformAgentDefault:SecureJarResource(com.twelvemonkeys.imageio.webp)]
[15May2026 02:29:54.981] [main/DEBUG] [mixin/]: Processing inject() for PlatformAgent[MixinPlatformAgentDefault:SecureJarResource(com.twelvemonkeys.common.lang)]
[15May2026 02:29:54.981] [main/DEBUG] [mixin/]: Processing inject() for PlatformAgent[MixinPlatformAgentDefault:SecureJarResource(com.twelvemonkeys.imageio.metadata)]
[15May2026 02:29:54.981] [main/DEBUG] [mixin/]: Processing inject() for PlatformAgent[MixinPlatformAgentDefault:SecureJarResource(luaj.jse.figura)]
[15May2026 02:29:54.981] [main/DEBUG] [mixin/]: Processing inject() for PlatformAgent[MixinPlatformAgentDefault:SecureJarResource(yabn)]
[15May2026 02:29:54.981] [main/DEBUG] [mixin/]: Processing inject() for PlatformAgent[MixinPlatformAgentDefault:SecureJarResource(org.quiltmc.parsers.gson)]
[15May2026 02:29:54.981] [main/DEBUG] [mixin/]: Processing inject() for PlatformAgent[MixinPlatformAgentDefault:SecureJarResource(commons.math3)]
[15May2026 02:29:54.981] [main/DEBUG] [mixin/]: Processing inject() for PlatformAgent[MixinPlatformAgentDefault:SecureJarResource(luaj.core.figura)]
[15May2026 02:29:54.981] [main/DEBUG] [mixin/]: Processing inject() for PlatformAgent[MixinPlatformAgentDefault:SecureJarResource(webp4j)]
[15May2026 02:29:54.981] [main/DEBUG] [mixin/]: Processing inject() for PlatformAgent[MixinPlatformAgentDefault:SecureJarResource(bytecodecs)]
[15May2026 02:29:54.983] [main/DEBUG] [mixin/]: Processing inject() for PlatformAgent[MixinPlatformAgentDefault:SecureJarResource(MathParser.org.mXparser)]
[15May2026 02:29:54.983] [main/DEBUG] [mixin/]: Processing inject() for PlatformAgent[MixinPlatformAgentDefault:SecureJarResource(com.twelvemonkeys.common.image)]
[15May2026 02:29:54.983] [main/DEBUG] [mixin/]: Processing inject() for PlatformAgent[MixinPlatformAgentDefault:SecureJarResource(org.apache.bcel)]
[15May2026 02:29:54.983] [main/DEBUG] [mixin/]: Processing inject() for PlatformAgent[MixinPlatformAgentDefault:SecureJarResource(com.twelvemonkeys.imageio.core)]
[15May2026 02:29:54.983] [main/DEBUG] [mixin/]: Processing inject() for PlatformAgent[MixinPlatformAgentDefault:SecureJarResource(thedarkcolour.kotlinforforge.kfflib)]
[15May2026 02:29:54.983] [main/DEBUG] [mixin/]: Processing inject() for PlatformAgent[MixinPlatformAgentDefault:SecureJarResource(com.twelvemonkeys.common.io)]
[15May2026 02:29:54.983] [main/DEBUG] [mixin/]: Processing inject() for PlatformAgent[MixinPlatformAgentDefault:SecureJarResource(MixinExtras)]
[15May2026 02:29:54.983] [main/INFO] [cpw.mods.modlauncher.LaunchServiceHandler/MODLAUNCHER]: Launching target 'forgeserver' with arguments [nogui]
[15May2026 02:29:55.025] [main/DEBUG] [mixin/]: Preparing mixins for MixinEnvironment[DEFAULT]
[15May2026 02:29:55.025] [main/DEBUG] [mixin/]: Selecting config betterdungeons.mixins.json
[15May2026 02:29:55.030] [main/DEBUG] [mixin/]: Selecting config betterdungeons_forge.mixins.json
[15May2026 02:29:55.032] [main/DEBUG] [mixin/]: Selecting config kuma_api.mixins.json
[15May2026 02:29:55.034] [main/DEBUG] [mixin/]: Selecting config kuma_api.forge.mixins.json
[15May2026 02:29:55.035] [main/DEBUG] [mixin/]: Selecting config geckolib.mixins.json
[15May2026 02:29:55.037] [main/DEBUG] [mixin/]: Selecting config illagerinvasion.common.mixins.json
[15May2026 02:29:55.046] [main/DEBUG] [mixin/]: Selecting config illagerinvasion.forge.mixins.json
[15May2026 02:29:55.049] [main/DEBUG] [mixin/]: Selecting config immersive_aircraft.mixins.json
[15May2026 02:29:55.051] [main/DEBUG] [mixin/]: Selecting config sophisticatedcore.mixins.json
[15May2026 02:29:55.053] [main/DEBUG] [mixin/]: Selecting config xaeroworldmap.mixins.json
[15May2026 02:29:55.056] [main/DEBUG] [mixin/]: Selecting config xaeroworldmap.forge.mixins.json
[15May2026 02:29:55.058] [main/DEBUG] [mixin/]: Selecting config placebo.mixins.json
[15May2026 02:29:55.060] [main/DEBUG] [mixin/]: Selecting config citadel.mixins.json
[15May2026 02:29:55.062] [main/DEBUG] [mixin/]: Selecting config yungsapi.mixins.json
[15May2026 02:29:55.065] [main/DEBUG] [mixin/]: Selecting config yungsapi_forge.mixins.json
[15May2026 02:29:55.066] [main/DEBUG] [mixin/]: Selecting config mixinextras.init.mixins.json
[15May2026 02:29:55.126] [main/DEBUG] [MixinExtras|Service/]: com.llamalad7.mixinextras.service.MixinExtrasServiceImpl(version=0.4.1) is taking over from null
[15May2026 02:29:55.204] [main/DEBUG] [mixin/]: Registering new injector for @Inject with org.spongepowered.asm.mixin.injection.struct.CallbackInjectionInfo
[15May2026 02:29:55.205] [main/DEBUG] [mixin/]: Registering new injector for @ModifyArg with org.spongepowered.asm.mixin.injection.struct.ModifyArgInjectionInfo
[15May2026 02:29:55.206] [main/DEBUG] [mixin/]: Registering new injector for @ModifyArgs with org.spongepowered.asm.mixin.injection.struct.ModifyArgsInjectionInfo
[15May2026 02:29:55.208] [main/DEBUG] [mixin/]: Registering new injector for @Redirect with org.spongepowered.asm.mixin.injection.struct.RedirectInjectionInfo
[15May2026 02:29:55.209] [main/DEBUG] [mixin/]: Registering new injector for @ModifyVariable with org.spongepowered.asm.mixin.injection.struct.ModifyVariableInjectionInfo
[15May2026 02:29:55.210] [main/DEBUG] [mixin/]: Registering new injector for @ModifyConstant with org.spongepowered.asm.mixin.injection.struct.ModifyConstantInjectionInfo
[15May2026 02:29:55.220] [main/DEBUG] [mixin/]: Selecting config forgivingvoid.mixins.json
[15May2026 02:29:55.223] [main/DEBUG] [mixin/]: Selecting config hordes.mixin.json
[15May2026 02:29:55.227] [main/DEBUG] [mixin/]: Selecting config balm.mixins.json
[15May2026 02:29:55.229] [main/DEBUG] [mixin/]: Selecting config immersive_armors.mixins.json
[15May2026 02:29:55.233] [main/DEBUG] [mixin/]: Selecting config carryon.mixins.json
[15May2026 02:29:55.235] [main/DEBUG] [mixin/]: Selecting config carryon.forge.mixins.json
[15May2026 02:29:55.236] [main/DEBUG] [mixin/]: Selecting config betterfortresses.mixins.json
[15May2026 02:29:55.238] [main/DEBUG] [mixin/]: Selecting config betterfortresses_forge.mixins.json
[15May2026 02:29:55.239] [main/DEBUG] [mixin/]: Selecting config paraglider.mixins.json
[15May2026 02:29:55.241] [main/DEBUG] [mixin/]: Selecting config uniqueaccessories.mixins.json
[15May2026 02:29:55.242] [main/DEBUG] [mixin/]: Selecting config clockwork.mixins.json
[15May2026 02:29:55.244] [main/DEBUG] [mixin/]: Selecting config clockwork.forge.mixins.json
[15May2026 02:29:55.245] [main/DEBUG] [mixin/]: Selecting config curios.mixins.json
[15May2026 02:29:55.247] [main/DEBUG] [mixin/]: Selecting config cerbons_api.mixins.json
[15May2026 02:29:55.249] [main/WARN] [mixin/]: Reference map 'CerbonsAPI-Forge-1.20.1-forge-refmap.json' for cerbons_api.mixins.json could not be read. If this is a development environment you can ignore this message
[15May2026 02:29:55.249] [main/DEBUG] [mixin/]: Selecting config cerbons_api-common.mixins.json
[15May2026 02:29:55.250] [main/DEBUG] [mixin/]: Selecting config attributeslib.mixins.json
[15May2026 02:29:55.252] [main/DEBUG] [mixin/]: Selecting config tombstone.mixins.json
[15May2026 02:29:55.254] [main/DEBUG] [mixin/]: Selecting config architectury.mixins.json
[15May2026 02:29:55.256] [main/DEBUG] [mixin/]: Selecting config architectury-common.mixins.json
[15May2026 02:29:55.258] [main/DEBUG] [mixin/]: Selecting config blockpops.mixins.json
[15May2026 02:29:55.259] [main/WARN] [mixin/]: Reference map 'blockpops-common-common-refmap.json' for blockpops.mixins.json could not be read. If this is a development environment you can ignore this message
[15May2026 02:29:55.260] [main/DEBUG] [mixin/]: Selecting config justhammers-common.mixins.json
[15May2026 02:29:55.261] [main/WARN] [mixin/]: Reference map 'justhammers-common-refmap.json' for justhammers-common.mixins.json could not be read. If this is a development environment you can ignore this message
[15May2026 02:29:55.261] [main/DEBUG] [mixin/]: Selecting config justhammers.mixins.json
[15May2026 02:29:55.263] [main/DEBUG] [mixin/]: Selecting config refurbished_furniture.common.mixins.json
[15May2026 02:29:55.266] [main/DEBUG] [mixin/]: Selecting config jadeaddons.mixins.json
[15May2026 02:29:55.268] [main/DEBUG] [mixin/]: Selecting config camerapture.mixins.json
[15May2026 02:29:55.271] [main/DEBUG] [mixin/]: Selecting config camerapture-client.mixins.json
[15May2026 02:29:55.273] [main/DEBUG] [mixin/]: Selecting config galena_hats.mixins.json
[15May2026 02:29:55.274] [main/DEBUG] [mixin/]: Selecting config too_many_bows.mixins.json
[15May2026 02:29:55.276] [main/DEBUG] [mixin/]: Selecting config xaerolib.mixins.json
[15May2026 02:29:55.279] [main/DEBUG] [mixin/]: Selecting config xaerolib.forge.mixins.json
[15May2026 02:29:55.281] [main/DEBUG] [mixin/]: Selecting config tacz.mixins.json
[15May2026 02:29:55.283] [main/DEBUG] [mixin/]: Selecting config tacz.compat.acceleratedrendering.mixins.json
[15May2026 02:29:55.287] [main/DEBUG] [mixin/]: Selecting config yungscavebiomes.mixins.json
[15May2026 02:29:55.289] [main/DEBUG] [mixin/]: Selecting config yungscavebiomes_forge.mixins.json
[15May2026 02:29:55.291] [main/DEBUG] [mixin/]: Selecting config nirvana.forge.mixins.json
[15May2026 02:29:55.293] [main/DEBUG] [mixin/]: Selecting config nirvana.mixins.json
[15May2026 02:29:55.294] [main/DEBUG] [mixin/]: Selecting config knightlib.mixins.json
[15May2026 02:29:55.296] [main/DEBUG] [mixin/]: Selecting config knightlib.forge.mixins.json
[15May2026 02:29:55.297] [main/DEBUG] [mixin/]: Selecting config multikulti_registrate.mixins.json
[15May2026 02:29:55.299] [main/DEBUG] [mixin/]: Selecting config mixins.bosses_of_mass_destruction.json
[15May2026 02:29:55.300] [main/DEBUG] [mixin/]: Selecting config watut.mixins.json
[15May2026 02:29:55.302] [main/DEBUG] [mixin/]: Selecting config puzzlesaccessapi.common.mixins.json
[15May2026 02:29:55.304] [main/WARN] [mixin/]: Reference map 'puzzlesaccessapi.common.refmap.json' for puzzlesaccessapi.common.mixins.json could not be read. If this is a development environment you can ignore this message
[15May2026 02:29:55.304] [main/DEBUG] [mixin/]: Selecting config puzzlesaccessapi.forge.mixins.json
[15May2026 02:29:55.306] [main/DEBUG] [mixin/]: Selecting config travelerstitles.mixins.json
[15May2026 02:29:55.307] [main/DEBUG] [mixin/]: Selecting config travelerstitles_forge.mixins.json
[15May2026 02:29:55.309] [main/DEBUG] [mixin/]: Selecting config opposing_force.mixins.json
[15May2026 02:29:55.311] [main/DEBUG] [mixin/]: Selecting config terrablender.mixins.json
[15May2026 02:29:55.312] [main/DEBUG] [mixin/]: Selecting config terrablender_forge.mixins.json
[15May2026 02:29:55.314] [main/DEBUG] [mixin/]: Selecting config jade.mixins.json
[15May2026 02:29:55.315] [main/DEBUG] [mixin/]: Selecting config knightquest.mixins.json
[15May2026 02:29:55.317] [main/WARN] [mixin/]: Reference map 'knightquest.refmap.json' for knightquest.mixins.json could not be read. If this is a development environment you can ignore this message
[15May2026 02:29:55.317] [main/DEBUG] [mixin/]: Selecting config knightquest.forge.mixins.json
[15May2026 02:29:55.320] [main/WARN] [mixin/]: Reference map 'knightquest.refmap.json' for knightquest.forge.mixins.json could not be read. If this is a development environment you can ignore this message
[15May2026 02:29:55.320] [main/DEBUG] [mixin/]: Selecting config ribbits.mixins.json
[15May2026 02:29:55.321] [main/DEBUG] [mixin/]: Selecting config ribbits_forge.mixins.json
[15May2026 02:29:55.323] [main/DEBUG] [mixin/]: Selecting config xaerohud.mixins.json
[15May2026 02:29:55.324] [main/DEBUG] [mixin/]: Selecting config xaerohud.forge.mixins.json
[15May2026 02:29:55.326] [main/DEBUG] [mixin/]: Selecting config xaerominimap.mixins.json
[15May2026 02:29:55.328] [main/DEBUG] [mixin/]: Selecting config xaerominimap.forge.mixins.json
[15May2026 02:29:55.330] [main/DEBUG] [mixin/]: Selecting config securitycraft.mixins.json
[15May2026 02:29:55.333] [main/DEBUG] [mixin/]: Selecting config armoroftheages.mixins.json
[15May2026 02:29:55.335] [main/DEBUG] [mixin/]: Selecting config coroutil.mixins.json
[15May2026 02:29:55.337] [main/WARN] [mixin/]: Reference map 'coroutil.refmap.json' for coroutil.mixins.json could not be read. If this is a development environment you can ignore this message
[15May2026 02:29:55.337] [main/DEBUG] [mixin/]: Selecting config creeperoverhaul-common.mixins.json
[15May2026 02:29:55.338] [main/DEBUG] [mixin/]: Selecting config yacl.mixins.json
[15May2026 02:29:55.340] [main/DEBUG] [mixin/]: Selecting config puzzleslib.common.mixins.json
[15May2026 02:29:55.361] [main/INFO] [Puzzles Lib/]: Loading 77 mods:
	- alexsmobs 1.22.9
	- architectury 9.2.14
	- armoroftheages 1.3.14
	- atlaslib 1.1.12
	- attributeslib 1.3.7
	- balm 7.3.38
		\-- kuma_api 20.1.12
	- betterdungeons 1.20-Forge-4.0.4
	- betterfortresses 1.20-Forge-2.0.6
	- blockpops 1.5.0
	- born_in_chaos_v1 1.7.5
	- bosses_of_mass_destruction 1.1.2
	- brainrotprotocol 1.0.0
	- camerapture 1.10.12
	- carryon 2.1.2.7
		\-- mixinextras 0.2.0-beta.6
	- cerbons_api 1.1.0
	- citadel 2.6.3
	- clockwork 1.0.2
	- cloth_config 11.1.136
	- coroutil 1.20.1-1.3.7
	- creeperoverhaul 3.0.2
		\-- resourcefullib 2.1.20
	- curios 5.14.1+1.20.1
	- curiouslanterns 1.20.1-1.3.7
	- doppelganger2 1.02
	- dungeons_arise 2.1.58-1.20.x
	- dynamiclights 1.20.1.2
	- fallingtree 4.3.4
	- forge 47.3.7
	- forgivingvoid 10.0.3
	- framework 0.8.0
	- geckolib 4.8.3
	- hordes 1.6.3e
	- illagerinvasion 8.0.7
	- immersive_aircraft 1.4.0+1.20.1
	- immersive_armors 1.7.1+1.20.1
	- jade 11.13.2+forge
	- jadeaddons 5.5.0+forge
	- jei 15.20.0.130
	- justhammers 2.0.3+mc1.20.1
	- knightlib 1.4.3
	- knightquest 1.9.3
	- kotlinforforge 4.12.0
	- lucky 1.20.1-13.0
	- minecraft 1.20.1
	- mr_epicterrain 0.2.5
	- nirvana 1.2.5
		|-- galena_hats 1.20.1-1.2.4
		|-- multikulti_core 1.20.1-1.1.5
		\-- multikulti_registrate 1.20.1-1.1.5
	- opposing_force 1.20.1-2.0.3
	- paraglider 20.1.3
	- placebo 8.6.3
	- puzzleslib 8.1.33
		\-- puzzlesaccessapi 20.1.1
	- radiantgear 2.2.0+1.20.1
	- refurbished_furniture 1.0.20
	- resourcefulconfig 2.1.3
	- ribbits 1.20.1-Forge-3.0.5
	- securitycraft 1.10.1
	- sophisticatedbackpacks 3.24.35.1675
	- sophisticatedcore 1.3.26.1759
	- tacz 1.1.7-hotfix2
	- terrablender 3.0.1.10
	- tombstone 9.0.10
	- too_many_bows 4.0.1
	- torchmaster 20.1.9
	- travelerstitles 1.20-Forge-4.0.2
	- uniqueaccessories 1.3.3
	- watut 1.20.1-1.2.3
	- xaerominimap 25.3.10
		\-- xaerolib 1.1.0
	- xaeroworldmap 1.40.11
	- yet_another_config_lib_v3 3.6.6+1.20.1-forge
	- yungsapi 1.20-Forge-4.0.6
	- yungscavebiomes 1.20.1-Forge-2.0.5
[15May2026 02:29:55.363] [main/DEBUG] [mixin/]: Selecting config puzzleslib.forge.mixins.json
[15May2026 02:29:55.366] [main/DEBUG] [mixin/]: Preparing betterdungeons.mixins.json (8)
[15May2026 02:29:55.414] [main/DEBUG] [net.minecraftforge.coremod.transformer.CoreModBaseTransformer/COREMOD]: Transforming net/minecraft/world/level/levelgen/structure/templatesystem/StructureTemplate
[15May2026 02:29:55.893] [main/DEBUG] [mixin/]: Preparing betterdungeons_forge.mixins.json (0)
[15May2026 02:29:55.893] [main/DEBUG] [mixin/]: Preparing kuma_api.mixins.json (1)
[15May2026 02:29:55.893] [main/DEBUG] [mixin/]: Preparing kuma_api.forge.mixins.json (0)
[15May2026 02:29:55.893] [main/DEBUG] [mixin/]: Preparing geckolib.mixins.json (1)
[15May2026 02:29:55.893] [main/DEBUG] [mixin/]: Preparing illagerinvasion.common.mixins.json (6)
[15May2026 02:29:55.905] [main/DEBUG] [net.minecraftforge.coremod.transformer.CoreModBaseTransformer/COREMOD]: Transforming net/minecraft/world/level/levelgen/PatrolSpawner
[15May2026 02:29:55.939] [main/DEBUG] [net.minecraftforge.coremod.transformer.CoreModBaseTransformer/COREMOD]: Transforming net/minecraft/world/level/levelgen/structure/structures/WoodlandMansionPieces$WoodlandMansionPiece
[15May2026 02:29:56.025] [main/DEBUG] [mixin/]: Preparing illagerinvasion.forge.mixins.json (2)
[15May2026 02:29:56.026] [main/DEBUG] [mixin/]: Preparing immersive_aircraft.mixins.json (15)
[15May2026 02:29:56.075] [main/DEBUG] [mixin/]: Preparing sophisticatedcore.mixins.json (2)
[15May2026 02:29:56.084] [main/WARN] [mixin/]: Error loading class: com/simibubi/create/content/contraptions/AbstractContraptionEntity (java.lang.ClassNotFoundException: com.simibubi.create.content.contraptions.AbstractContraptionEntity)
[15May2026 02:29:56.085] [main/WARN] [mixin/]: @Mixin target com.simibubi.create.content.contraptions.AbstractContraptionEntity was not found sophisticatedcore.mixins.json:MixinAbstractContraptionEntity
[15May2026 02:29:56.088] [main/DEBUG] [mixin/]: Preparing xaeroworldmap.mixins.json (11)
[15May2026 02:29:56.121] [main/DEBUG] [mixin/]: Preparing xaeroworldmap.forge.mixins.json (2)
[15May2026 02:29:56.123] [main/DEBUG] [mixin/]: Preparing placebo.mixins.json (6)
[15May2026 02:29:56.141] [main/DEBUG] [net.minecraftforge.coremod.transformer.CoreModBaseTransformer/COREMOD]: Transforming net/minecraft/world/item/ItemStack
[15May2026 02:29:56.160] [main/DEBUG] [net.minecraftforge.coremod.transformer.CoreModBaseTransformer/COREMOD]: Transforming getEnchantmentLevel with desc (Lnet/minecraft/world/item/enchantment/Enchantment;)I
[15May2026 02:29:56.172] [main/INFO] [net.minecraftforge.coremod.CoreMod.placebo/COREMODLOG]: Patching IForgeItemStack#getEnchantmentLevel
[15May2026 02:29:56.188] [main/DEBUG] [net.minecraftforge.coremod.transformer.CoreModBaseTransformer/COREMOD]: Transforming getAllEnchantments with desc ()Ljava/util/Map;
[15May2026 02:29:56.200] [main/INFO] [net.minecraftforge.coremod.CoreMod.placebo/COREMODLOG]: Patching IForgeItemStack#getEnchantmentLevel
[15May2026 02:29:56.217] [main/DEBUG] [mixin/]: Preparing citadel.mixins.json (16)
[15May2026 02:29:56.276] [main/DEBUG] [mixin/]: Preparing yungsapi.mixins.json (11)
[15May2026 02:29:56.280] [main/DEBUG] [yungsapi/]: Loaded com.yungnickyoung.minecraft.yungsapi.services.ForgePlatformHelper@6b6def36 for service interface com.yungnickyoung.minecraft.yungsapi.services.IPlatformHelper
[15May2026 02:29:56.282] [main/DEBUG] [yungsapi/]: Loaded com.yungnickyoung.minecraft.yungsapi.services.ForgeAutoRegisterHelper@7be38eba for service interface com.yungnickyoung.minecraft.yungsapi.services.IAutoRegisterHelper
[15May2026 02:29:56.283] [main/DEBUG] [yungsapi/]: Loaded com.yungnickyoung.minecraft.yungsapi.services.ForgeBlockEntityTypeHelper@7cb29ea8 for service interface com.yungnickyoung.minecraft.yungsapi.services.IBlockEntityTypeHelper
[15May2026 02:29:56.285] [main/DEBUG] [yungsapi/]: Loaded com.yungnickyoung.minecraft.yungsapi.services.ForgeParticleTypeHelper@6b3d9c38 for service interface com.yungnickyoung.minecraft.yungsapi.services.IParticleTypeHelper
[15May2026 02:29:56.298] [main/DEBUG] [mixin/]: Preparing yungsapi_forge.mixins.json (1)
[15May2026 02:29:56.299] [main/DEBUG] [mixin/]: Preparing mixinextras.init.mixins.json (0)
[15May2026 02:29:56.299] [main/DEBUG] [mixin/]: Preparing forgivingvoid.mixins.json (2)
[15May2026 02:29:56.311] [main/DEBUG] [mixin/]: Preparing hordes.mixin.json (26)
[15May2026 02:29:56.378] [main/DEBUG] [net.minecraftforge.coremod.transformer.CoreModBaseTransformer/COREMOD]: Transforming net/minecraft/world/entity/monster/Zombie
[15May2026 02:29:56.517] [main/DEBUG] [net.minecraftforge.coremod.transformer.CoreModBaseTransformer/COREMOD]: Transforming net/minecraft/world/entity/monster/ZombieVillager
[15May2026 02:29:56.583] [main/DEBUG] [mixin/]: Preparing balm.mixins.json (16)
[15May2026 02:29:56.592] [main/DEBUG] [mixin/]: Preparing immersive_armors.mixins.json (10)
[15May2026 02:29:56.597] [main/DEBUG] [mixin/]: Preparing carryon.mixins.json (5)
[15May2026 02:29:56.602] [main/DEBUG] [mixin/]: Preparing carryon.forge.mixins.json (0)
[15May2026 02:29:56.602] [main/DEBUG] [mixin/]: Preparing betterfortresses.mixins.json (6)
[15May2026 02:29:56.605] [main/DEBUG] [mixin/]: Preparing betterfortresses_forge.mixins.json (0)
[15May2026 02:29:56.606] [main/DEBUG] [mixin/]: Preparing paraglider.mixins.json (4)
[15May2026 02:29:56.612] [main/DEBUG] [net.minecraftforge.coremod.transformer.CoreModBaseTransformer/COREMOD]: Transforming net/minecraft/world/entity/raid/Raid
[15May2026 02:29:56.732] [main/DEBUG] [mixin/]: Preparing uniqueaccessories.mixins.json (5)
[15May2026 02:29:56.739] [main/DEBUG] [mixin/]: Preparing clockwork.mixins.json (1)
[15May2026 02:29:56.739] [main/DEBUG] [mixin/]: Preparing clockwork.forge.mixins.json (7)
[15May2026 02:29:56.748] [main/DEBUG] [mixin/]: Preparing curios.mixins.json (13)
[15May2026 02:29:56.760] [main/DEBUG] [mixin/]: Preparing cerbons_api.mixins.json (0)
[15May2026 02:29:56.760] [main/DEBUG] [mixin/]: Preparing cerbons_api-common.mixins.json (8)
[15May2026 02:29:56.770] [main/DEBUG] [mixin/]: Preparing attributeslib.mixins.json (17)
[15May2026 02:29:56.783] [main/DEBUG] [mixin/]: Preparing tombstone.mixins.json (28)
[15May2026 02:29:56.819] [main/DEBUG] [net.minecraftforge.coremod.transformer.CoreModBaseTransformer/COREMOD]: Transforming net/minecraft/world/entity/npc/Villager
[15May2026 02:29:56.937] [main/DEBUG] [mixin/]: Preparing architectury.mixins.json (9)
[15May2026 02:29:56.944] [main/DEBUG] [mixin/]: Preparing architectury-common.mixins.json (10)
[15May2026 02:29:56.955] [main/DEBUG] [net.minecraftforge.coremod.transformer.CoreModBaseTransformer/COREMOD]: Transforming net/minecraft/world/item/BucketItem
[15May2026 02:29:56.966] [main/DEBUG] [net.minecraftforge.coremod.transformer.CoreModBaseTransformer/COREMOD]: Transforming net/minecraft/world/entity/EntityType
[15May2026 02:29:57.032] [main/DEBUG] [net.minecraftforge.coremod.transformer.CoreModBaseTransformer/COREMOD]: Transforming net/minecraft/world/level/block/LiquidBlock
[15May2026 02:29:57.036] [main/DEBUG] [mixin/]: Preparing blockpops.mixins.json (0)
[15May2026 02:29:57.037] [main/DEBUG] [mixin/]: Preparing justhammers-common.mixins.json (0)
[15May2026 02:29:57.037] [main/DEBUG] [mixin/]: Preparing justhammers.mixins.json (1)
[15May2026 02:29:57.039] [main/DEBUG] [mixin/]: Preparing refurbished_furniture.common.mixins.json (12)
[15May2026 02:29:57.044] [main/DEBUG] [mixin/]: Preparing jadeaddons.mixins.json (3)
[15May2026 02:29:57.047] [main/WARN] [mixin/]: Error loading class: com/simibubi/create/content/equipment/armor/BacktankBlockEntity (java.lang.ClassNotFoundException: com.simibubi.create.content.equipment.armor.BacktankBlockEntity)
[15May2026 02:29:57.048] [main/WARN] [mixin/]: @Mixin target com.simibubi.create.content.equipment.armor.BacktankBlockEntity was not found jadeaddons.mixins.json:create.BacktankBlockEntityAccess
[15May2026 02:29:57.048] [main/DEBUG] [mixin/]: Preparing camerapture.mixins.json (2)
[15May2026 02:29:57.051] [main/DEBUG] [mixin/]: Preparing camerapture-client.mixins.json (5)
[15May2026 02:29:57.051] [main/DEBUG] [mixin/]: Preparing galena_hats.mixins.json (1)
[15May2026 02:29:57.051] [main/DEBUG] [mixin/]: Preparing too_many_bows.mixins.json (2)
[15May2026 02:29:57.053] [main/DEBUG] [mixin/]: Preparing xaerolib.mixins.json (5)
[15May2026 02:29:57.054] [main/DEBUG] [mixin/]: Preparing xaerolib.forge.mixins.json (0)
[15May2026 02:29:57.054] [main/DEBUG] [mixin/]: Preparing tacz.mixins.json (14)
[15May2026 02:29:57.057] [main/DEBUG] [mixin/]: Preparing tacz.compat.acceleratedrendering.mixins.json (1)
[15May2026 02:29:57.057] [main/DEBUG] [mixin/]: Preparing yungscavebiomes.mixins.json (36)
[15May2026 02:29:57.104] [main/DEBUG] [mixin/]: Preparing yungscavebiomes_forge.mixins.json (1)
[15May2026 02:29:57.105] [main/DEBUG] [mixin/]: Preparing nirvana.forge.mixins.json (1)
[15May2026 02:29:57.108] [main/WARN] [mixin/]: Error loading class: com/simibubi/create/content/fluids/transfer/GenericItemFilling (java.lang.ClassNotFoundException: com.simibubi.create.content.fluids.transfer.GenericItemFilling)
[15May2026 02:29:57.109] [main/WARN] [mixin/]: @Mixin target com.simibubi.create.content.fluids.transfer.GenericItemFilling was not found nirvana.forge.mixins.json:GenericItemFillingMixin
[15May2026 02:29:57.109] [main/DEBUG] [mixin/]: Preparing nirvana.mixins.json (13)
[15May2026 02:29:57.119] [main/DEBUG] [mixin/]: Preparing knightlib.mixins.json (3)
[15May2026 02:29:57.123] [main/DEBUG] [mixin/]: Preparing knightlib.forge.mixins.json (0)
[15May2026 02:29:57.123] [main/DEBUG] [mixin/]: Preparing multikulti_registrate.mixins.json (1)
[15May2026 02:29:57.129] [main/DEBUG] [mixin/]: Preparing mixins.bosses_of_mass_destruction.json (6)
[15May2026 02:29:57.135] [main/DEBUG] [net.minecraftforge.coremod.transformer.CoreModBaseTransformer/COREMOD]: Transforming net/minecraft/world/level/NaturalSpawner
[15May2026 02:29:57.180] [main/DEBUG] [mixin/]: Preparing watut.mixins.json (9)
[15May2026 02:29:57.185] [main/DEBUG] [mixin/]: Preparing puzzlesaccessapi.common.mixins.json (0)
[15May2026 02:29:57.185] [main/DEBUG] [mixin/]: Preparing puzzlesaccessapi.forge.mixins.json (0)
[15May2026 02:29:57.185] [main/DEBUG] [mixin/]: Preparing travelerstitles.mixins.json (3)
[15May2026 02:29:57.185] [main/DEBUG] [mixin/]: Preparing travelerstitles_forge.mixins.json (1)
[15May2026 02:29:57.185] [main/DEBUG] [mixin/]: Preparing opposing_force.mixins.json (17)
[15May2026 02:29:57.198] [main/DEBUG] [mixin/]: Preparing terrablender.mixins.json (7)
[15May2026 02:29:57.208] [main/DEBUG] [mixin/]: Preparing terrablender_forge.mixins.json (0)
[15May2026 02:29:57.208] [main/DEBUG] [mixin/]: Preparing jade.mixins.json (2)
[15May2026 02:29:57.208] [main/DEBUG] [mixin/]: Preparing knightquest.mixins.json (0)
[15May2026 02:29:57.208] [main/DEBUG] [mixin/]: Preparing knightquest.forge.mixins.json (0)
[15May2026 02:29:57.208] [main/DEBUG] [mixin/]: Preparing ribbits.mixins.json (12)
[15May2026 02:29:57.210] [main/DEBUG] [mixin/]: Preparing ribbits_forge.mixins.json (1)
[15May2026 02:29:57.211] [main/DEBUG] [mixin/]: Preparing xaerohud.mixins.json (21)
[15May2026 02:29:57.212] [main/DEBUG] [mixin/]: Preparing xaerohud.forge.mixins.json (0)
[15May2026 02:29:57.212] [main/DEBUG] [mixin/]: Preparing xaerominimap.mixins.json (0)
[15May2026 02:29:57.212] [main/DEBUG] [mixin/]: Preparing xaerominimap.forge.mixins.json (0)
[15May2026 02:29:57.212] [main/DEBUG] [mixin/]: Preparing securitycraft.mixins.json (24)
[15May2026 02:29:57.233] [main/DEBUG] [mixin/]: Preparing armoroftheages.mixins.json (1)
[15May2026 02:29:57.233] [main/DEBUG] [mixin/]: Preparing coroutil.mixins.json (0)
[15May2026 02:29:57.233] [main/DEBUG] [mixin/]: Preparing creeperoverhaul-common.mixins.json (1)
[15May2026 02:29:57.235] [main/DEBUG] [mixin/]: Preparing yacl.mixins.json (5)
[15May2026 02:29:57.235] [main/DEBUG] [mixin/]: Preparing puzzleslib.common.mixins.json (7)
[15May2026 02:29:57.238] [main/DEBUG] [mixin/]: Preparing puzzleslib.forge.mixins.json (13)
[15May2026 02:29:57.286] [main/DEBUG] [mixin/]: Inner class immersive_armors/mixin/MobEntityMixin$1 in immersive_armors/mixin/MobEntityMixin on net/minecraft/world/entity/Mob gets unique name net/minecraft/world/entity/Mob$Anonymous$d597c98e3e464da3a123cdf3c671921f
[15May2026 02:29:57.376] [main/DEBUG] [mixin/]: Prepared 287 mixins in 2.350 sec (8.2ms avg) (0ms load, 0ms transform, 0ms plugin)
[15May2026 02:29:57.387] [main/INFO] [MixinExtras|Service/]: Initializing MixinExtras via com.llamalad7.mixinextras.service.MixinExtrasServiceImpl(version=0.4.1).
[15May2026 02:29:57.389] [main/DEBUG] [mixin/]: Registering new injector for @SugarWrapper with com.llamalad7.mixinextras.sugar.impl.SugarWrapperInjectionInfo
[15May2026 02:29:57.389] [main/DEBUG] [mixin/]: Registering new injector for @FactoryRedirectWrapper with com.llamalad7.mixinextras.wrapper.factory.FactoryRedirectWrapperInjectionInfo
[15May2026 02:29:57.393] [main/DEBUG] [mixin/]: Mixing MixinMinecraftServer from xaeroworldmap.mixins.json into net.minecraft.server.MinecraftServer
[15May2026 02:29:57.402] [main/DEBUG] [mixin/]: Mixing MinecraftServerMixin from citadel.mixins.json into net.minecraft.server.MinecraftServer
[15May2026 02:29:57.407] [main/DEBUG] [mixin/]: Mixing MinecraftServerMixin from balm.mixins.json into net.minecraft.server.MinecraftServer
[15May2026 02:29:57.408] [main/DEBUG] [mixin/]: Renaming synthetic method lambda$reloadResources$0(Ljava/lang/Void;)V to mdbaff56$lambda$reloadResources$0$0 in balm.mixins.json:MinecraftServerMixin
[15May2026 02:29:57.416] [main/DEBUG] [mixin/]: Mixing MixinMinecraftServer from xaerohud.mixins.json into net.minecraft.server.MinecraftServer
[15May2026 02:29:57.513] [main/DEBUG] [mixin/]: Mixing DedicatedServerMixin from tombstone.mixins.json into net.minecraft.server.dedicated.DedicatedServer
[15May2026 02:29:57.552] [main/DEBUG] [io.netty.util.internal.logging.InternalLoggerFactory/]: Using SLF4J as the default logging framework
[15May2026 02:29:57.556] [main/DEBUG] [io.netty.util.ResourceLeakDetector/]: -Dio.netty.leakDetection.level: simple
[15May2026 02:29:57.556] [main/DEBUG] [io.netty.util.ResourceLeakDetector/]: -Dio.netty.leakDetection.targetRecords: 4
[15May2026 02:29:57.836] [main/DEBUG] [oshi.util.FileUtil/]: No oshi.properties file found from ClassLoader cpw.mods.modlauncher.TransformingClassLoader@3554bdc0
[15May2026 02:29:57.837] [main/DEBUG] [oshi.util.FileUtil/]: No oshi.properties file found from ClassLoader jdk.internal.loader.ClassLoaders$AppClassLoader@76ed5528
[15May2026 02:29:57.906] [main/DEBUG] [oshi.util.FileUtil/]: Reading file /proc/self/auxv
[15May2026 02:29:57.906] [main/DEBUG] [oshi.util.FileUtil/]: Reading file /proc/self/auxv
[15May2026 02:29:57.918] [main/DEBUG] [oshi.util.FileUtil/]: Reading file /proc/stat
[15May2026 02:29:57.935] [main/DEBUG] [oshi.util.FileUtil/]: Reading file /sys/devices/system/cpu/cpu0/topology/core_id
[15May2026 02:29:57.935] [main/DEBUG] [oshi.util.FileUtil/]: Reading file /sys/devices/system/cpu/cpu0/topology/core_id
[15May2026 02:29:57.936] [main/DEBUG] [oshi.util.FileUtil/]: Reading file /sys/devices/system/cpu/cpu0/topology/physical_package_id
[15May2026 02:29:57.937] [main/DEBUG] [oshi.util.FileUtil/]: Reading file /sys/devices/system/cpu/cpu0/topology/physical_package_id
[15May2026 02:29:57.937] [main/DEBUG] [oshi.util.FileUtil/]: Reading file /sys/devices/system/cpu/cpu0/cpu_capacity
[15May2026 02:29:57.940] [main/DEBUG] [oshi.util.FileUtil/]: Reading file /sys/devices/system/cpu/cpu1/topology/core_id
[15May2026 02:29:57.940] [main/DEBUG] [oshi.util.FileUtil/]: Reading file /sys/devices/system/cpu/cpu1/topology/core_id
[15May2026 02:29:57.940] [main/DEBUG] [oshi.util.FileUtil/]: Reading file /sys/devices/system/cpu/cpu1/topology/physical_package_id
[15May2026 02:29:57.940] [main/DEBUG] [oshi.util.FileUtil/]: Reading file /sys/devices/system/cpu/cpu1/topology/physical_package_id
[15May2026 02:29:57.940] [main/DEBUG] [oshi.util.FileUtil/]: Reading file /sys/devices/system/cpu/cpu1/cpu_capacity
[15May2026 02:29:57.941] [main/DEBUG] [oshi.util.FileUtil/]: Reading file /sys/devices/system/cpu/cpu2/topology/core_id
[15May2026 02:29:57.941] [main/DEBUG] [oshi.util.FileUtil/]: Reading file /sys/devices/system/cpu/cpu2/topology/core_id
[15May2026 02:29:57.941] [main/DEBUG] [oshi.util.FileUtil/]: Reading file /sys/devices/system/cpu/cpu2/topology/physical_package_id
[15May2026 02:29:57.941] [main/DEBUG] [oshi.util.FileUtil/]: Reading file /sys/devices/system/cpu/cpu2/topology/physical_package_id
[15May2026 02:29:57.941] [main/DEBUG] [oshi.util.FileUtil/]: Reading file /sys/devices/system/cpu/cpu2/cpu_capacity
[15May2026 02:29:57.941] [main/DEBUG] [oshi.util.FileUtil/]: Reading file /sys/devices/system/cpu/cpu3/topology/core_id
[15May2026 02:29:57.941] [main/DEBUG] [oshi.util.FileUtil/]: Reading file /sys/devices/system/cpu/cpu3/topology/core_id
[15May2026 02:29:57.941] [main/DEBUG] [oshi.util.FileUtil/]: Reading file /sys/devices/system/cpu/cpu3/topology/physical_package_id
[15May2026 02:29:57.941] [main/DEBUG] [oshi.util.FileUtil/]: Reading file /sys/devices/system/cpu/cpu3/topology/physical_package_id
[15May2026 02:29:57.942] [main/DEBUG] [oshi.util.FileUtil/]: Reading file /sys/devices/system/cpu/cpu3/cpu_capacity
[15May2026 02:29:57.947] [main/DEBUG] [oshi.util.FileUtil/]: Reading file /proc/cpuinfo
[15May2026 02:29:57.975] [main/DEBUG] [oshi.util.FileUtil/]: Reading file /proc/self/auxv
[15May2026 02:29:57.982] [main/DEBUG] [oshi.util.FileUtil/]: No oshi.architecture.properties file found from ClassLoader cpw.mods.modlauncher.TransformingClassLoader@3554bdc0
[15May2026 02:29:57.982] [main/DEBUG] [oshi.util.FileUtil/]: No oshi.architecture.properties file found from ClassLoader jdk.internal.loader.ClassLoaders$AppClassLoader@76ed5528
[15May2026 02:29:58.029] [main/DEBUG] [oshi.util.FileUtil/]: Reading file /proc/meminfo
[15May2026 02:29:58.032] [main/DEBUG] [oshi.util.FileUtil/]: Reading file /proc/meminfo
[15May2026 02:29:58.119] [main/DEBUG] [mixin/]: Mixing MixinBuiltInRegistries from terrablender.mixins.json into net.minecraft.core.registries.BuiltInRegistries
[15May2026 02:29:58.120] [main/DEBUG] [mixin/]: Renaming synthetic method lambda$registerSimple$0(Lnet/minecraft/core/registries/BuiltInRegistries$RegistryBootstrap;Lnet/minecraft/core/Registry;)Ljava/lang/Object; to mdbaff56$lambda$registerSimple$0$0 in terrablender.mixins.json:MixinBuiltInRegistries
[15May2026 02:29:58.218] [main/DEBUG] [mixin/]: Mixing inject.MixinGameEvent from architectury-common.mixins.json into net.minecraft.world.level.gameevent.GameEvent
[15May2026 02:29:58.256] [main/DEBUG] [mixin/]: Mixing accessor.ForgeRegistryForgeAccessor from puzzleslib.forge.mixins.json into net.minecraftforge.registries.ForgeRegistry
[15May2026 02:29:58.288] [main/DEBUG] [mixin/]: Mixing inject.MixinBlock from architectury-common.mixins.json into net.minecraft.world.level.block.Block
[15May2026 02:29:58.288] [main/DEBUG] [mixin/]: Mixing frosted_caves.BlockMixin from yungscavebiomes.mixins.json into net.minecraft.world.level.block.Block
[15May2026 02:29:58.316] [main/DEBUG] [mixin/]: Mixing accessor.BlockAccessor from puzzleslib.common.mixins.json into net.minecraft.world.level.block.Block
[15May2026 02:29:58.334] [main/DEBUG] [mixin/]: Mixing BlockBehaviourMixin from opposing_force.mixins.json into net.minecraft.world.level.block.state.BlockBehaviour
[15May2026 02:29:58.365] [main/DEBUG] [mixin/]: Mixing BlockBehaviorUse from watut.mixins.json into net.minecraft.world.level.block.state.BlockBehaviour$BlockStateBase
[15May2026 02:29:58.414] [main/DEBUG] [mixin/]: Mixing MixinEntity from hordes.mixin.json into net.minecraft.world.entity.Entity
[15May2026 02:29:58.434] [main/DEBUG] [mixin/]: Mixing EntityMixin from balm.mixins.json into net.minecraft.world.entity.Entity
[15May2026 02:29:58.445] [main/DEBUG] [mixin/]: Mixing EntityMixin from carryon.mixins.json into net.minecraft.world.entity.Entity
[15May2026 02:29:58.486] [main/DEBUG] [mixin/]: Mixing EntityBlockTriggerMixin from uniqueaccessories.mixins.json into net.minecraft.world.entity.Entity
[15May2026 02:29:58.490] [main/DEBUG] [mixin/]: Mixing EntityStuckMixin from uniqueaccessories.mixins.json into net.minecraft.world.entity.Entity
[15May2026 02:29:58.492] [main/DEBUG] [mixin/]: Mixing AccessorEntity from curios.mixins.json into net.minecraft.world.entity.Entity
[15May2026 02:29:58.496] [main/DEBUG] [mixin/]: Mixing multipart_entities.EntityMixin from cerbons_api-common.mixins.json into net.minecraft.world.entity.Entity
[15May2026 02:29:58.499] [main/DEBUG] [mixin/]: Mixing EntityMixin from attributeslib.mixins.json into net.minecraft.world.entity.Entity
[15May2026 02:29:58.512] [main/DEBUG] [mixin/]: Mixing EntityMixin from tombstone.mixins.json into net.minecraft.world.entity.Entity
[15May2026 02:29:58.525] [main/DEBUG] [mixin/]: Mixing EntityAccessor from refurbished_furniture.common.mixins.json into net.minecraft.world.entity.Entity
[15May2026 02:29:58.529] [main/DEBUG] [mixin/]: Mixing EntityMixin from refurbished_furniture.common.mixins.json into net.minecraft.world.entity.Entity
[15May2026 02:29:58.537] [main/DEBUG] [mixin/]: Mixing EntityWaterExtinguishMixin from too_many_bows.mixins.json into net.minecraft.world.entity.Entity
[15May2026 02:29:58.550] [main/DEBUG] [mixin/]: Mixing frosted_caves.EntityMixin from yungscavebiomes.mixins.json into net.minecraft.world.entity.Entity
[15May2026 02:29:58.555] [main/DEBUG] [mixin/]: Mixing EntityMixin from nirvana.mixins.json into net.minecraft.world.entity.Entity
[15May2026 02:29:58.561] [main/DEBUG] [mixin/]: Mixing EntityMixin from opposing_force.mixins.json into net.minecraft.world.entity.Entity
[15May2026 02:29:58.782] [main/DEBUG] [mixin/]: Mixing IForgeEntityMixin from attributeslib.mixins.json into net.minecraftforge.common.extensions.IForgeEntity
[15May2026 02:29:58.807] [main/DEBUG] [mixin/]: Mixing LivingEntityMixin from citadel.mixins.json into net.minecraft.world.entity.LivingEntity
[15May2026 02:29:58.821] [main/DEBUG] [mixin/]: Mixing MixinLivingEntity from hordes.mixin.json into net.minecraft.world.entity.LivingEntity
[15May2026 02:29:58.831] [main/DEBUG] [mixin/]: Mixing MixinLivingEntity from immersive_armors.mixins.json into net.minecraft.world.entity.LivingEntity
[15May2026 02:29:58.840] [main/DEBUG] [mixin/]: Mixing MixinLivingEntity from curios.mixins.json into net.minecraft.world.entity.LivingEntity
[15May2026 02:29:58.843] [main/DEBUG] [mixin/]: Mixing LivingEntityMixin from attributeslib.mixins.json into net.minecraft.world.entity.LivingEntity
[15May2026 02:29:58.848] [main/DEBUG] [net.minecraftforge.coremod.transformer.CoreModBaseTransformer/COREMOD]: Transforming net/minecraft/world/effect/MobEffectInstance
[15May2026 02:29:58.860] [main/DEBUG] [mixin/]: Mixing LivingEntityMixin from tombstone.mixins.json into net.minecraft.world.entity.LivingEntity
[15May2026 02:29:58.871] [main/DEBUG] [mixin/]: Mixing LivingEntityMixin from refurbished_furniture.common.mixins.json into net.minecraft.world.entity.LivingEntity
[15May2026 02:29:58.874] [main/DEBUG] [mixin/]: Mixing LivingEntityMixin from too_many_bows.mixins.json into net.minecraft.world.entity.LivingEntity
[15May2026 02:29:58.881] [main/DEBUG] [mixin/]: Mixing common.LivingEntityMixin from tacz.mixins.json into net.minecraft.world.entity.LivingEntity
[15May2026 02:29:58.891] [main/DEBUG] [mixin/]: Renaming synthetic method lambda$initialData$0()Lnet/minecraft/world/item/ItemStack; to mdbaff56$lambda$initialData$0$0 in tacz.mixins.json:common.LivingEntityMixin
[15May2026 02:29:58.935] [main/DEBUG] [mixin/]: Mixing frosted_caves.LivingEntityMixin from yungscavebiomes.mixins.json into net.minecraft.world.entity.LivingEntity
[15May2026 02:29:58.938] [main/DEBUG] [mixin/]: Mixing lost_caves.LivingEntityMixin from yungscavebiomes.mixins.json into net.minecraft.world.entity.LivingEntity
[15May2026 02:29:58.952] [main/DEBUG] [mixin/]: Mixing LivingEntityMixin from nirvana.mixins.json into net.minecraft.world.entity.LivingEntity
[15May2026 02:29:58.953] [main/DEBUG] [mixin/]: Mixing LivingEntityMixin from mixins.bosses_of_mass_destruction.json into net.minecraft.world.entity.LivingEntity
[15May2026 02:29:58.955] [main/DEBUG] [mixin/]: Mixing LivingEntityMixin from opposing_force.mixins.json into net.minecraft.world.entity.LivingEntity
[15May2026 02:29:59.115] [main/DEBUG] [mixin/]: Mixing LevelMixin from citadel.mixins.json into net.minecraft.world.level.Level
[15May2026 02:29:59.118] [main/DEBUG] [mixin/]: Mixing LevelMixin from refurbished_furniture.common.mixins.json into net.minecraft.world.level.Level
[15May2026 02:29:59.146] [main/DEBUG] [mixin/]: Mixing ServerLevelMixin from citadel.mixins.json into net.minecraft.server.level.ServerLevel
[15May2026 02:29:59.148] [main/DEBUG] [mixin/]: Mixing MixinServerLevel from hordes.mixin.json into net.minecraft.server.level.ServerLevel
[15May2026 02:29:59.150] [main/DEBUG] [mixin/]: Mixing ServerLevelMixin from refurbished_furniture.common.mixins.json into net.minecraft.server.level.ServerLevel
[15May2026 02:29:59.152] [main/DEBUG] [mixin/]: Mixing accessor.ServerLevelAccessor from yungscavebiomes.mixins.json into net.minecraft.server.level.ServerLevel
[15May2026 02:29:59.152] [main/DEBUG] [mixin/]: Mixing lost_caves.ServerLevelMixin from yungscavebiomes.mixins.json into net.minecraft.server.level.ServerLevel
[15May2026 02:29:59.153] [main/DEBUG] [mixin/]: Renaming synthetic method lambda$yungscavebiomes_initSandstorm$1()Lcom/yungnickyoung/minecraft/yungscavebiomes/sandstorm/SandstormServerData; to mdbaff56$lambda$yungscavebiomes_initSandstorm$1$0 in yungscavebiomes.mixins.json:lost_caves.ServerLevelMixin
[15May2026 02:29:59.153] [main/DEBUG] [mixin/]: Renaming synthetic method lambda$yungscavebiomes_initSandstorm$0(Lnet/minecraft/nbt/CompoundTag;)Lcom/yungnickyoung/minecraft/yungscavebiomes/sandstorm/SandstormServerData; to mdbaff56$lambda$yungscavebiomes_initSandstorm$0$1 in yungscavebiomes.mixins.json:lost_caves.ServerLevelMixin
[15May2026 02:29:59.155] [main/DEBUG] [mixin/]: Mixing ExplosionMixin from mixins.bosses_of_mass_destruction.json into net.minecraft.server.level.ServerLevel
[15May2026 02:29:59.198] [main/DEBUG] [mixin/]: Mixing PlayerMixin from carryon.mixins.json into net.minecraft.world.entity.player.Player
[15May2026 02:29:59.201] [main/DEBUG] [mixin/]: Mixing MixinPlayer from paraglider.mixins.json into net.minecraft.world.entity.player.Player
[15May2026 02:29:59.203] [main/DEBUG] [mixin/]: Mixing PlayerMixin from clockwork.forge.mixins.json into net.minecraft.world.entity.player.Player
[15May2026 02:29:59.204] [main/DEBUG] [mixin/]: Mixing PlayerMixin from attributeslib.mixins.json into net.minecraft.world.entity.player.Player
[15May2026 02:29:59.207] [main/DEBUG] [mixin/]: Mixing PlayerMixin from opposing_force.mixins.json into net.minecraft.world.entity.player.Player
[15May2026 02:29:59.214] [main/DEBUG] [mixin/]: Mixing PlayerEntityMixin from immersive_aircraft.mixins.json into net.minecraft.world.entity.player.Player
[15May2026 02:29:59.311] [main/DEBUG] [mixin/]: Mixing inject.MixinFluid from architectury-common.mixins.json into net.minecraft.world.level.material.Fluid
[15May2026 02:29:59.316] [main/DEBUG] [mixin/]: Mixing ItemMixin from tombstone.mixins.json into net.minecraft.world.item.Item
[15May2026 02:29:59.317] [main/DEBUG] [mixin/]: Renaming synthetic method lambda$methodIsFoil$1(Lnet/minecraft/world/item/ItemStack;Lovh/corail/tombstone/api/capability/ISoulConsumer;)Ljava/lang/Boolean; to mdbaff56$lambda$methodIsFoil$1$0 in tombstone.mixins.json:ItemMixin
[15May2026 02:29:59.317] [main/DEBUG] [mixin/]: Renaming synthetic method lambda$methodGetName$0(Lnet/minecraft/world/item/ItemStack;Lovh/corail/tombstone/api/capability/ISoulConsumer;)Ljava/lang/Boolean; to mdbaff56$lambda$methodGetName$0$1 in tombstone.mixins.json:ItemMixin
[15May2026 02:29:59.336] [main/DEBUG] [mixin/]: Mixing inject.MixinItem from architectury-common.mixins.json into net.minecraft.world.item.Item
[15May2026 02:29:59.350] [main/DEBUG] [mixin/]: Mixing IForgeItemMixin from attributeslib.mixins.json into net.minecraftforge.common.extensions.IForgeItem
[15May2026 02:29:59.358] [main/DEBUG] [net.minecraftforge.coremod.transformer.CoreModBaseTransformer/COREMOD]: Transforming net/minecraft/world/entity/EntityType
[15May2026 02:29:59.404] [main/DEBUG] [mixin/]: Mixing inject.MixinEntityType from architectury-common.mixins.json into net.minecraft.world.entity.EntityType
[15May2026 02:29:59.449] [main/DEBUG] [mixin/]: Mixing AttributeMixin from attributeslib.mixins.json into net.minecraft.world.entity.ai.attributes.Attribute
[15May2026 02:29:59.506] [main/DEBUG] [mixin/]: Mixing accessor.FireBlockForgeAccessor from puzzleslib.forge.mixins.json into net.minecraft.world.level.block.FireBlock
[15May2026 02:29:59.537] [main/DEBUG] [mixin/]: Mixing multipart_entities.ShapesMixin from cerbons_api-common.mixins.json into net.minecraft.world.phys.shapes.Shapes
[15May2026 02:29:59.553] [main/DEBUG] [mixin/]: Mixing multipart_entities.VoxelShapeMixin from cerbons_api-common.mixins.json into net.minecraft.world.phys.shapes.VoxelShape
[15May2026 02:29:59.557] [main/DEBUG] [mixin/]: Mixing multipart_entities.InvokerArrayVoxelShape from cerbons_api-common.mixins.json into net.minecraft.world.phys.shapes.ArrayVoxelShape
[15May2026 02:29:59.557] [main/DEBUG] [mixin/]: Renaming @Invoker method init(Lnet/minecraft/world/phys/shapes/DiscreteVoxelShape;Lit/unimi/dsi/fastutil/doubles/DoubleList;Lit/unimi/dsi/fastutil/doubles/DoubleList;Lit/unimi/dsi/fastutil/doubles/DoubleList;)Lnet/minecraft/world/phys/shapes/ArrayVoxelShape; to init_$md$baff56$0 in cerbons_api-common.mixins.json:multipart_entities.InvokerArrayVoxelShape
[15May2026 02:29:59.611] [main/DEBUG] [mixin/]: Mixing NoteBlockInstrumentMixin from opposing_force.mixins.json into net.minecraft.world.level.block.state.properties.NoteBlockInstrument
[15May2026 02:29:59.611] [main/DEBUG] [mixin/]: Renaming @Invoker method newInstrument(Ljava/lang/String;ILjava/lang/String;Lnet/minecraft/core/Holder;Lnet/minecraft/world/level/block/state/properties/NoteBlockInstrument$Type;)Lnet/minecraft/world/level/block/state/properties/NoteBlockInstrument; to newInstrument_$md$baff56$0 in opposing_force.mixins.json:NoteBlockInstrumentMixin
[15May2026 02:29:59.808] [main/DEBUG] [net.minecraftforge.coremod.transformer.CoreModBaseTransformer/COREMOD]: Transforming net/minecraft/world/level/block/LiquidBlock
[15May2026 02:29:59.808] [main/DEBUG] [mixin/]: Mixing inject.MixinLiquidBlock from architectury-common.mixins.json into net.minecraft.world.level.block.LiquidBlock
[15May2026 02:29:59.826] [main/DEBUG] [mixin/]: Mixing NoteBlockMixin from opposing_force.mixins.json into net.minecraft.world.level.block.NoteBlock
[15May2026 02:29:59.840] [main/DEBUG] [mixin/]: Mixing lost_caves.DeadBushBlockMixin from yungscavebiomes.mixins.json into net.minecraft.world.level.block.DeadBushBlock
[15May2026 02:29:59.858] [main/DEBUG] [net.minecraftforge.coremod.transformer.CoreModBaseTransformer/COREMOD]: Transforming net/minecraft/world/level/block/StairBlock
[15May2026 02:29:59.866] [main/DEBUG] [mixin/]: Mixing ChestBlockMixin from tombstone.mixins.json into net.minecraft.world.level.block.ChestBlock
[15May2026 02:29:59.878] [main/DEBUG] [mixin/]: Mixing CropBlockMixin from balm.mixins.json into net.minecraft.world.level.block.CropBlock
[15May2026 02:29:59.888] [main/DEBUG] [mixin/]: Mixing accessor.DoorBlockAccessor from ribbits.mixins.json into net.minecraft.world.level.block.DoorBlock
[15May2026 02:29:59.889] [main/DEBUG] [mixin/]: Renaming @Invoker method createDoorBlock(Lnet/minecraft/world/level/block/state/BlockBehaviour$Properties;Lnet/minecraft/world/level/block/state/properties/BlockSetType;)Lnet/minecraft/world/level/block/DoorBlock; to createDoorBlock_$md$baff56$0 in ribbits.mixins.json:accessor.DoorBlockAccessor
[15May2026 02:29:59.908] [main/DEBUG] [mixin/]: Mixing IceBlockMixin from mixins.bosses_of_mass_destruction.json into net.minecraft.world.level.block.IceBlock
[15May2026 02:29:59.915] [main/DEBUG] [net.minecraftforge.coremod.transformer.CoreModBaseTransformer/COREMOD]: Transforming net/minecraft/world/level/levelgen/structure/Structure
[15May2026 02:29:59.922] [main/DEBUG] [mixin/]: Mixing lost_caves.CactusBlockMixin from yungscavebiomes.mixins.json into net.minecraft.world.level.block.CactusBlock
[15May2026 02:29:59.951] [main/DEBUG] [mixin/]: Mixing StemBlockMixin from balm.mixins.json into net.minecraft.world.level.block.StemBlock
[15May2026 02:29:59.968] [main/DEBUG] [mixin/]: Mixing accessor.AbstractCauldronBlockAccessor from yungscavebiomes.mixins.json into net.minecraft.world.level.block.AbstractCauldronBlock
[15May2026 02:29:59.969] [main/DEBUG] [mixin/]: Mixing frosted_caves.AbstractCauldronBlockMixin from yungscavebiomes.mixins.json into net.minecraft.world.level.block.AbstractCauldronBlock
[15May2026 02:29:59.993] [main/DEBUG] [net.minecraftforge.coremod.transformer.CoreModBaseTransformer/COREMOD]: Transforming net/minecraft/world/level/block/FlowerPotBlock
[15May2026 02:30:00.008] [main/DEBUG] [mixin/]: Mixing AnvilBlockMixin from placebo.mixins.json into net.minecraft.world.level.block.AnvilBlock
[15May2026 02:30:00.061] [main/DEBUG] [mixin/]: Mixing reinforced.BubbleColumnBlockMixin from securitycraft.mixins.json into net.minecraft.world.level.block.BubbleColumnBlock
[15May2026 02:30:00.122] [main/DEBUG] [mixin/]: Mixing MixinPowderSnowBlock from curios.mixins.json into net.minecraft.world.level.block.PowderSnowBlock
[15May2026 02:30:00.403] [main/DEBUG] [mixin/]: Mixing BlockEntityMixin from refurbished_furniture.common.mixins.json into net.minecraft.world.level.block.entity.BlockEntity
[15May2026 02:30:00.411] [main/DEBUG] [mixin/]: Mixing BrushableBlockEntityMixin from tombstone.mixins.json into net.minecraft.world.level.block.entity.BrushableBlockEntity
[15May2026 02:30:00.425] [main/DEBUG] [mixin/]: Mixing accessor.BrushableBlockEntityAccessor from yungscavebiomes.mixins.json into net.minecraft.world.level.block.entity.BrushableBlockEntity
[15May2026 02:30:00.432] [main/DEBUG] [mixin/]: Mixing MixinFallingBlockEntity from architectury.mixins.json into net.minecraft.world.entity.item.FallingBlockEntity
[15May2026 02:30:01.012] [main/DEBUG] [mixin/]: Mixing AbstractContainerMenuInvoker from placebo.mixins.json into net.minecraft.world.inventory.AbstractContainerMenu
[15May2026 02:30:01.013] [main/DEBUG] [mixin/]: Mixing AbstractContainerMenuDoClick from watut.mixins.json into net.minecraft.world.inventory.AbstractContainerMenu
[15May2026 02:30:01.015] [main/DEBUG] [mixin/]: Mixing accessor.AbstractContainerMenuAccessor from puzzleslib.common.mixins.json into net.minecraft.world.inventory.AbstractContainerMenu
[15May2026 02:30:01.094] [main/DEBUG] [mixin/]: Mixing multipart_entities.AABBMixin from cerbons_api-common.mixins.json into net.minecraft.world.phys.AABB
[15May2026 02:30:01.103] [main/DEBUG] [mixin/]: Mixing accessor.AbstractArrowAccessor from yungscavebiomes.mixins.json into net.minecraft.world.entity.projectile.AbstractArrow
[15May2026 02:30:01.104] [main/DEBUG] [mixin/]: Mixing frosted_caves.AbstractArrowMixin from yungscavebiomes.mixins.json into net.minecraft.world.entity.projectile.AbstractArrow
[15May2026 02:30:01.110] [main/DEBUG] [mixin/]: Mixing AbstractArrowMixin from opposing_force.mixins.json into net.minecraft.world.entity.projectile.AbstractArrow
[15May2026 02:30:01.123] [main/DEBUG] [mixin/]: Mixing multipart_entities.ProjectileMixin from cerbons_api-common.mixins.json into net.minecraft.world.entity.projectile.Projectile
[15May2026 02:30:01.145] [main/DEBUG] [mixin/]: Mixing MixinMob from hordes.mixin.json into net.minecraft.world.entity.Mob
[15May2026 02:30:01.146] [main/DEBUG] [mixin/]: Renaming synthetic method lambda$hordes$checkAndHandleImportantInteractions$0(Ljava/lang/Object;)V to mdbaff56$lambda$hordes$checkAndHandleImportantInteractions$0$0 in hordes.mixin.json:MixinMob
[15May2026 02:30:01.155] [main/DEBUG] [mixin/]: Mixing MobEntityMixin from immersive_armors.mixins.json into net.minecraft.world.entity.Mob
[15May2026 02:30:01.161] [main/DEBUG] [mixin/]: Mixing MobMixin from tombstone.mixins.json into net.minecraft.world.entity.Mob
[15May2026 02:30:01.161] [main/DEBUG] [mixin/]: Renaming synthetic method lambda$methodSetTarget$2(Lnet/minecraft/world/entity/LivingEntity;Ljava/util/UUID;)Ljava/lang/Boolean; to mdbaff56$lambda$methodSetTarget$2$1 in tombstone.mixins.json:MobMixin
[15May2026 02:30:01.162] [main/DEBUG] [mixin/]: Renaming synthetic method lambda$methodCanBeLeashed$1(Lnet/minecraft/world/entity/player/Player;Ljava/util/UUID;)Ljava/lang/Boolean; to mdbaff56$lambda$methodCanBeLeashed$1$2 in tombstone.mixins.json:MobMixin
[15May2026 02:30:01.162] [main/DEBUG] [mixin/]: Renaming synthetic method lambda$methodTick$0(Lnet/minecraft/world/entity/Mob;Lovh/corail/tombstone/api/capability/ISpellCaster;)V to mdbaff56$lambda$methodTick$0$3 in tombstone.mixins.json:MobMixin
[15May2026 02:30:01.167] [main/DEBUG] [mixin/]: Mixing debug.MobAccessor from yungscavebiomes.mixins.json into net.minecraft.world.entity.Mob
[15May2026 02:30:01.168] [main/DEBUG] [mixin/]: Mixing MobMixin from nirvana.mixins.json into net.minecraft.world.entity.Mob
[15May2026 02:30:01.170] [main/DEBUG] [mixin/]: Mixing MobMixin from opposing_force.mixins.json into net.minecraft.world.entity.Mob
[15May2026 02:30:01.172] [main/DEBUG] [net.minecraftforge.coremod.transformer.CoreModBaseTransformer/COREMOD]: Transforming getEnchantmentLevel with desc (Lnet/minecraft/world/item/enchantment/Enchantment;)I
[15May2026 02:30:01.172] [main/INFO] [net.minecraftforge.coremod.CoreMod.placebo/COREMODLOG]: Patching IForgeItemStack#getEnchantmentLevel
[15May2026 02:30:01.173] [main/DEBUG] [net.minecraftforge.coremod.transformer.CoreModBaseTransformer/COREMOD]: Transforming getAllEnchantments with desc ()Ljava/util/Map;
[15May2026 02:30:01.174] [main/INFO] [net.minecraftforge.coremod.CoreMod.placebo/COREMODLOG]: Patching IForgeItemStack#getEnchantmentLevel
[15May2026 02:30:01.177] [main/DEBUG] [mixin/]: Mixing MobMixinForge from ribbits_forge.mixins.json into net.minecraft.world.entity.Mob
[15May2026 02:30:01.215] [main/DEBUG] [mixin/]: Mixing IronGolemMixin from creeperoverhaul-common.mixins.json into net.minecraft.world.entity.animal.IronGolem
[15May2026 02:30:01.243] [main/DEBUG] [mixin/]: Mixing MonsterMixin from tombstone.mixins.json into net.minecraft.world.entity.monster.Monster
[15May2026 02:30:01.302] [main/DEBUG] [net.minecraftforge.coremod.transformer.CoreModBaseTransformer/COREMOD]: Transforming net/minecraft/world/item/ItemStack
[15May2026 02:30:01.303] [main/DEBUG] [mixin/]: Mixing ItemStackMixin from placebo.mixins.json into net.minecraft.world.item.ItemStack
[15May2026 02:30:01.304] [main/DEBUG] [mixin/]: Renaming synthetic method lambda$getOrCreate$0(Ljava/util/function/Function;Ljava/util/function/ToIntFunction;Lnet/minecraft/resources/ResourceLocation;)Ldev/shadowsoffire/placebo/util/CachedObject; to mdbaff56$lambda$getOrCreate$0$0 in placebo.mixins.json:ItemStackMixin
[15May2026 02:30:01.309] [main/DEBUG] [mixin/]: Mixing ItemStackMixin from attributeslib.mixins.json into net.minecraft.world.item.ItemStack
[15May2026 02:30:01.309] [main/DEBUG] [mixin/]: Mixing ItemStackMixin from tombstone.mixins.json into net.minecraft.world.item.ItemStack
[15May2026 02:30:01.330] [main/DEBUG] [net.minecraftforge.coremod.transformer.CoreModBaseTransformer/COREMOD]: Transforming getEnchantmentLevel with desc (Lnet/minecraft/world/item/enchantment/Enchantment;)I
[15May2026 02:30:01.330] [main/INFO] [net.minecraftforge.coremod.CoreMod.placebo/COREMODLOG]: Patching IForgeItemStack#getEnchantmentLevel
[15May2026 02:30:01.331] [main/DEBUG] [net.minecraftforge.coremod.transformer.CoreModBaseTransformer/COREMOD]: Transforming getAllEnchantments with desc ()Ljava/util/Map;
[15May2026 02:30:01.331] [main/INFO] [net.minecraftforge.coremod.CoreMod.placebo/COREMODLOG]: Patching IForgeItemStack#getEnchantmentLevel
[15May2026 02:30:01.846] [main/DEBUG] [mixin/]: Mixing LecternBlockEntityMixin from camerapture.mixins.json into net.minecraft.world.level.block.entity.LecternBlockEntity
[15May2026 02:30:01.851] [main/DEBUG] [mixin/]: Mixing SmithingMenuMixin from citadel.mixins.json into net.minecraft.world.inventory.SmithingMenu
[15May2026 02:30:01.858] [main/DEBUG] [mixin/]: Mixing CampfireBlockEntityMixin from nirvana.mixins.json into net.minecraft.world.level.block.entity.CampfireBlockEntity
[15May2026 02:30:01.945] [main/DEBUG] [mixin/]: Mixing MixinLightningBolt from architectury-common.mixins.json into net.minecraft.world.entity.LightningBolt
[15May2026 02:30:01.995] [main/DEBUG] [net.minecraftforge.coremod.transformer.CoreModBaseTransformer/COREMOD]: Transforming net/minecraft/world/entity/animal/frog/Tadpole
[15May2026 02:30:02.017] [main/DEBUG] [mixin/]: Mixing accessor.BlockItemAccessor from puzzleslib.common.mixins.json into net.minecraft.world.item.BlockItem
[15May2026 02:30:02.023] [main/DEBUG] [mixin/]: Mixing boat.BoatItemMixin from securitycraft.mixins.json into net.minecraft.world.item.BoatItem
[15May2026 02:30:02.030] [main/DEBUG] [mixin/]: Mixing reinforced.SwordAndShearsItemMixin from securitycraft.mixins.json into net.minecraft.world.item.SwordItem
[15May2026 02:30:02.038] [main/DEBUG] [net.minecraftforge.coremod.transformer.CoreModBaseTransformer/COREMOD]: Transforming net/minecraft/world/item/BucketItem
[15May2026 02:30:02.038] [main/DEBUG] [mixin/]: Mixing inject.MixinBucketItem from architectury-common.mixins.json into net.minecraft.world.item.BucketItem
[15May2026 02:30:02.044] [main/DEBUG] [mixin/]: Mixing BundleItemMixin from tombstone.mixins.json into net.minecraft.world.item.BundleItem
[15May2026 02:30:02.044] [main/DEBUG] [mixin/]: Renaming synthetic method lambda$getEnchantmentLevel$0(Lnet/minecraft/world/item/ItemStack;Lovh/corail/tombstone/api/capability/ISoulConsumer;)Ljava/lang/Boolean; to mdbaff56$lambda$getEnchantmentLevel$0$0 in tombstone.mixins.json:BundleItemMixin
[15May2026 02:30:02.051] [main/DEBUG] [mixin/]: Mixing MixinShearsItem from curios.mixins.json into net.minecraft.world.item.ShearsItem
[15May2026 02:30:02.051] [main/DEBUG] [mixin/]: Mixing reinforced.SwordAndShearsItemMixin from securitycraft.mixins.json into net.minecraft.world.item.ShearsItem
[15May2026 02:30:02.055] [main/DEBUG] [mixin/]: Mixing PotionItemMixin from tombstone.mixins.json into net.minecraft.world.item.PotionItem
[15May2026 02:30:02.056] [main/DEBUG] [mixin/]: Renaming synthetic method lambda$methodFinishUsingItemReturn$1(Lnet/minecraft/world/entity/LivingEntity;Lovh/corail/tombstone/capability/ITBCapability;)V to mdbaff56$lambda$methodFinishUsingItemReturn$1$0 in tombstone.mixins.json:PotionItemMixin
[15May2026 02:30:02.056] [main/DEBUG] [mixin/]: Renaming synthetic method lambda$effectList$0(Lnet/minecraft/world/effect/MobEffectInstance;)Ljava/lang/Integer; to mdbaff56$lambda$effectList$0$1 in tombstone.mixins.json:PotionItemMixin
[15May2026 02:30:02.058] [main/DEBUG] [mixin/]: Mixing PotionItemMixin from clockwork.forge.mixins.json into net.minecraft.world.item.PotionItem
[15May2026 02:30:02.067] [main/DEBUG] [mixin/]: Mixing EnderEyeUseMixin from mixins.bosses_of_mass_destruction.json into net.minecraft.world.item.EnderEyeItem
[15May2026 02:30:02.071] [main/DEBUG] [mixin/]: Mixing reinforced.WritableAndWrittenBookItemMixin from securitycraft.mixins.json into net.minecraft.world.item.WritableBookItem
[15May2026 02:30:02.075] [main/DEBUG] [mixin/]: Mixing reinforced.WritableAndWrittenBookItemMixin from securitycraft.mixins.json into net.minecraft.world.item.WrittenBookItem
[15May2026 02:30:02.087] [main/DEBUG] [mixin/]: Mixing CrossbowItemMixin from clockwork.forge.mixins.json into net.minecraft.world.item.CrossbowItem
[15May2026 02:30:02.087] [main/DEBUG] [mixin/]: Mixing CrossbowItemAccessor from clockwork.forge.mixins.json into net.minecraft.world.item.CrossbowItem
[15May2026 02:30:02.088] [main/DEBUG] [mixin/]: Renaming @Invoker method clockwork$getChargedProjectiles(Lnet/minecraft/world/item/ItemStack;)Ljava/util/List; to clockwork$getChargedProjectiles_$md$baff56$0 in clockwork.forge.mixins.json:CrossbowItemAccessor
[15May2026 02:30:02.088] [main/DEBUG] [mixin/]: Mixing frosted_caves.CrossbowItemMixin from yungscavebiomes.mixins.json into net.minecraft.world.item.CrossbowItem
[15May2026 02:30:02.088] [main/DEBUG] [mixin/]: Renaming synthetic method lambda$yungscavebiomes_supportIciclesInCrossbows2$2(Lnet/minecraft/world/item/ItemStack;)Z to mdbaff56$lambda$yungscavebiomes_supportIciclesInCrossbows2$2$1 in yungscavebiomes.mixins.json:frosted_caves.CrossbowItemMixin
[15May2026 02:30:02.088] [main/DEBUG] [mixin/]: Renaming synthetic method lambda$yungscavebiomes_supportIciclesInCrossbows$1(Lnet/minecraft/world/item/ItemStack;)Z to mdbaff56$lambda$yungscavebiomes_supportIciclesInCrossbows$1$2 in yungscavebiomes.mixins.json:frosted_caves.CrossbowItemMixin
[15May2026 02:30:02.088] [main/DEBUG] [mixin/]: Renaming synthetic method lambda$yungscavebiomes_shootIcicleProjectile$0(Lnet/minecraft/world/InteractionHand;Lnet/minecraft/world/entity/LivingEntity;)V to mdbaff56$lambda$yungscavebiomes_shootIcicleProjectile$0$3 in yungscavebiomes.mixins.json:frosted_caves.CrossbowItemMixin
[15May2026 02:30:02.108] [main/DEBUG] [mixin/]: Mixing lost_caves.BrushItemMixin from yungscavebiomes.mixins.json into net.minecraft.world.item.BrushItem
[15May2026 02:30:02.108] [main/DEBUG] [mixin/]: Renaming synthetic method lambda$yungscavebiomes_brushSuspiciousAncientSand$0(Lnet/minecraft/world/entity/EquipmentSlot;Lnet/minecraft/world/entity/LivingEntity;)V to mdbaff56$lambda$yungscavebiomes_brushSuspiciousAncientSand$0$0 in yungscavebiomes.mixins.json:lost_caves.BrushItemMixin
[15May2026 02:30:02.109] [main/DEBUG] [mixin/]: Mixing suspiciousmines.BrushItemMixin from securitycraft.mixins.json into net.minecraft.world.item.BrushItem
[15May2026 02:30:02.109] [main/DEBUG] [mixin/]: Renaming synthetic method lambda$securitycraft$checkForSuspiciousMine$1(Lnet/minecraft/world/entity/player/Player;)V to mdbaff56$lambda$securitycraft$checkForSuspiciousMine$1$1 in securitycraft.mixins.json:suspiciousmines.BrushItemMixin
[15May2026 02:30:02.109] [main/DEBUG] [mixin/]: Renaming synthetic method lambda$securitycraft$makeSuspiciousMinesBrushablePartTwo$0(Lnet/minecraft/world/entity/Entity;)Z to mdbaff56$lambda$securitycraft$makeSuspiciousMinesBrushablePartTwo$0$2 in securitycraft.mixins.json:suspiciousmines.BrushItemMixin
[15May2026 02:30:02.125] [main/DEBUG] [mixin/]: Mixing inject.MixinItemProperties from architectury-common.mixins.json into net.minecraft.world.item.Item$Properties
[15May2026 02:30:02.169] [main/DEBUG] [mixin/]: Mixing ServerPlayerEntityMixin from immersive_aircraft.mixins.json into net.minecraft.server.level.ServerPlayer
[15May2026 02:30:02.170] [main/DEBUG] [mixin/]: Mixing MixinServerPlayer from xaeroworldmap.mixins.json into net.minecraft.server.level.ServerPlayer
[15May2026 02:30:02.171] [main/DEBUG] [mixin/]: Mixing ServerPlayerEntityTickMixin from yungsapi.mixins.json into net.minecraft.server.level.ServerPlayer
[15May2026 02:30:02.171] [main/DEBUG] [mixin/]: Mixing ServerPlayerAccessor from forgivingvoid.mixins.json into net.minecraft.server.level.ServerPlayer
[15May2026 02:30:02.172] [main/DEBUG] [mixin/]: Mixing MixinServerPlayer from hordes.mixin.json into net.minecraft.server.level.ServerPlayer
[15May2026 02:30:02.174] [main/DEBUG] [mixin/]: Mixing MixinServerPlayer from xaerolib.mixins.json into net.minecraft.server.level.ServerPlayer
[15May2026 02:30:02.174] [main/DEBUG] [mixin/]: Mixing common.ServerPlayerMixin from tacz.mixins.json into net.minecraft.server.level.ServerPlayer
[15May2026 02:30:02.175] [main/DEBUG] [mixin/]: Mixing MixinServerPlayer from xaerohud.mixins.json into net.minecraft.server.level.ServerPlayer
[15May2026 02:30:02.175] [main/DEBUG] [mixin/]: Mixing ServerPlayerMixin from tombstone.mixins.json into net.minecraft.server.level.ServerPlayer
[15May2026 02:30:02.176] [main/DEBUG] [mixin/]: Renaming synthetic method lambda$static$0()Ljava/lang/Boolean; to mdbaff56$lambda$static$0$0 in tombstone.mixins.json:ServerPlayerMixin
[15May2026 02:30:02.177] [main/DEBUG] [mixin/]: Mixing camera.ServerPlayerMixin from securitycraft.mixins.json into net.minecraft.server.level.ServerPlayer
[15May2026 02:30:02.191] [main/DEBUG] [mixin/]: Mixing HurtByTargetGoalMixin from tombstone.mixins.json into net.minecraft.world.entity.ai.goal.target.HurtByTargetGoal
[15May2026 02:30:02.193] [main/DEBUG] [mixin/]: Mixing accessor.TargetGoalAccessor from tombstone.mixins.json into net.minecraft.world.entity.ai.goal.target.TargetGoal
[15May2026 02:30:02.195] [main/DEBUG] [mixin/]: Mixing MixinFollowTargetGoal from immersive_armors.mixins.json into net.minecraft.world.entity.ai.goal.target.NearestAttackableTargetGoal
[15May2026 02:30:02.195] [main/DEBUG] [mixin/]: Mixing NearestAttackableTargetGoalMixin from attributeslib.mixins.json into net.minecraft.world.entity.ai.goal.target.NearestAttackableTargetGoal
[15May2026 02:30:02.604] [main/DEBUG] [mixin/]: Mixing Schema1460Mixin from camerapture.mixins.json into net.minecraft.util.datafix.schemas.V1460
[15May2026 02:30:02.606] [main/DEBUG] [mixin/]: Renaming synthetic method lambda$registerEntities$0(Lcom/mojang/datafixers/schemas/Schema;Ljava/lang/String;)Lcom/mojang/datafixers/types/templates/TypeTemplate; to mdbaff56$lambda$registerEntities$0$0 in camerapture.mixins.json:Schema1460Mixin
[15May2026 02:30:02.900] [main/DEBUG] [mixin/]: Mixing accessor.ArrowAccessor from yungscavebiomes.mixins.json into net.minecraft.world.entity.projectile.Arrow
[15May2026 02:30:02.942] [main/DEBUG] [mixin/]: Mixing LargePaddleBoatMixin from uniqueaccessories.mixins.json into net.minecraft.world.entity.vehicle.Boat
[15May2026 02:30:02.943] [main/DEBUG] [mixin/]: Renaming synthetic method lambda$ua$boostSpeedIfHasLargePaddle$1(Ltop/theillusivec4/curios/api/type/capability/ICuriosItemHandler;)Ljava/lang/Boolean; to mdbaff56$lambda$ua$boostSpeedIfHasLargePaddle$1$0 in uniqueaccessories.mixins.json:LargePaddleBoatMixin
[15May2026 02:30:02.943] [main/DEBUG] [mixin/]: Renaming synthetic method lambda$ua$boostSpeedIfHasLargePaddle$0(Lnet/minecraft/world/item/ItemStack;)Z to mdbaff56$lambda$ua$boostSpeedIfHasLargePaddle$0$1 in uniqueaccessories.mixins.json:LargePaddleBoatMixin
[15May2026 02:30:02.945] [main/DEBUG] [mixin/]: Mixing BoatAccessor from uniqueaccessories.mixins.json into net.minecraft.world.entity.vehicle.Boat
[15May2026 02:30:02.946] [main/DEBUG] [mixin/]: Mixing boat.BoatMixin from securitycraft.mixins.json into net.minecraft.world.entity.vehicle.Boat
[15May2026 02:30:02.960] [main/DEBUG] [mixin/]: Mixing MixinAbstractHorse from hordes.mixin.json into net.minecraft.world.entity.animal.horse.AbstractHorse
[15May2026 02:30:02.984] [main/DEBUG] [mixin/]: Mixing CatMixin from nirvana.mixins.json into net.minecraft.world.entity.animal.Cat
[15May2026 02:30:03.000] [main/DEBUG] [net.minecraftforge.coremod.transformer.CoreModBaseTransformer/COREMOD]: Transforming net/minecraft/world/entity/monster/Spider
[15May2026 02:30:03.013] [main/DEBUG] [mixin/]: Mixing frosted_caves.SkeletonMixin from yungscavebiomes.mixins.json into net.minecraft.world.entity.monster.Skeleton
[15May2026 02:30:03.040] [main/DEBUG] [mixin/]: Mixing CreeperMixin from nirvana.mixins.json into net.minecraft.world.entity.monster.Creeper
[15May2026 02:30:03.041] [main/DEBUG] [mixin/]: Mixing CreeperMixin from opposing_force.mixins.json into net.minecraft.world.entity.monster.Creeper
[15May2026 02:30:03.059] [main/DEBUG] [net.minecraftforge.coremod.transformer.CoreModBaseTransformer/COREMOD]: Transforming net/minecraft/world/entity/monster/Zombie
[15May2026 02:30:03.091] [main/DEBUG] [mixin/]: Mixing MixinZombie from hordes.mixin.json into net.minecraft.world.entity.monster.Zombie
[15May2026 02:30:03.097] [main/DEBUG] [net.minecraftforge.coremod.transformer.CoreModBaseTransformer/COREMOD]: Transforming net/minecraft/world/entity/monster/ZombieVillager
[15May2026 02:30:03.119] [main/DEBUG] [mixin/]: Mixing MixinZombieVillager from hordes.mixin.json into net.minecraft.world.entity.monster.ZombieVillager
[15May2026 02:30:03.134] [main/DEBUG] [mixin/]: Mixing ThrownTridentMixin from attributeslib.mixins.json into net.minecraft.world.entity.projectile.ThrownTrident
[15May2026 02:30:03.142] [main/DEBUG] [mixin/]: Mixing ThrowableProjectileMixin from tombstone.mixins.json into net.minecraft.world.entity.projectile.ThrowableProjectile
[15May2026 02:30:03.164] [main/DEBUG] [mixin/]: Mixing MixinEvoker from hordes.mixin.json into net.minecraft.world.entity.monster.Evoker
[15May2026 02:30:03.178] [main/DEBUG] [net.minecraftforge.coremod.transformer.CoreModBaseTransformer/COREMOD]: Transforming net/minecraft/world/entity/monster/Evoker$EvokerSummonSpellGoal
[15May2026 02:30:03.225] [main/DEBUG] [mixin/]: Mixing MixinHoglin from hordes.mixin.json into net.minecraft.world.entity.monster.hoglin.Hoglin
[15May2026 02:30:03.231] [main/DEBUG] [mixin/]: Mixing MixinZoglin from hordes.mixin.json into net.minecraft.world.entity.monster.Zoglin
[15May2026 02:30:03.241] [main/DEBUG] [mixin/]: Mixing IllusionerMixin from illagerinvasion.common.mixins.json into net.minecraft.world.entity.monster.Illusioner
[15May2026 02:30:03.316] [main/DEBUG] [mixin/]: Mixing MixinZombifiedPiglin from hordes.mixin.json into net.minecraft.world.entity.monster.ZombifiedPiglin
[15May2026 02:30:03.316] [main/DEBUG] [mixin/]: Renaming synthetic method lambda$hordes$addBehaviourGoals$0()Z to mdbaff56$lambda$hordes$addBehaviourGoals$0$0 in hordes.mixin.json:MixinZombifiedPiglin
[15May2026 02:30:03.327] [main/DEBUG] [mixin/]: Mixing MixinPiglin from hordes.mixin.json into net.minecraft.world.entity.monster.piglin.Piglin
[15May2026 02:30:03.333] [main/DEBUG] [mixin/]: Mixing MixinAbstractPiglin from hordes.mixin.json into net.minecraft.world.entity.monster.piglin.AbstractPiglin
[15May2026 02:30:03.338] [main/DEBUG] [mixin/]: Mixing MixinPiglinBrute from hordes.mixin.json into net.minecraft.world.entity.monster.piglin.PiglinBrute
[15May2026 02:30:03.342] [main/DEBUG] [mixin/]: Mixing MixinPillager from hordes.mixin.json into net.minecraft.world.entity.monster.Pillager
[15May2026 02:30:03.354] [main/DEBUG] [mixin/]: Mixing frosted_caves.ThrownPotionMixin from yungscavebiomes.mixins.json into net.minecraft.world.entity.projectile.ThrownPotion
[15May2026 02:30:03.372] [main/DEBUG] [mixin/]: Mixing MixinRavager from hordes.mixin.json into net.minecraft.world.entity.monster.Ravager
[15May2026 02:30:03.394] [main/DEBUG] [net.minecraftforge.coremod.transformer.CoreModBaseTransformer/COREMOD]: Transforming net/minecraft/world/entity/animal/horse/SkeletonTrapGoal
[15May2026 02:30:03.412] [main/DEBUG] [net.minecraftforge.coremod.transformer.CoreModBaseTransformer/COREMOD]: Transforming net/minecraft/world/entity/monster/Strider
[15May2026 02:30:03.462] [main/DEBUG] [mixin/]: Mixing PoseMixin from opposing_force.mixins.json into net.minecraft.world.entity.Pose
[15May2026 02:30:03.462] [main/DEBUG] [mixin/]: Renaming @Invoker method opposingForce$newPose(Ljava/lang/String;I)Lnet/minecraft/world/entity/Pose; to opposingForce$newPose_$md$baff56$0 in opposing_force.mixins.json:PoseMixin
[15May2026 02:30:03.479] [main/DEBUG] [mixin/]: Mixing accessor.VillagerHostilesSensorAccessor from illagerinvasion.common.mixins.json into net.minecraft.world.entity.ai.sensing.VillagerHostilesSensor
[15May2026 02:30:03.481] [main/DEBUG] [mixin/]: Renaming @Accessor method illagerinvasion$setAcceptableDistanceFromHostiles(Lcom/google/common/collect/ImmutableMap;)V to illagerinvasion$setAcceptableDistanceFromHostiles_$md$baff56$0 in illagerinvasion.common.mixins.json:accessor.VillagerHostilesSensorAccessor
[15May2026 02:30:03.481] [main/DEBUG] [mixin/]: Renaming @Accessor method illagerinvasion$getAcceptableDistanceFromHostiles()Lcom/google/common/collect/ImmutableMap; to illagerinvasion$getAcceptableDistanceFromHostiles_$md$baff56$1 in illagerinvasion.common.mixins.json:accessor.VillagerHostilesSensorAccessor
[15May2026 02:30:03.505] [main/DEBUG] [mixin/]: Mixing LevelChunkMixin from refurbished_furniture.common.mixins.json into net.minecraft.world.level.chunk.LevelChunk
[15May2026 02:30:03.509] [main/WARN] [mixin/]: @Inject(@At("INVOKE_ASSIGN")) Shift.BY=2 on refurbished_furniture.common.mixins.json:LevelChunkMixin::handler$zib000$refurbishedFurniture$AfterRemoveBlockEntity exceeds the maximum allowed value: 0. Increase the value of maxShiftBy to suppress this warning.
[15May2026 02:30:03.531] [main/DEBUG] [mixin/]: Mixing MixinVex from hordes.mixin.json into net.minecraft.world.entity.monster.Vex
[15May2026 02:30:03.539] [main/DEBUG] [net.minecraftforge.coremod.transformer.CoreModBaseTransformer/COREMOD]: Transforming net/minecraft/world/entity/npc/Villager
[15May2026 02:30:03.583] [main/DEBUG] [mixin/]: Mixing accessor.VillagerAccessor from tombstone.mixins.json into net.minecraft.world.entity.npc.Villager
[15May2026 02:30:03.594] [main/DEBUG] [mixin/]: Mixing MixinWitch from hordes.mixin.json into net.minecraft.world.entity.monster.Witch
[15May2026 02:30:03.605] [main/DEBUG] [mixin/]: Mixing MixinVindicator from hordes.mixin.json into net.minecraft.world.entity.monster.Vindicator
[15May2026 02:30:03.630] [main/DEBUG] [mixin/]: Mixing MixinZombieHorse from hordes.mixin.json into net.minecraft.world.entity.animal.horse.ZombieHorse
[15May2026 02:30:03.630] [main/DEBUG] [mixin/]: Renaming synthetic method lambda$hordes$addBehaviourGoals$2(Lnet/minecraft/world/entity/ai/goal/WrappedGoal;)Z to mdbaff56$lambda$hordes$addBehaviourGoals$2$0 in hordes.mixin.json:MixinZombieHorse
[15May2026 02:30:03.631] [main/DEBUG] [mixin/]: Renaming synthetic method lambda$hordes$addBehaviourGoals$1(Lnet/minecraft/world/entity/ai/goal/WrappedGoal;)Z to mdbaff56$lambda$hordes$addBehaviourGoals$1$1 in hordes.mixin.json:MixinZombieHorse
[15May2026 02:30:03.631] [main/DEBUG] [mixin/]: Renaming synthetic method lambda$hordes$addBehaviourGoals$0()Z to mdbaff56$lambda$hordes$addBehaviourGoals$0$2 in hordes.mixin.json:MixinZombieHorse
[15May2026 02:30:03.661] [main/DEBUG] [mixin/]: Mixing inject.MixinFoodPropertiesBuilder from architectury-common.mixins.json into net.minecraft.world.food.FoodProperties$Builder
[15May2026 02:30:03.664] [main/DEBUG] [net.minecraftforge.coremod.transformer.CoreModBaseTransformer/COREMOD]: Transforming net/minecraft/world/effect/MobEffectInstance
[15May2026 02:30:03.700] [main/DEBUG] [mixin/]: Mixing ServerGamePacketListenerImplAccessor from forgivingvoid.mixins.json into net.minecraft.server.network.ServerGamePacketListenerImpl
[15May2026 02:30:03.701] [main/DEBUG] [mixin/]: Mixing common.ServerGamePacketListenerImplMixin from tacz.mixins.json into net.minecraft.server.network.ServerGamePacketListenerImpl
[15May2026 02:30:03.701] [main/DEBUG] [mixin/]: Mixing common.ServerPlayNetHandlerMixin from tacz.mixins.json into net.minecraft.server.network.ServerGamePacketListenerImpl
[15May2026 02:30:03.705] [main/DEBUG] [mixin/]: Mixing passcode.ServerGamePacketListenerImplMixin from securitycraft.mixins.json into net.minecraft.server.network.ServerGamePacketListenerImpl
[15May2026 02:30:03.729] [main/DEBUG] [mixin/]: Mixing accessor.PotionBrewingAccessor from yungsapi.mixins.json into net.minecraft.world.item.alchemy.PotionBrewing
[15May2026 02:30:03.729] [main/DEBUG] [mixin/]: Renaming @Invoker method callAddMix(Lnet/minecraft/world/item/alchemy/Potion;Lnet/minecraft/world/item/Item;Lnet/minecraft/world/item/alchemy/Potion;)V to callAddMix_$md$baff56$0 in yungsapi.mixins.json:accessor.PotionBrewingAccessor
[15May2026 02:30:03.729] [main/DEBUG] [mixin/]: Mixing accessor.PotionBrewingForgeAccessor from puzzleslib.forge.mixins.json into net.minecraft.world.item.alchemy.PotionBrewing
[15May2026 02:30:03.729] [main/DEBUG] [mixin/]: Renaming @Accessor method puzzleslib$getPotionMixes()Ljava/util/List; to puzzleslib$getPotionMixes_$md$baff56$1 in puzzleslib.forge.mixins.json:accessor.PotionBrewingForgeAccessor
[15May2026 02:30:03.730] [main/DEBUG] [mixin/]: Renaming @Accessor method puzzleslib$getContainerMixes()Ljava/util/List; to puzzleslib$getContainerMixes_$md$baff56$2 in puzzleslib.forge.mixins.json:accessor.PotionBrewingForgeAccessor
[15May2026 02:30:03.730] [main/DEBUG] [mixin/]: Renaming @Accessor method puzzleslib$getAllowedContainers()Ljava/util/List; to puzzleslib$getAllowedContainers_$md$baff56$3 in puzzleslib.forge.mixins.json:accessor.PotionBrewingForgeAccessor
[15May2026 02:30:03.808] [main/DEBUG] [mixin/]: Mixing potion.BrewingStandMenuMixin from securitycraft.mixins.json into net.minecraft.world.inventory.BrewingStandMenu
[15May2026 02:30:03.815] [main/DEBUG] [mixin/]: Mixing accessor.StructureProcessorAccessor from betterdungeons.mixins.json into net.minecraft.world.level.levelgen.structure.templatesystem.StructureProcessor
[15May2026 02:30:03.846] [main/DEBUG] [mixin/]: Mixing ChunkGeneratorMixin from citadel.mixins.json into net.minecraft.world.level.chunk.ChunkGenerator
[15May2026 02:30:03.848] [main/DEBUG] [net.minecraftforge.coremod.transformer.CoreModBaseTransformer/COREMOD]: Transforming net/minecraft/world/level/biome/Biome
[15May2026 02:30:03.853] [main/DEBUG] [mixin/]: Mixing DisableVanillaFortressesMixin from betterfortresses.mixins.json into net.minecraft.world.level.chunk.ChunkGenerator
[15May2026 02:30:03.890] [main/DEBUG] [mixin/]: Mixing MixinInventory from curios.mixins.json into net.minecraft.world.entity.player.Inventory
[15May2026 02:30:03.891] [main/DEBUG] [mixin/]: Mixing InventoryMixin from carryon.mixins.json into net.minecraft.world.entity.player.Inventory
[15May2026 02:30:03.892] [main/DEBUG] [mixin/]: Mixing InventoryMixin from nirvana.mixins.json into net.minecraft.world.entity.player.Inventory
[15May2026 02:30:03.892] [main/DEBUG] [mixin/]: Renaming synthetic method lambda$hurtDeerStalker$0(Lgalena/nirvana/world/item/ArmorLike;Lnet/minecraft/world/entity/player/Player;)V to mdbaff56$lambda$hurtDeerStalker$0$0 in nirvana.mixins.json:InventoryMixin
[15May2026 02:30:03.902] [main/DEBUG] [mixin/]: Mixing accessor.SimpleContainerAccessor from puzzleslib.common.mixins.json into net.minecraft.world.SimpleContainer
[15May2026 02:30:03.905] [main/DEBUG] [mixin/]: Mixing SlotAccessor from balm.mixins.json into net.minecraft.world.inventory.Slot
[15May2026 02:30:03.930] [main/DEBUG] [mixin/]: Mixing accessor.ShapedRecipeAccessor from tombstone.mixins.json into net.minecraft.world.item.crafting.ShapedRecipe
[15May2026 02:30:04.047] [main/DEBUG] [mixin/]: Mixing MixinApplyBonusCount from curios.mixins.json into net.minecraft.world.level.storage.loot.functions.ApplyBonusCount
[15May2026 02:30:04.199] [main/DEBUG] [mixin/]: Mixing NoBasaltColumnsInStructuresMixin from betterdungeons.mixins.json into net.minecraft.world.level.levelgen.feature.BasaltColumnsFeature
[15May2026 02:30:04.203] [main/DEBUG] [mixin/]: Mixing NoBasaltColumnsInStructuresMixin from betterfortresses.mixins.json into net.minecraft.world.level.levelgen.feature.BasaltColumnsFeature
[15May2026 02:30:04.207] [main/DEBUG] [mixin/]: Mixing NoDeltasInStructuresMixin from betterdungeons.mixins.json into net.minecraft.world.level.levelgen.feature.DeltaFeature
[15May2026 02:30:04.208] [main/DEBUG] [mixin/]: Mixing NoDeltasInStructuresMixin from betterfortresses.mixins.json into net.minecraft.world.level.levelgen.feature.DeltaFeature
[15May2026 02:30:04.334] [main/DEBUG] [net.minecraftforge.coremod.transformer.CoreModBaseTransformer/COREMOD]: Transforming net/minecraft/world/level/levelgen/structure/Structure
[15May2026 02:30:04.377] [main/DEBUG] [net.minecraftforge.coremod.transformer.CoreModBaseTransformer/COREMOD]: Transforming net/minecraft/world/level/levelgen/structure/structures/OceanRuinPieces$OceanRuinPiece
[15May2026 02:30:04.390] [main/DEBUG] [net.minecraftforge.coremod.transformer.CoreModBaseTransformer/COREMOD]: Transforming net/minecraft/world/level/levelgen/structure/structures/SwampHutPiece
[15May2026 02:30:04.408] [main/DEBUG] [net.minecraftforge.coremod.transformer.CoreModBaseTransformer/COREMOD]: Transforming net/minecraft/world/level/levelgen/structure/structures/OceanMonumentPieces$OceanMonumentPiece
[15May2026 02:30:04.428] [main/DEBUG] [net.minecraftforge.coremod.transformer.CoreModBaseTransformer/COREMOD]: Transforming net/minecraft/world/level/levelgen/structure/structures/WoodlandMansionPieces$WoodlandMansionPiece
[15May2026 02:30:04.435] [main/DEBUG] [mixin/]: Mixing WoodlandMansionPieceMixin from illagerinvasion.common.mixins.json into net.minecraft.world.level.levelgen.structure.structures.WoodlandMansionPieces$WoodlandMansionPiece
[15May2026 02:30:04.456] [main/DEBUG] [mixin/]: Mixing accessor.StructureTemplatePoolAccessor from yungsapi.mixins.json into net.minecraft.world.level.levelgen.structure.pools.StructureTemplatePool
[15May2026 02:30:04.456] [main/DEBUG] [mixin/]: Mixing IncreaseStructureWeightLimitMixinForge from yungsapi_forge.mixins.json into net.minecraft.world.level.levelgen.structure.pools.StructureTemplatePool
[15May2026 02:30:04.529] [main/DEBUG] [mixin/]: Mixing MixinBiomeSource from terrablender.mixins.json into net.minecraft.world.level.biome.BiomeSource
[15May2026 02:30:04.530] [main/DEBUG] [mixin/]: Renaming synthetic method lambda$appendDeferredBiomesList$0(Lcom/google/common/collect/ImmutableList;)Ljava/util/Set; to mdbaff56$lambda$appendDeferredBiomesList$0$0 in terrablender.mixins.json:MixinBiomeSource
[15May2026 02:30:04.539] [main/DEBUG] [net.minecraftforge.coremod.transformer.CoreModBaseTransformer/COREMOD]: Transforming net/minecraft/world/level/biome/Biome
[15May2026 02:30:04.566] [main/DEBUG] [mixin/]: Mixing accessor.MobSpawnSettingsBuilderForgeAccessor from puzzleslib.forge.mixins.json into net.minecraft.world.level.biome.MobSpawnSettings$Builder
[15May2026 02:30:04.578] [main/DEBUG] [mixin/]: Mixing MixinMultiNoiseBiomeSource from terrablender.mixins.json into net.minecraft.world.level.biome.MultiNoiseBiomeSource
[15May2026 02:30:04.581] [main/DEBUG] [mixin/]: Mixing MixinParameterList from terrablender.mixins.json into net.minecraft.world.level.biome.Climate$ParameterList
[15May2026 02:30:04.581] [main/DEBUG] [mixin/]: Renaming synthetic method lambda$initializeForTerraBlender$0(Lnet/minecraft/core/Registry;Lcom/google/common/collect/ImmutableList$Builder;Lcom/mojang/datafixers/util/Pair;)V to mdbaff56$lambda$initializeForTerraBlender$0$0 in terrablender.mixins.json:MixinParameterList
[15May2026 02:30:04.605] [main/DEBUG] [mixin/]: Mixing NoiseBasedChunkGenerator from yungscavebiomes.mixins.json into net.minecraft.world.level.levelgen.NoiseBasedChunkGenerator
[15May2026 02:30:04.606] [main/DEBUG] [mixin/]: Renaming synthetic method lambda$yungscavebiomes_captureBiomeRegistry$0(Lnet/minecraft/world/level/StructureManager;Lnet/minecraft/world/level/levelgen/blending/Blender;Lnet/minecraft/world/level/levelgen/RandomState;Lnet/minecraft/world/level/chunk/ChunkAccess;)Lnet/minecraft/world/level/levelgen/NoiseChunk; to mdbaff56$lambda$yungscavebiomes_captureBiomeRegistry$0$0 in yungscavebiomes.mixins.json:NoiseBasedChunkGenerator
[15May2026 02:30:04.615] [main/DEBUG] [mixin/]: Mixing NoiseGeneratorSettingsMixin from citadel.mixins.json into net.minecraft.world.level.levelgen.NoiseGeneratorSettings
[15May2026 02:30:04.617] [main/DEBUG] [mixin/]: Mixing MixinNoiseGeneratorSettings from terrablender.mixins.json into net.minecraft.world.level.levelgen.NoiseGeneratorSettings
[15May2026 02:30:04.709] [main/DEBUG] [mixin/]: Mixing accessor.SinglePoolElementAccessor from yungsapi.mixins.json into net.minecraft.world.level.levelgen.structure.pools.SinglePoolElement
[15May2026 02:30:04.714] [main/DEBUG] [mixin/]: Mixing accessor.ListPoolElementAccessor from yungsapi.mixins.json into net.minecraft.world.level.levelgen.structure.pools.ListPoolElement
[15May2026 02:30:04.716] [main/DEBUG] [mixin/]: Mixing accessor.FeaturePoolElementAccessor from yungsapi.mixins.json into net.minecraft.world.level.levelgen.structure.pools.FeaturePoolElement
[15May2026 02:30:04.854] [main/DEBUG] [net.minecraftforge.common.ForgeI18n/CORE]: Loading I18N data entries: 6430
[15May2026 02:30:04.872] [main/DEBUG] [net.minecraftforge.fml.ModWorkManager/LOADING]: Using 4 threads for parallel mod-loading
[15May2026 02:30:04.878] [main/DEBUG] [net.minecraftforge.fml.javafmlmod.FMLJavaModLanguageProvider/LOADING]: Loading FMLModContainer from classloader cpw.mods.modlauncher.TransformingClassLoader@3554bdc0 - got cpw.mods.cl.ModuleClassLoader@76c52298
[15May2026 02:30:04.879] [main/DEBUG] [net.minecraftforge.fml.javafmlmod.FMLModContainer/LOADING]: Creating FMLModContainer instance for com.yungnickyoung.minecraft.betterdungeons.BetterDungeonsForge
[15May2026 02:30:04.883] [main/DEBUG] [net.minecraftforge.fml.javafmlmod.FMLJavaModLanguageProvider/LOADING]: Loading FMLModContainer from classloader cpw.mods.modlauncher.TransformingClassLoader@3554bdc0 - got cpw.mods.cl.ModuleClassLoader@76c52298
[15May2026 02:30:04.883] [main/DEBUG] [net.minecraftforge.fml.javafmlmod.FMLModContainer/LOADING]: Creating FMLModContainer instance for net.blay09.mods.kuma.forge.ForgeKumaAPI
[15May2026 02:30:04.884] [main/DEBUG] [net.minecraftforge.fml.javafmlmod.FMLJavaModLanguageProvider/LOADING]: Loading FMLModContainer from classloader cpw.mods.modlauncher.TransformingClassLoader@3554bdc0 - got cpw.mods.cl.ModuleClassLoader@76c52298
[15May2026 02:30:04.884] [main/DEBUG] [net.minecraftforge.fml.javafmlmod.FMLModContainer/LOADING]: Creating FMLModContainer instance for software.bernie.example.GeckoLibMod
[15May2026 02:30:04.885] [main/DEBUG] [net.minecraftforge.fml.javafmlmod.FMLJavaModLanguageProvider/LOADING]: Loading FMLModContainer from classloader cpw.mods.modlauncher.TransformingClassLoader@3554bdc0 - got cpw.mods.cl.ModuleClassLoader@76c52298
[15May2026 02:30:04.885] [main/DEBUG] [net.minecraftforge.fml.javafmlmod.FMLModContainer/LOADING]: Creating FMLModContainer instance for fuzs.illagerinvasion.IllagerInvasionForge
[15May2026 02:30:04.885] [main/DEBUG] [net.minecraftforge.fml.javafmlmod.FMLJavaModLanguageProvider/LOADING]: Loading FMLModContainer from classloader cpw.mods.modlauncher.TransformingClassLoader@3554bdc0 - got cpw.mods.cl.ModuleClassLoader@76c52298
[15May2026 02:30:04.885] [main/DEBUG] [net.minecraftforge.fml.javafmlmod.FMLModContainer/LOADING]: Creating FMLModContainer instance for atomicstryker.dynamiclights.server.DynamicLights
[15May2026 02:30:04.886] [main/DEBUG] [net.minecraftforge.fml.javafmlmod.FMLJavaModLanguageProvider/LOADING]: Loading FMLModContainer from classloader cpw.mods.modlauncher.TransformingClassLoader@3554bdc0 - got cpw.mods.cl.ModuleClassLoader@76c52298
[15May2026 02:30:04.886] [main/DEBUG] [net.minecraftforge.fml.javafmlmod.FMLModContainer/LOADING]: Creating FMLModContainer instance for immersive_aircraft.forge.CommonForge
[15May2026 02:30:04.887] [main/DEBUG] [net.minecraftforge.fml.javafmlmod.FMLJavaModLanguageProvider/LOADING]: Loading FMLModContainer from classloader cpw.mods.modlauncher.TransformingClassLoader@3554bdc0 - got cpw.mods.cl.ModuleClassLoader@76c52298
[15May2026 02:30:04.887] [main/DEBUG] [net.minecraftforge.fml.javafmlmod.FMLModContainer/LOADING]: Creating FMLModContainer instance for net.p3pp3rf1y.sophisticatedcore.SophisticatedCore
[15May2026 02:30:04.888] [main/DEBUG] [net.minecraftforge.fml.javafmlmod.FMLJavaModLanguageProvider/LOADING]: Loading FMLModContainer from classloader cpw.mods.modlauncher.TransformingClassLoader@3554bdc0 - got cpw.mods.cl.ModuleClassLoader@76c52298
[15May2026 02:30:04.888] [main/DEBUG] [net.minecraftforge.fml.javafmlmod.FMLModContainer/LOADING]: Creating FMLModContainer instance for xaero.map.WorldMapForge
[15May2026 02:30:04.889] [main/DEBUG] [net.minecraftforge.fml.javafmlmod.FMLJavaModLanguageProvider/LOADING]: Loading FMLModContainer from classloader cpw.mods.modlauncher.TransformingClassLoader@3554bdc0 - got cpw.mods.cl.ModuleClassLoader@76c52298
[15May2026 02:30:04.889] [main/DEBUG] [net.minecraftforge.fml.javafmlmod.FMLModContainer/LOADING]: Creating FMLModContainer instance for dev.shadowsoffire.placebo.Placebo
[15May2026 02:30:04.890] [main/DEBUG] [net.minecraftforge.fml.javafmlmod.FMLJavaModLanguageProvider/LOADING]: Loading FMLModContainer from classloader cpw.mods.modlauncher.TransformingClassLoader@3554bdc0 - got cpw.mods.cl.ModuleClassLoader@76c52298
[15May2026 02:30:04.890] [main/DEBUG] [net.minecraftforge.fml.javafmlmod.FMLModContainer/LOADING]: Creating FMLModContainer instance for com.github.alexthe666.citadel.Citadel
[15May2026 02:30:04.892] [main/DEBUG] [net.minecraftforge.fml.javafmlmod.FMLJavaModLanguageProvider/LOADING]: Loading FMLModContainer from classloader cpw.mods.modlauncher.TransformingClassLoader@3554bdc0 - got cpw.mods.cl.ModuleClassLoader@76c52298
[15May2026 02:30:04.892] [main/DEBUG] [net.minecraftforge.fml.javafmlmod.FMLModContainer/LOADING]: Creating FMLModContainer instance for com.github.alexthe666.alexsmobs.AlexsMobs
[15May2026 02:30:04.893] [main/DEBUG] [net.minecraftforge.fml.javafmlmod.FMLJavaModLanguageProvider/LOADING]: Loading FMLModContainer from classloader cpw.mods.modlauncher.TransformingClassLoader@3554bdc0 - got cpw.mods.cl.ModuleClassLoader@76c52298
[15May2026 02:30:04.893] [main/DEBUG] [net.minecraftforge.fml.javafmlmod.FMLModContainer/LOADING]: Creating FMLModContainer instance for com.yungnickyoung.minecraft.yungsapi.YungsApiForge
[15May2026 02:30:04.893] [main/DEBUG] [net.minecraftforge.fml.javafmlmod.FMLJavaModLanguageProvider/LOADING]: Loading FMLModContainer from classloader cpw.mods.modlauncher.TransformingClassLoader@3554bdc0 - got cpw.mods.cl.ModuleClassLoader@76c52298
[15May2026 02:30:04.893] [main/DEBUG] [net.minecraftforge.fml.javafmlmod.FMLModContainer/LOADING]: Creating FMLModContainer instance for com.llamalad7.mixinextras.platform.forge.MixinExtrasMod
[15May2026 02:30:04.894] [main/DEBUG] [net.minecraftforge.fml.javafmlmod.FMLJavaModLanguageProvider/LOADING]: Loading FMLModContainer from classloader cpw.mods.modlauncher.TransformingClassLoader@3554bdc0 - got cpw.mods.cl.ModuleClassLoader@76c52298
[15May2026 02:30:04.894] [main/DEBUG] [net.minecraftforge.fml.javafmlmod.FMLModContainer/LOADING]: Creating FMLModContainer instance for net.p3pp3rf1y.sophisticatedbackpacks.SophisticatedBackpacks
[15May2026 02:30:04.894] [main/DEBUG] [net.minecraftforge.fml.javafmlmod.FMLJavaModLanguageProvider/LOADING]: Loading FMLModContainer from classloader cpw.mods.modlauncher.TransformingClassLoader@3554bdc0 - got cpw.mods.cl.ModuleClassLoader@76c52298
[15May2026 02:30:04.894] [main/DEBUG] [net.minecraftforge.fml.javafmlmod.FMLModContainer/LOADING]: Creating FMLModContainer instance for net.blay09.mods.forgivingvoid.ForgeForgivingVoid
[15May2026 02:30:04.895] [main/DEBUG] [net.minecraftforge.fml.javafmlmod.FMLJavaModLanguageProvider/LOADING]: Loading FMLModContainer from classloader cpw.mods.modlauncher.TransformingClassLoader@3554bdc0 - got cpw.mods.cl.ModuleClassLoader@76c52298
[15May2026 02:30:04.895] [main/DEBUG] [net.minecraftforge.fml.javafmlmod.FMLModContainer/LOADING]: Creating FMLModContainer instance for net.smileycorp.hordes.common.Hordes
[15May2026 02:30:04.896] [main/DEBUG] [net.minecraftforge.fml.javafmlmod.FMLJavaModLanguageProvider/LOADING]: Loading FMLModContainer from classloader cpw.mods.modlauncher.TransformingClassLoader@3554bdc0 - got cpw.mods.cl.ModuleClassLoader@76c52298
[15May2026 02:30:04.896] [main/DEBUG] [net.minecraftforge.fml.javafmlmod.FMLModContainer/LOADING]: Creating FMLModContainer instance for net.blay09.mods.balm.forge.ForgeBalm
[15May2026 02:30:04.896] [main/DEBUG] [net.minecraftforge.fml.javafmlmod.FMLJavaModLanguageProvider/LOADING]: Loading FMLModContainer from classloader cpw.mods.modlauncher.TransformingClassLoader@3554bdc0 - got cpw.mods.cl.ModuleClassLoader@76c52298
[15May2026 02:30:04.896] [main/DEBUG] [net.minecraftforge.fml.javafmlmod.FMLModContainer/LOADING]: Creating FMLModContainer instance for immersive_armors.forge.CommonForge
[15May2026 02:30:04.897] [main/DEBUG] [net.minecraftforge.fml.javafmlmod.FMLJavaModLanguageProvider/LOADING]: Loading FMLModContainer from classloader cpw.mods.modlauncher.TransformingClassLoader@3554bdc0 - got cpw.mods.cl.ModuleClassLoader@76c52298
[15May2026 02:30:04.897] [main/DEBUG] [net.minecraftforge.fml.javafmlmod.FMLModContainer/LOADING]: Creating FMLModContainer instance for tschipp.carryon.CarryOnForge
[15May2026 02:30:04.897] [main/DEBUG] [net.minecraftforge.fml.javafmlmod.FMLJavaModLanguageProvider/LOADING]: Loading FMLModContainer from classloader cpw.mods.modlauncher.TransformingClassLoader@3554bdc0 - got cpw.mods.cl.ModuleClassLoader@76c52298
[15May2026 02:30:04.897] [main/DEBUG] [net.minecraftforge.fml.javafmlmod.FMLModContainer/LOADING]: Creating FMLModContainer instance for com.yungnickyoung.minecraft.betterfortresses.BetterFortressesForge
[15May2026 02:30:04.898] [main/DEBUG] [net.minecraftforge.fml.javafmlmod.FMLJavaModLanguageProvider/LOADING]: Loading FMLModContainer from classloader cpw.mods.modlauncher.TransformingClassLoader@3554bdc0 - got cpw.mods.cl.ModuleClassLoader@76c52298
[15May2026 02:30:04.898] [main/DEBUG] [net.minecraftforge.fml.javafmlmod.FMLModContainer/LOADING]: Creating FMLModContainer instance for tictim.paraglider.forge.ForgeParagliderMod
[15May2026 02:30:04.899] [main/DEBUG] [net.minecraftforge.fml.javafmlmod.FMLJavaModLanguageProvider/LOADING]: Loading FMLModContainer from classloader cpw.mods.modlauncher.TransformingClassLoader@3554bdc0 - got cpw.mods.cl.ModuleClassLoader@76c52298
[15May2026 02:30:04.899] [main/DEBUG] [net.minecraftforge.fml.javafmlmod.FMLModContainer/LOADING]: Creating FMLModContainer instance for me.shedaniel.clothconfig.ClothConfigForge
[15May2026 02:30:04.900] [main/DEBUG] [net.minecraftforge.fml.javafmlmod.FMLJavaModLanguageProvider/LOADING]: Loading FMLModContainer from classloader cpw.mods.modlauncher.TransformingClassLoader@3554bdc0 - got cpw.mods.cl.ModuleClassLoader@76c52298
[15May2026 02:30:04.900] [main/DEBUG] [net.minecraftforge.fml.javafmlmod.FMLModContainer/LOADING]: Creating FMLModContainer instance for net.genzyuro.uniqueaccessories.UniqueAccessories
[15May2026 02:30:04.900] [main/DEBUG] [net.minecraftforge.fml.javafmlmod.FMLJavaModLanguageProvider/LOADING]: Loading FMLModContainer from classloader cpw.mods.modlauncher.TransformingClassLoader@3554bdc0 - got cpw.mods.cl.ModuleClassLoader@76c52298
[15May2026 02:30:04.900] [main/DEBUG] [net.minecraftforge.fml.javafmlmod.FMLModContainer/LOADING]: Creating FMLModContainer instance for net.xalcon.torchmaster.Torchmaster
[15May2026 02:30:04.901] [main/DEBUG] [net.minecraftforge.fml.javafmlmod.FMLJavaModLanguageProvider/LOADING]: Loading FMLModContainer from classloader cpw.mods.modlauncher.TransformingClassLoader@3554bdc0 - got cpw.mods.cl.ModuleClassLoader@76c52298
[15May2026 02:30:04.901] [main/DEBUG] [net.minecraftforge.fml.javafmlmod.FMLModContainer/LOADING]: Creating FMLModContainer instance for dev.xylonity.bonsai.clockwork.ClockworkForge
[15May2026 02:30:04.901] [main/DEBUG] [net.minecraftforge.fml.javafmlmod.FMLJavaModLanguageProvider/LOADING]: Loading FMLModContainer from classloader cpw.mods.modlauncher.TransformingClassLoader@3554bdc0 - got cpw.mods.cl.ModuleClassLoader@76c52298
[15May2026 02:30:04.901] [main/DEBUG] [net.minecraftforge.fml.javafmlmod.FMLModContainer/LOADING]: Creating FMLModContainer instance for com.teamresourceful.resourcefulconfig.forge.ResourcefulconfigForge
[15May2026 02:30:04.902] [main/DEBUG] [net.minecraftforge.fml.javafmlmod.FMLJavaModLanguageProvider/LOADING]: Loading FMLModContainer from classloader cpw.mods.modlauncher.TransformingClassLoader@3554bdc0 - got cpw.mods.cl.ModuleClassLoader@76c52298
[15May2026 02:30:04.902] [main/DEBUG] [net.minecraftforge.fml.javafmlmod.FMLModContainer/LOADING]: Creating FMLModContainer instance for com.psilocke.curiouslanterns.CuriousLanterns
[15May2026 02:30:04.903] [main/DEBUG] [net.minecraftforge.fml.javafmlmod.FMLJavaModLanguageProvider/LOADING]: Loading FMLModContainer from classloader cpw.mods.modlauncher.TransformingClassLoader@3554bdc0 - got cpw.mods.cl.ModuleClassLoader@76c52298
[15May2026 02:30:04.903] [main/DEBUG] [net.minecraftforge.fml.javafmlmod.FMLModContainer/LOADING]: Creating FMLModContainer instance for top.theillusivec4.curios.Curios
[15May2026 02:30:04.903] [main/DEBUG] [net.minecraftforge.fml.javafmlmod.FMLJavaModLanguageProvider/LOADING]: Loading FMLModContainer from classloader cpw.mods.modlauncher.TransformingClassLoader@3554bdc0 - got cpw.mods.cl.ModuleClassLoader@76c52298
[15May2026 02:30:04.904] [main/DEBUG] [net.minecraftforge.fml.javafmlmod.FMLModContainer/LOADING]: Creating FMLModContainer instance for com.cerbon.cerbons_api.forge.CerbonsAPIForge
[15May2026 02:30:04.904] [main/DEBUG] [net.minecraftforge.fml.javafmlmod.FMLJavaModLanguageProvider/LOADING]: Loading FMLModContainer from classloader cpw.mods.modlauncher.TransformingClassLoader@3554bdc0 - got cpw.mods.cl.ModuleClassLoader@76c52298
[15May2026 02:30:04.904] [main/DEBUG] [net.minecraftforge.fml.javafmlmod.FMLModContainer/LOADING]: Creating FMLModContainer instance for dev.shadowsoffire.attributeslib.AttributesLib
[15May2026 02:30:04.905] [main/DEBUG] [net.minecraftforge.fml.javafmlmod.FMLJavaModLanguageProvider/LOADING]: Loading FMLModContainer from classloader cpw.mods.modlauncher.TransformingClassLoader@3554bdc0 - got cpw.mods.cl.ModuleClassLoader@76c52298
[15May2026 02:30:04.905] [main/DEBUG] [net.minecraftforge.fml.javafmlmod.FMLModContainer/LOADING]: Creating FMLModContainer instance for ovh.corail.tombstone.ModTombstone
[15May2026 02:30:04.905] [main/DEBUG] [net.minecraftforge.fml.javafmlmod.FMLJavaModLanguageProvider/LOADING]: Loading FMLModContainer from classloader cpw.mods.modlauncher.TransformingClassLoader@3554bdc0 - got cpw.mods.cl.ModuleClassLoader@76c52298
[15May2026 02:30:04.905] [main/DEBUG] [net.minecraftforge.fml.javafmlmod.FMLModContainer/LOADING]: Creating FMLModContainer instance for net.smileycorp.atlas.common.AtlasLib
[15May2026 02:30:04.906] [main/DEBUG] [net.minecraftforge.fml.javafmlmod.FMLJavaModLanguageProvider/LOADING]: Loading FMLModContainer from classloader cpw.mods.modlauncher.TransformingClassLoader@3554bdc0 - got cpw.mods.cl.ModuleClassLoader@76c52298
[15May2026 02:30:04.906] [main/DEBUG] [net.minecraftforge.fml.javafmlmod.FMLModContainer/LOADING]: Creating FMLModContainer instance for com.teamresourceful.resourcefullib.forge.ResourcefulLibForge
[15May2026 02:30:04.906] [main/DEBUG] [net.minecraftforge.fml.javafmlmod.FMLJavaModLanguageProvider/LOADING]: Loading FMLModContainer from classloader cpw.mods.modlauncher.TransformingClassLoader@3554bdc0 - got cpw.mods.cl.ModuleClassLoader@76c52298
[15May2026 02:30:04.906] [main/DEBUG] [net.minecraftforge.fml.javafmlmod.FMLModContainer/LOADING]: Creating FMLModContainer instance for dev.architectury.forge.ArchitecturyForge
[15May2026 02:30:04.907] [main/DEBUG] [net.minecraftforge.fml.javafmlmod.FMLJavaModLanguageProvider/LOADING]: Loading FMLModContainer from classloader cpw.mods.modlauncher.TransformingClassLoader@3554bdc0 - got cpw.mods.cl.ModuleClassLoader@76c52298
[15May2026 02:30:04.907] [main/DEBUG] [net.minecraftforge.fml.javafmlmod.FMLModContainer/LOADING]: Creating FMLModContainer instance for com.theplumteam.forge.BlockPopsModForge
[15May2026 02:30:04.907] [main/DEBUG] [net.minecraftforge.fml.javafmlmod.FMLJavaModLanguageProvider/LOADING]: Loading FMLModContainer from classloader cpw.mods.modlauncher.TransformingClassLoader@3554bdc0 - got cpw.mods.cl.ModuleClassLoader@76c52298
[15May2026 02:30:04.908] [main/DEBUG] [net.minecraftforge.fml.javafmlmod.FMLModContainer/LOADING]: Creating FMLModContainer instance for pro.mikey.justhammers.forge.HammersForge
[15May2026 02:30:04.908] [main/DEBUG] [net.minecraftforge.fml.javafmlmod.FMLJavaModLanguageProvider/LOADING]: Loading FMLModContainer from classloader cpw.mods.modlauncher.TransformingClassLoader@3554bdc0 - got cpw.mods.cl.ModuleClassLoader@76c52298
[15May2026 02:30:04.908] [main/DEBUG] [net.minecraftforge.fml.javafmlmod.FMLModContainer/LOADING]: Creating FMLModContainer instance for com.mrcrayfish.furniture.refurbished.FurnitureMod
[15May2026 02:30:04.909] [main/DEBUG] [net.minecraftforge.fml.javafmlmod.FMLJavaModLanguageProvider/LOADING]: Loading FMLModContainer from classloader cpw.mods.modlauncher.TransformingClassLoader@3554bdc0 - got cpw.mods.cl.ModuleClassLoader@76c52298
[15May2026 02:30:04.909] [main/DEBUG] [net.minecraftforge.fml.javafmlmod.FMLModContainer/LOADING]: Creating FMLModContainer instance for snownee.jade.addon.JadeAddons
[15May2026 02:30:04.909] [main/DEBUG] [net.minecraftforge.fml.javafmlmod.FMLJavaModLanguageProvider/LOADING]: Loading FMLModContainer from classloader cpw.mods.modlauncher.TransformingClassLoader@3554bdc0 - got cpw.mods.cl.ModuleClassLoader@76c52298
[15May2026 02:30:04.909] [main/DEBUG] [net.minecraftforge.fml.javafmlmod.FMLModContainer/LOADING]: Creating FMLModContainer instance for com.mrcrayfish.framework.FrameworkForge
[15May2026 02:30:04.910] [main/DEBUG] [net.minecraftforge.fml.javafmlmod.FMLJavaModLanguageProvider/LOADING]: Loading FMLModContainer from classloader cpw.mods.modlauncher.TransformingClassLoader@3554bdc0 - got cpw.mods.cl.ModuleClassLoader@76c52298
[15May2026 02:30:04.910] [main/DEBUG] [net.minecraftforge.fml.javafmlmod.FMLModContainer/LOADING]: Creating FMLModContainer instance for fr.rakambda.fallingtree.forge.FallingTree
[15May2026 02:30:04.911] [main/DEBUG] [net.minecraftforge.fml.javafmlmod.FMLJavaModLanguageProvider/LOADING]: Loading FMLModContainer from classloader cpw.mods.modlauncher.TransformingClassLoader@3554bdc0 - got cpw.mods.cl.ModuleClassLoader@76c52298
[15May2026 02:30:04.911] [main/DEBUG] [net.minecraftforge.fml.javafmlmod.FMLModContainer/LOADING]: Creating FMLModContainer instance for me.chrr.camerapture.forge.CameraptureForge
[15May2026 02:30:04.912] [main/DEBUG] [net.minecraftforge.fml.javafmlmod.FMLJavaModLanguageProvider/LOADING]: Loading FMLModContainer from classloader cpw.mods.modlauncher.TransformingClassLoader@3554bdc0 - got cpw.mods.cl.ModuleClassLoader@76c52298
[15May2026 02:30:04.912] [main/DEBUG] [net.minecraftforge.fml.javafmlmod.FMLModContainer/LOADING]: Creating FMLModContainer instance for galena.hats.forge.ForgeEntrypoint
[15May2026 02:30:04.912] [main/DEBUG] [net.minecraftforge.fml.javafmlmod.FMLJavaModLanguageProvider/LOADING]: Loading FMLModContainer from classloader cpw.mods.modlauncher.TransformingClassLoader@3554bdc0 - got cpw.mods.cl.ModuleClassLoader@76c52298
[15May2026 02:30:04.912] [main/DEBUG] [net.minecraftforge.fml.javafmlmod.FMLModContainer/LOADING]: Creating FMLModContainer instance for net.bandit.many_bows.forge.ManyBowsModForge
[15May2026 02:30:04.913] [main/DEBUG] [net.minecraftforge.fml.javafmlmod.FMLJavaModLanguageProvider/LOADING]: Loading FMLModContainer from classloader cpw.mods.modlauncher.TransformingClassLoader@3554bdc0 - got cpw.mods.cl.ModuleClassLoader@76c52298
[15May2026 02:30:04.913] [main/DEBUG] [net.minecraftforge.fml.javafmlmod.FMLModContainer/LOADING]: Creating FMLModContainer instance for mezz.jei.forge.JustEnoughItems
[15May2026 02:30:04.914] [main/DEBUG] [net.minecraftforge.fml.javafmlmod.FMLJavaModLanguageProvider/LOADING]: Loading FMLModContainer from classloader cpw.mods.modlauncher.TransformingClassLoader@3554bdc0 - got cpw.mods.cl.ModuleClassLoader@76c52298
[15May2026 02:30:04.914] [main/DEBUG] [net.minecraftforge.fml.javafmlmod.FMLModContainer/LOADING]: Creating FMLModContainer instance for xaero.lib.XaeroLibForge
[15May2026 02:30:04.915] [main/DEBUG] [net.minecraftforge.fml.javafmlmod.FMLJavaModLanguageProvider/LOADING]: Loading FMLModContainer from classloader cpw.mods.modlauncher.TransformingClassLoader@3554bdc0 - got cpw.mods.cl.ModuleClassLoader@76c52298
[15May2026 02:30:04.915] [main/DEBUG] [net.minecraftforge.fml.javafmlmod.FMLModContainer/LOADING]: Creating FMLModContainer instance for com.tacz.guns.GunMod
[15May2026 02:30:04.916] [main/DEBUG] [net.minecraftforge.fml.lowcodemod.LowCodeModLanguageProvider.LowCodeModTarget/LOADING]: Loading LowCodeModContainer from classloader cpw.mods.modlauncher.TransformingClassLoader@3554bdc0 - got cpw.mods.cl.ModuleClassLoader@76c52298
[15May2026 02:30:04.916] [main/DEBUG] [net.minecraftforge.fml.lowcodemod.LowCodeModContainer/LOADING]: Creating LowCodeModContainer for multikulti_core
[15May2026 02:30:04.917] [main/DEBUG] [net.minecraftforge.fml.javafmlmod.FMLJavaModLanguageProvider/LOADING]: Loading FMLModContainer from classloader cpw.mods.modlauncher.TransformingClassLoader@3554bdc0 - got cpw.mods.cl.ModuleClassLoader@76c52298
[15May2026 02:30:04.917] [main/DEBUG] [net.minecraftforge.fml.javafmlmod.FMLModContainer/LOADING]: Creating FMLModContainer instance for com.yungnickyoung.minecraft.yungscavebiomes.YungsCaveBiomesForge
[15May2026 02:30:04.917] [main/DEBUG] [net.minecraftforge.fml.javafmlmod.FMLJavaModLanguageProvider/LOADING]: Loading FMLModContainer from classloader cpw.mods.modlauncher.TransformingClassLoader@3554bdc0 - got cpw.mods.cl.ModuleClassLoader@76c52298
[15May2026 02:30:04.917] [main/DEBUG] [net.minecraftforge.fml.javafmlmod.FMLModContainer/LOADING]: Creating FMLModContainer instance for galena.nirvana.forge.ForgeEntrypoint
[15May2026 02:30:04.918] [main/DEBUG] [net.minecraftforge.fml.javafmlmod.FMLJavaModLanguageProvider/LOADING]: Loading FMLModContainer from classloader cpw.mods.modlauncher.TransformingClassLoader@3554bdc0 - got cpw.mods.cl.ModuleClassLoader@76c52298
[15May2026 02:30:04.918] [main/DEBUG] [net.minecraftforge.fml.javafmlmod.FMLModContainer/LOADING]: Creating FMLModContainer instance for dev.xylonity.knightlib.KnightLibForge
[15May2026 02:30:04.918] [main/DEBUG] [net.minecraftforge.fml.lowcodemod.LowCodeModLanguageProvider.LowCodeModTarget/LOADING]: Loading LowCodeModContainer from classloader cpw.mods.modlauncher.TransformingClassLoader@3554bdc0 - got cpw.mods.cl.ModuleClassLoader@76c52298
[15May2026 02:30:04.919] [main/DEBUG] [net.minecraftforge.fml.lowcodemod.LowCodeModContainer/LOADING]: Creating LowCodeModContainer for mr_epicterrain
[15May2026 02:30:04.919] [main/DEBUG] [net.minecraftforge.fml.lowcodemod.LowCodeModLanguageProvider.LowCodeModTarget/LOADING]: Loading LowCodeModContainer from classloader cpw.mods.modlauncher.TransformingClassLoader@3554bdc0 - got cpw.mods.cl.ModuleClassLoader@76c52298
[15May2026 02:30:04.919] [main/DEBUG] [net.minecraftforge.fml.lowcodemod.LowCodeModContainer/LOADING]: Creating LowCodeModContainer for multikulti_registrate
[15May2026 02:30:04.919] [main/DEBUG] [net.minecraftforge.fml.javafmlmod.FMLJavaModLanguageProvider/LOADING]: Loading FMLModContainer from classloader cpw.mods.modlauncher.TransformingClassLoader@3554bdc0 - got cpw.mods.cl.ModuleClassLoader@76c52298
[15May2026 02:30:04.919] [main/DEBUG] [net.minecraftforge.fml.javafmlmod.FMLModContainer/LOADING]: Creating FMLModContainer instance for com.cerbon.bosses_of_mass_destruction.BossesOfMassDestruction
[15May2026 02:30:04.920] [main/DEBUG] [net.minecraftforge.fml.javafmlmod.FMLJavaModLanguageProvider/LOADING]: Loading FMLModContainer from classloader cpw.mods.modlauncher.TransformingClassLoader@3554bdc0 - got cpw.mods.cl.ModuleClassLoader@76c52298
[15May2026 02:30:04.920] [main/DEBUG] [net.minecraftforge.fml.javafmlmod.FMLModContainer/LOADING]: Creating FMLModContainer instance for com.corosus.watut.loader.forge.WatutModForge
[15May2026 02:30:04.921] [main/DEBUG] [net.minecraftforge.fml.javafmlmod.FMLJavaModLanguageProvider/LOADING]: Loading FMLModContainer from classloader cpw.mods.modlauncher.TransformingClassLoader@3554bdc0 - got cpw.mods.cl.ModuleClassLoader@76c52298
[15May2026 02:30:04.921] [main/DEBUG] [net.minecraftforge.fml.javafmlmod.FMLModContainer/LOADING]: Creating FMLModContainer instance for fuzs.puzzlesaccessapi.forge.PuzzlesAccessApiForge
[15May2026 02:30:04.921] [main/DEBUG] [net.minecraftforge.fml.javafmlmod.FMLJavaModLanguageProvider/LOADING]: Loading FMLModContainer from classloader cpw.mods.modlauncher.TransformingClassLoader@3554bdc0 - got cpw.mods.cl.ModuleClassLoader@76c52298
[15May2026 02:30:04.922] [main/DEBUG] [net.minecraftforge.fml.javafmlmod.FMLModContainer/LOADING]: Creating FMLModContainer instance for net.minecraftforge.common.ForgeMod
[15May2026 02:30:04.924] [main/DEBUG] [net.minecraftforge.fml.javafmlmod.FMLJavaModLanguageProvider/LOADING]: Loading FMLModContainer from classloader cpw.mods.modlauncher.TransformingClassLoader@3554bdc0 - got cpw.mods.cl.ModuleClassLoader@76c52298
[15May2026 02:30:04.924] [main/DEBUG] [net.minecraftforge.fml.javafmlmod.FMLModContainer/LOADING]: Creating FMLModContainer instance for com.yungnickyoung.minecraft.travelerstitles.TravelersTitlesForge
[15May2026 02:30:04.924] [main/DEBUG] [net.minecraftforge.fml.javafmlmod.FMLJavaModLanguageProvider/LOADING]: Loading FMLModContainer from classloader cpw.mods.modlauncher.TransformingClassLoader@3554bdc0 - got cpw.mods.cl.ModuleClassLoader@76c52298
[15May2026 02:30:04.924] [main/DEBUG] [net.minecraftforge.fml.javafmlmod.FMLModContainer/LOADING]: Creating FMLModContainer instance for net.aurelj.dungeons_arise.DungeonsAriseMain
[15May2026 02:30:04.925] [main/DEBUG] [net.minecraftforge.fml.javafmlmod.FMLJavaModLanguageProvider/LOADING]: Loading FMLModContainer from classloader cpw.mods.modlauncher.TransformingClassLoader@3554bdc0 - got cpw.mods.cl.ModuleClassLoader@76c52298
[15May2026 02:30:04.925] [main/DEBUG] [net.minecraftforge.fml.javafmlmod.FMLModContainer/LOADING]: Creating FMLModContainer instance for net.mcreator.borninchaosv.BornInChaosV1Mod
[15May2026 02:30:04.926] [main/DEBUG] [net.minecraftforge.fml.javafmlmod.FMLJavaModLanguageProvider/LOADING]: Loading FMLModContainer from classloader cpw.mods.modlauncher.TransformingClassLoader@3554bdc0 - got cpw.mods.cl.ModuleClassLoader@76c52298
[15May2026 02:30:04.926] [main/DEBUG] [net.minecraftforge.fml.javafmlmod.FMLModContainer/LOADING]: Creating FMLModContainer instance for com.unusualmodding.opposing_force.OpposingForce
[15May2026 02:30:04.926] [main/DEBUG] [net.minecraftforge.fml.javafmlmod.FMLJavaModLanguageProvider/LOADING]: Loading FMLModContainer from classloader cpw.mods.modlauncher.TransformingClassLoader@3554bdc0 - got cpw.mods.cl.ModuleClassLoader@76c52298
[15May2026 02:30:04.926] [main/DEBUG] [net.minecraftforge.fml.javafmlmod.FMLModContainer/LOADING]: Creating FMLModContainer instance for doppelganger_ii.Doppelganger2Mod
[15May2026 02:30:04.927] [main/DEBUG] [net.minecraftforge.fml.javafmlmod.FMLJavaModLanguageProvider/LOADING]: Loading FMLModContainer from classloader cpw.mods.modlauncher.TransformingClassLoader@3554bdc0 - got cpw.mods.cl.ModuleClassLoader@76c52298
[15May2026 02:30:04.927] [main/DEBUG] [net.minecraftforge.fml.javafmlmod.FMLModContainer/LOADING]: Creating FMLModContainer instance for mod.lucky.forge.ForgeMod
[15May2026 02:30:04.928] [main/DEBUG] [net.minecraftforge.fml.javafmlmod.FMLJavaModLanguageProvider/LOADING]: Loading FMLModContainer from classloader cpw.mods.modlauncher.TransformingClassLoader@3554bdc0 - got cpw.mods.cl.ModuleClassLoader@76c52298
[15May2026 02:30:04.928] [main/DEBUG] [net.minecraftforge.fml.javafmlmod.FMLModContainer/LOADING]: Creating FMLModContainer instance for terrablender.core.TerraBlenderForge
[15May2026 02:30:04.928] [main/DEBUG] [net.minecraftforge.fml.javafmlmod.FMLJavaModLanguageProvider/LOADING]: Loading FMLModContainer from classloader cpw.mods.modlauncher.TransformingClassLoader@3554bdc0 - got cpw.mods.cl.ModuleClassLoader@76c52298
[15May2026 02:30:04.928] [main/DEBUG] [net.minecraftforge.fml.javafmlmod.FMLModContainer/LOADING]: Creating FMLModContainer instance for com.illusivesoulworks.radiantgear.RadiantGearForgeMod
[15May2026 02:30:04.929] [main/DEBUG] [net.minecraftforge.fml.javafmlmod.FMLJavaModLanguageProvider/LOADING]: Loading FMLModContainer from classloader cpw.mods.modlauncher.TransformingClassLoader@3554bdc0 - got cpw.mods.cl.ModuleClassLoader@76c52298
[15May2026 02:30:04.929] [main/DEBUG] [net.minecraftforge.fml.javafmlmod.FMLModContainer/LOADING]: Creating FMLModContainer instance for snownee.jade.util.CommonProxy
[15May2026 02:30:04.930] [main/DEBUG] [net.minecraftforge.fml.javafmlmod.FMLJavaModLanguageProvider/LOADING]: Loading FMLModContainer from classloader cpw.mods.modlauncher.TransformingClassLoader@3554bdc0 - got cpw.mods.cl.ModuleClassLoader@76c52298
[15May2026 02:30:04.931] [main/DEBUG] [net.minecraftforge.fml.javafmlmod.FMLModContainer/LOADING]: Creating FMLModContainer instance for dev.xylonity.knightquest.KnightQuest
[15May2026 02:30:04.932] [main/DEBUG] [thedarkcolour.kotlinforforge.LoggerKt/LOADING]: Loading KotlinModContainer from classloader cpw.mods.modlauncher.TransformingClassLoader@3554bdc0 - got cpw.mods.cl.ModuleClassLoader@76c52298}
[15May2026 02:30:04.932] [main/DEBUG] [thedarkcolour.kotlinforforge.LoggerKt/LOADING]: Creating KotlinModContainer instance for thedarkcolour.kotlinforforge.test.KotlinForForge
[15May2026 02:30:04.934] [main/DEBUG] [net.minecraftforge.fml.javafmlmod.FMLJavaModLanguageProvider/LOADING]: Loading FMLModContainer from classloader cpw.mods.modlauncher.TransformingClassLoader@3554bdc0 - got cpw.mods.cl.ModuleClassLoader@76c52298
[15May2026 02:30:04.934] [main/DEBUG] [net.minecraftforge.fml.javafmlmod.FMLModContainer/LOADING]: Creating FMLModContainer instance for com.yungnickyoung.minecraft.ribbits.RibbitsForge
[15May2026 02:30:04.935] [main/DEBUG] [net.minecraftforge.fml.javafmlmod.FMLJavaModLanguageProvider/LOADING]: Loading FMLModContainer from classloader cpw.mods.modlauncher.TransformingClassLoader@3554bdc0 - got cpw.mods.cl.ModuleClassLoader@76c52298
[15May2026 02:30:04.935] [main/DEBUG] [net.minecraftforge.fml.javafmlmod.FMLModContainer/LOADING]: Creating FMLModContainer instance for xaero.minimap.XaeroMinimapForge
[15May2026 02:30:04.937] [main/DEBUG] [net.minecraftforge.fml.javafmlmod.FMLJavaModLanguageProvider/LOADING]: Loading FMLModContainer from classloader cpw.mods.modlauncher.TransformingClassLoader@3554bdc0 - got cpw.mods.cl.ModuleClassLoader@76c52298
[15May2026 02:30:04.937] [main/DEBUG] [net.minecraftforge.fml.javafmlmod.FMLModContainer/LOADING]: Creating FMLModContainer instance for net.mcreator.brainrotprotocol.BrainrotprotocolMod
[15May2026 02:30:04.938] [main/DEBUG] [net.minecraftforge.fml.javafmlmod.FMLJavaModLanguageProvider/LOADING]: Loading FMLModContainer from classloader cpw.mods.modlauncher.TransformingClassLoader@3554bdc0 - got cpw.mods.cl.ModuleClassLoader@76c52298
[15May2026 02:30:04.938] [main/DEBUG] [net.minecraftforge.fml.javafmlmod.FMLModContainer/LOADING]: Creating FMLModContainer instance for net.geforcemods.securitycraft.SecurityCraft
[15May2026 02:30:04.939] [main/DEBUG] [net.minecraftforge.fml.javafmlmod.FMLJavaModLanguageProvider/LOADING]: Loading FMLModContainer from classloader cpw.mods.modlauncher.TransformingClassLoader@3554bdc0 - got cpw.mods.cl.ModuleClassLoader@76c52298
[15May2026 02:30:04.939] [main/DEBUG] [net.minecraftforge.fml.javafmlmod.FMLModContainer/LOADING]: Creating FMLModContainer instance for org.dawnoftime.armoroftheages.ArmorOfTheAgesForge
[15May2026 02:30:04.940] [main/DEBUG] [net.minecraftforge.fml.javafmlmod.FMLJavaModLanguageProvider/LOADING]: Loading FMLModContainer from classloader cpw.mods.modlauncher.TransformingClassLoader@3554bdc0 - got cpw.mods.cl.ModuleClassLoader@76c52298
[15May2026 02:30:04.940] [main/DEBUG] [net.minecraftforge.fml.javafmlmod.FMLModContainer/LOADING]: Creating FMLModContainer instance for com.corosus.coroutil.loader.forge.ConfigModForge
[15May2026 02:30:04.941] [main/DEBUG] [net.minecraftforge.fml.javafmlmod.FMLJavaModLanguageProvider/LOADING]: Loading FMLModContainer from classloader cpw.mods.modlauncher.TransformingClassLoader@3554bdc0 - got cpw.mods.cl.ModuleClassLoader@76c52298
[15May2026 02:30:04.941] [main/DEBUG] [net.minecraftforge.fml.javafmlmod.FMLModContainer/LOADING]: Creating FMLModContainer instance for tech.thatgravyboat.creeperoverhaul.forge.CreepersForge
[15May2026 02:30:04.942] [main/DEBUG] [net.minecraftforge.fml.javafmlmod.FMLJavaModLanguageProvider/LOADING]: Loading FMLModContainer from classloader cpw.mods.modlauncher.TransformingClassLoader@3554bdc0 - got cpw.mods.cl.ModuleClassLoader@76c52298
[15May2026 02:30:04.942] [main/DEBUG] [net.minecraftforge.fml.javafmlmod.FMLModContainer/LOADING]: Creating FMLModContainer instance for dev.isxander.yacl3.platform.PlatformEntrypoint
[15May2026 02:30:04.942] [main/DEBUG] [net.minecraftforge.fml.javafmlmod.FMLJavaModLanguageProvider/LOADING]: Loading FMLModContainer from classloader cpw.mods.modlauncher.TransformingClassLoader@3554bdc0 - got cpw.mods.cl.ModuleClassLoader@76c52298
[15May2026 02:30:04.942] [main/DEBUG] [net.minecraftforge.fml.javafmlmod.FMLModContainer/LOADING]: Creating FMLModContainer instance for fuzs.puzzleslib.impl.PuzzlesLibForge
[15May2026 02:30:04.963] [modloading-worker-0/DEBUG] [net.minecraftforge.fml.javafmlmod.AutomaticEventSubscriber/LOADING]: Attempting to inject @EventBusSubscriber classes into the eventbus for kuma_api
[15May2026 02:30:04.963] [modloading-worker-0/DEBUG] [betterdungeons/]: Loaded com.yungnickyoung.minecraft.betterdungeons.services.ForgePlatformHelper@566d5bc1 for service interface com.yungnickyoung.minecraft.betterdungeons.services.IPlatformHelper
[15May2026 02:30:04.964] [modloading-worker-0/DEBUG] [betterdungeons/]: Loaded com.yungnickyoung.minecraft.betterdungeons.services.ForgeModulesLoader@3ffba90f for service interface com.yungnickyoung.minecraft.betterdungeons.services.IModulesLoader
[15May2026 02:30:04.967] [modloading-worker-0/DEBUG] [net.minecraftforge.fml.javafmlmod.AutomaticEventSubscriber/LOADING]: Attempting to inject @EventBusSubscriber classes into the eventbus for illagerinvasion
[15May2026 02:30:04.970] [modloading-worker-0/DEBUG] [net.minecraftforge.fml.javafmlmod.AutomaticEventSubscriber/LOADING]: Auto-subscribing fuzs.illagerinvasion.IllagerInvasionForge to MOD
[15May2026 02:30:05.011] [modloading-worker-0/DEBUG] [net.minecraftforge.fml.config.ConfigTracker/CONFIG]: Config file betterdungeons-forge-1_20.toml for betterdungeons tracking
[15May2026 02:30:05.013] [modloading-worker-0/DEBUG] [mixin/]: Mixing MixinLevelEvent from architectury.mixins.json into net.minecraftforge.event.level.LevelEvent
[15May2026 02:30:05.037] [modloading-worker-0/DEBUG] [mixin/]: Mixing ServerResourcesMixin from placebo.mixins.json into net.minecraft.server.ReloadableServerResources
[15May2026 02:30:05.038] [modloading-worker-0/DEBUG] [mixin/]: Mixing ReloadableServerResourcesMixin from balm.mixins.json into net.minecraft.server.ReloadableServerResources
[15May2026 02:30:05.038] [modloading-worker-0/DEBUG] [mixin/]: Renaming synthetic method lambda$loadResources$0(Lnet/minecraft/server/ReloadableServerResources;)V to mdbaff56$lambda$loadResources$0$0 in balm.mixins.json:ReloadableServerResourcesMixin
[15May2026 02:30:05.045] [modloading-worker-0/DEBUG] [net.minecraftforge.fml.javafmlmod.AutomaticEventSubscriber/LOADING]: Attempting to inject @EventBusSubscriber classes into the eventbus for betterdungeons
[15May2026 02:30:05.051] [modloading-worker-0/DEBUG] [net.minecraftforge.fml.javafmlmod.AutomaticEventSubscriber/LOADING]: Attempting to inject @EventBusSubscriber classes into the eventbus for dynamiclights
[15May2026 02:30:05.076] [modloading-worker-0/DEBUG] [net.minecraftforge.fml.config.ConfigTracker/CONFIG]: Config file sophisticatedcore-common.toml for sophisticatedcore tracking
[15May2026 02:30:05.077] [modloading-worker-0/DEBUG] [net.minecraftforge.fml.config.ConfigTracker/CONFIG]: Config file sophisticatedcore-client.toml for sophisticatedcore tracking
[15May2026 02:30:05.083] [modloading-worker-0/DEBUG] [net.minecraftforge.fml.javafmlmod.AutomaticEventSubscriber/LOADING]: Attempting to inject @EventBusSubscriber classes into the eventbus for geckolib
[15May2026 02:30:05.089] [modloading-worker-0/DEBUG] [net.minecraftforge.fml.javafmlmod.AutomaticEventSubscriber/LOADING]: Auto-subscribing software.bernie.example.GeckoLibMod to FORGE
[15May2026 02:30:05.090] [modloading-worker-0/DEBUG] [net.minecraftforge.fml.javafmlmod.AutomaticEventSubscriber/LOADING]: Auto-subscribing software.bernie.example.CommonListener to MOD
[15May2026 02:30:05.107] [modloading-worker-0/DEBUG] [mixin/]: Mixing SpellcasterIllagerImpl$IllagerSpellForgeMixin from illagerinvasion.forge.mixins.json into net.minecraft.world.entity.monster.SpellcasterIllager$IllagerSpell
[15May2026 02:30:05.108] [modloading-worker-0/DEBUG] [mixin/]: Mixing SpellcasterIllagerImpl$IllagerSpellForgeAccessor from illagerinvasion.forge.mixins.json into net.minecraft.world.entity.monster.SpellcasterIllager$IllagerSpell
[15May2026 02:30:05.109] [modloading-worker-0/DEBUG] [mixin/]: Renaming @Invoker method illagerinvasion$init(Ljava/lang/String;IIDDD)Lnet/minecraft/world/entity/monster/SpellcasterIllager$IllagerSpell; to illagerinvasion$init_$md$baff56$0 in illagerinvasion.forge.mixins.json:SpellcasterIllagerImpl$IllagerSpellForgeAccessor
[15May2026 02:30:05.109] [modloading-worker-0/DEBUG] [mixin/]: Renaming @Accessor method illagerinvasion$setById(Ljava/util/function/IntFunction;)V to illagerinvasion$setById_$md$baff56$1 in illagerinvasion.forge.mixins.json:SpellcasterIllagerImpl$IllagerSpellForgeAccessor
[15May2026 02:30:05.120] [modloading-worker-0/DEBUG] [mixin/]: Mixing MixinPlayerList from xaeroworldmap.mixins.json into net.minecraft.server.players.PlayerList
[15May2026 02:30:05.121] [modloading-worker-0/DEBUG] [mixin/]: Mixing PlayerListMixin from balm.mixins.json into net.minecraft.server.players.PlayerList
[15May2026 02:30:05.122] [modloading-worker-0/DEBUG] [mixin/]: Mixing MixinPlayerList from xaerolib.mixins.json into net.minecraft.server.players.PlayerList
[15May2026 02:30:05.123] [modloading-worker-0/DEBUG] [mixin/]: Mixing MixinPlayerList from xaerohud.mixins.json into net.minecraft.server.players.PlayerList
[15May2026 02:30:05.123] [modloading-worker-0/DEBUG] [mixin/]: Mixing camera.PlayerListMixin from securitycraft.mixins.json into net.minecraft.server.players.PlayerList
[15May2026 02:30:05.131] [modloading-worker-0/DEBUG] [xaero.map.WorldMap/]: Loaded xaero.map.platform.services.ForgePlatformHelper@20f73a99 for service interface xaero.map.platform.services.IPlatformHelper
[15May2026 02:30:05.145] [modloading-worker-0/DEBUG] [mixin/]: Mixing RecipeManagerMixin from knightlib.mixins.json into net.minecraft.world.item.crafting.RecipeManager
[15May2026 02:30:05.176] [modloading-worker-0/DEBUG] [xaero.lib.XaeroLib/]: Loaded xaero.lib.platform.services.PlatformHelperForge@6872b9a for service interface xaero.lib.platform.services.IPlatformHelper
[15May2026 02:30:05.176] [modloading-worker-0/INFO] [Puzzles Lib/]: Constructing common components for illagerinvasion:main
[15May2026 02:30:05.213] [modloading-worker-0/DEBUG] [net.minecraftforge.fml.javafmlmod.AutomaticEventSubscriber/LOADING]: Attempting to inject @EventBusSubscriber classes into the eventbus for immersive_aircraft
[15May2026 02:30:05.213] [modloading-worker-0/DEBUG] [net.minecraftforge.fml.config.ConfigTracker/CONFIG]: Config file illagerinvasion-server.toml for illagerinvasion tracking
[15May2026 02:30:05.213] [modloading-worker-0/DEBUG] [net.minecraftforge.fml.javafmlmod.AutomaticEventSubscriber/LOADING]: Auto-subscribing immersive_aircraft.forge.ForgeBusEvents to FORGE
[15May2026 02:30:05.223] [modloading-worker-0/DEBUG] [net.minecraftforge.fml.javafmlmod.AutomaticEventSubscriber/LOADING]: Attempting to inject @EventBusSubscriber classes into the eventbus for sophisticatedcore
[15May2026 02:30:05.225] [modloading-worker-0/DEBUG] [net.minecraftforge.fml.javafmlmod.AutomaticEventSubscriber/LOADING]: Auto-subscribing immersive_aircraft.forge.CommonForge to MOD
[15May2026 02:30:05.236] [modloading-worker-0/DEBUG] [net.minecraftforge.fml.javafmlmod.AutomaticEventSubscriber/LOADING]: Attempting to inject @EventBusSubscriber classes into the eventbus for placebo
[15May2026 02:30:05.239] [modloading-worker-0/DEBUG] [net.minecraftforge.fml.javafmlmod.AutomaticEventSubscriber/LOADING]: Auto-subscribing dev.shadowsoffire.placebo.util.PlaceboTaskQueue to FORGE
[15May2026 02:30:05.253] [modloading-worker-0/INFO] [xaero.map.WorldMap/]: Registering common data for channel xaeroworldmap:main!
[15May2026 02:30:05.256] [modloading-worker-0/DEBUG] [net.minecraftforge.fml.config.ConfigTracker/CONFIG]: Config file citadel-common.toml for citadel tracking
[15May2026 02:30:05.264] [modloading-worker-0/DEBUG] [net.minecraftforge.fml.javafmlmod.AutomaticEventSubscriber/LOADING]: Attempting to inject @EventBusSubscriber classes into the eventbus for citadel
[15May2026 02:30:05.264] [modloading-worker-0/DEBUG] [net.minecraftforge.fml.javafmlmod.AutomaticEventSubscriber/LOADING]: Auto-subscribing com.github.alexthe666.citadel.ServerProxy to MOD
[15May2026 02:30:05.284] [modloading-worker-0/DEBUG] [mixin/]: Mixing LootTablesMixin from placebo.mixins.json into net.minecraft.world.level.storage.loot.LootDataManager
[15May2026 02:30:05.289] [modloading-worker-0/DEBUG] [mixin/]: Renaming synthetic method lambda$apply$0(Lnet/minecraft/world/level/storage/loot/LootDataId;Lnet/minecraft/world/level/storage/loot/LootTable;)V to mdbaff56$lambda$apply$0$0 in placebo.mixins.json:LootTablesMixin
[15May2026 02:30:05.298] [modloading-worker-0/DEBUG] [mixin/]: Mixing MixinLootDataManager from architectury.mixins.json into net.minecraft.world.level.storage.loot.LootDataManager
[15May2026 02:30:05.307] [modloading-worker-0/DEBUG] [mixin/]: Mixing LootDataManagerForgeMixin from puzzleslib.forge.mixins.json into net.minecraft.world.level.storage.loot.LootDataManager
[15May2026 02:30:05.328] [modloading-worker-0/DEBUG] [net.minecraftforge.fml.javafmlmod.AutomaticEventSubscriber/LOADING]: Attempting to inject @EventBusSubscriber classes into the eventbus for mixinextras
[15May2026 02:30:05.385] [modloading-worker-0/DEBUG] [betterfortresses/]: Loaded com.yungnickyoung.minecraft.betterfortresses.services.ForgePlatformHelper@64e5322c for service interface com.yungnickyoung.minecraft.betterfortresses.services.IPlatformHelper
[15May2026 02:30:05.381] [modloading-worker-0/INFO] [xaero.map.WorldMap/]: Loading primary common config for channel xaeroworldmap:main!
[15May2026 02:30:05.396] [modloading-worker-0/DEBUG] [betterfortresses/]: Loaded com.yungnickyoung.minecraft.betterfortresses.services.ForgeModulesLoader@184c95fb for service interface com.yungnickyoung.minecraft.betterfortresses.services.IModulesLoader
[15May2026 02:30:05.400] [modloading-worker-0/INFO] [xaero.map.WorldMap/]: Loading server config profiles for channel xaeroworldmap:main!
[15May2026 02:30:05.401] [modloading-worker-0/DEBUG] [betterfortresses/]: Loaded com.yungnickyoung.minecraft.betterfortresses.services.ForgeProcessorProvider@3d247da9 for service interface com.yungnickyoung.minecraft.betterfortresses.services.IProcessorProvider
[15May2026 02:30:05.423] [modloading-worker-0/DEBUG] [net.minecraftforge.fml.javafmlmod.AutomaticEventSubscriber/LOADING]: Attempting to inject @EventBusSubscriber classes into the eventbus for xaeroworldmap
[15May2026 02:30:05.437] [modloading-worker-0/DEBUG] [yungscavebiomes/]: Loaded com.yungnickyoung.minecraft.yungscavebiomes.services.ForgePlatformHelper@161d2c4c for service interface com.yungnickyoung.minecraft.yungscavebiomes.services.IPlatformHelper
[15May2026 02:30:05.439] [modloading-worker-0/DEBUG] [yungscavebiomes/]: Loaded com.yungnickyoung.minecraft.yungscavebiomes.services.ForgeModulesLoader@19133298 for service interface com.yungnickyoung.minecraft.yungscavebiomes.services.IModulesLoader
[15May2026 02:30:05.445] [modloading-worker-0/DEBUG] [net.minecraftforge.fml.config.ConfigTracker/CONFIG]: Config file sophisticatedbackpacks-server.toml for sophisticatedbackpacks tracking
[15May2026 02:30:05.445] [modloading-worker-0/DEBUG] [net.minecraftforge.fml.config.ConfigTracker/CONFIG]: Config file sophisticatedbackpacks-common.toml for sophisticatedbackpacks tracking
[15May2026 02:30:05.563] [modloading-worker-0/DEBUG] [ribbits/]: Loaded com.yungnickyoung.minecraft.ribbits.services.ForgePlatformHelper@74adc631 for service interface com.yungnickyoung.minecraft.ribbits.services.IPlatformHelper
[15May2026 02:30:05.564] [modloading-worker-0/DEBUG] [ribbits/]: Loaded com.yungnickyoung.minecraft.ribbits.services.ForgeModulesLoader@68a498e2 for service interface com.yungnickyoung.minecraft.ribbits.services.IModulesLoader
[15May2026 02:30:05.564] [modloading-worker-0/DEBUG] [ribbits/]: Loaded com.yungnickyoung.minecraft.ribbits.services.ForgeSupporterHelper@7dfd430b for service interface com.yungnickyoung.minecraft.ribbits.services.ISupporterHelper
[15May2026 02:30:05.652] [modloading-worker-0/INFO] [net.blay09.mods.balm.forge.config.ForgeBalmConfig/]: Registering config for forgivingvoid:common (COMMON) with 10 properties.
[15May2026 02:30:05.652] [modloading-worker-0/DEBUG] [net.minecraftforge.fml.config.ConfigTracker/CONFIG]: Config file forgivingvoid-common.toml for forgivingvoid tracking
[15May2026 02:30:05.677] [modloading-worker-0/DEBUG] [net.minecraftforge.fml.javafmlmod.AutomaticEventSubscriber/LOADING]: Attempting to inject @EventBusSubscriber classes into the eventbus for forgivingvoid
[15May2026 02:30:05.681] [modloading-worker-0/INFO] [hordes/]: Trying to load common config
[15May2026 02:30:05.684] [modloading-worker-0/DEBUG] [net.minecraftforge.fml.config.ConfigTracker/CONFIG]: Config file hordes-common.toml for hordes tracking
[15May2026 02:30:05.684] [modloading-worker-0/INFO] [hordes/]: Trying to load client config
[15May2026 02:30:05.686] [modloading-worker-0/DEBUG] [net.minecraftforge.fml.config.ConfigTracker/CONFIG]: Config file hordes-client.toml for hordes tracking
[15May2026 02:30:05.693] [modloading-worker-0/INFO] [hordes/]: Config data files are up to date, skipping data/asset generation
[15May2026 02:30:05.693] [modloading-worker-0/DEBUG] [net.minecraftforge.fml.javafmlmod.AutomaticEventSubscriber/LOADING]: Attempting to inject @EventBusSubscriber classes into the eventbus for hordes
[15May2026 02:30:05.693] [modloading-worker-0/DEBUG] [net.minecraftforge.fml.javafmlmod.AutomaticEventSubscriber/LOADING]: Auto-subscribing net.smileycorp.hordes.common.command.HordeCommands to FORGE
[15May2026 02:30:05.694] [modloading-worker-0/DEBUG] [net.minecraftforge.fml.javafmlmod.AutomaticEventSubscriber/LOADING]: Auto-subscribing net.smileycorp.hordes.common.MiscEventHandler to MOD
[15May2026 02:30:05.704] [modloading-worker-0/DEBUG] [net.minecraftforge.fml.javafmlmod.AutomaticEventSubscriber/LOADING]: Auto-subscribing net.smileycorp.hordes.common.Hordes to MOD
[15May2026 02:30:05.710] [modloading-worker-0/DEBUG] [mixin/]: Mixing MixinDamageSource from hordes.mixin.json into net.minecraft.world.damagesource.DamageSource
[15May2026 02:30:05.727] [modloading-worker-0/DEBUG] [net.minecraftforge.fml.config.ConfigTracker/CONFIG]: Config file alexsmobs.toml for alexsmobs tracking
[15May2026 02:30:05.761] [modloading-worker-0/DEBUG] [net.minecraftforge.fml.javafmlmod.AutomaticEventSubscriber/LOADING]: Attempting to inject @EventBusSubscriber classes into the eventbus for yungsapi
[15May2026 02:30:05.789] [modloading-worker-0/DEBUG] [net.minecraftforge.fml.javafmlmod.AutomaticEventSubscriber/LOADING]: Attempting to inject @EventBusSubscriber classes into the eventbus for immersive_armors
[15May2026 02:30:05.789] [modloading-worker-0/DEBUG] [net.minecraftforge.fml.javafmlmod.AutomaticEventSubscriber/LOADING]: Auto-subscribing immersive_armors.forge.LootProvider$EventHandlers to MOD
[15May2026 02:30:05.790] [modloading-worker-0/DEBUG] [net.minecraftforge.fml.javafmlmod.AutomaticEventSubscriber/LOADING]: Auto-subscribing immersive_armors.forge.ForgeBusEvents to FORGE
[15May2026 02:30:05.798] [modloading-worker-0/DEBUG] [net.minecraftforge.fml.javafmlmod.AutomaticEventSubscriber/LOADING]: Auto-subscribing immersive_armors.forge.CommonForge to MOD
[15May2026 02:30:05.801] [modloading-worker-0/DEBUG] [net.minecraftforge.fml.javafmlmod.AutomaticEventSubscriber/LOADING]: Attempting to inject @EventBusSubscriber classes into the eventbus for alexsmobs
[15May2026 02:30:05.804] [modloading-worker-0/DEBUG] [net.minecraftforge.fml.javafmlmod.AutomaticEventSubscriber/LOADING]: Auto-subscribing com.github.alexthe666.alexsmobs.world.AMWorldRegistry to MOD
[15May2026 02:30:05.804] [modloading-worker-0/DEBUG] [net.minecraftforge.fml.javafmlmod.AutomaticEventSubscriber/LOADING]: Attempting to inject @EventBusSubscriber classes into the eventbus for sophisticatedbackpacks
[15May2026 02:30:05.810] [modloading-worker-0/DEBUG] [net.minecraftforge.fml.javafmlmod.AutomaticEventSubscriber/LOADING]: Auto-subscribing com.github.alexthe666.alexsmobs.tileentity.AMTileEntityRegistry to MOD
[15May2026 02:30:05.810] [modloading-worker-0/DEBUG] [net.minecraftforge.fml.javafmlmod.AutomaticEventSubscriber/LOADING]: Auto-subscribing com.github.alexthe666.alexsmobs.event.ServerEvents to FORGE
[15May2026 02:30:05.814] [modloading-worker-0/DEBUG] [Carry On/]: Loaded tschipp.carryon.platform.ForgePlatformHelper@25619ce3 for service interface tschipp.carryon.platform.services.IPlatformHelper
[15May2026 02:30:05.815] [modloading-worker-0/DEBUG] [Carry On/]: Loaded tschipp.carryon.platform.ForgeGamestagesHelper@8bf1a4f for service interface tschipp.carryon.platform.services.IGamestagePlatformHelper
[15May2026 02:30:05.818] [modloading-worker-0/DEBUG] [net.minecraftforge.fml.javafmlmod.AutomaticEventSubscriber/LOADING]: Auto-subscribing com.github.alexthe666.alexsmobs.entity.AMEntityRegistry to MOD
[15May2026 02:30:05.819] [modloading-worker-0/DEBUG] [net.minecraftforge.fml.javafmlmod.AutomaticEventSubscriber/LOADING]: Auto-subscribing com.github.alexthe666.alexsmobs.CommonProxy to MOD
[15May2026 02:30:05.820] [modloading-worker-0/DEBUG] [net.minecraftforge.fml.javafmlmod.AutomaticEventSubscriber/LOADING]: Auto-subscribing com.github.alexthe666.alexsmobs.AlexsMobs to FORGE
[15May2026 02:30:05.835] [modloading-worker-0/DEBUG] [net.minecraftforge.fml.javafmlmod.AutomaticEventSubscriber/LOADING]: Attempting to inject @EventBusSubscriber classes into the eventbus for balm
[15May2026 02:30:05.838] [modloading-worker-0/DEBUG] [net.minecraftforge.fml.config.ConfigTracker/CONFIG]: Config file carryon-client.toml for carryon tracking
[15May2026 02:30:05.841] [modloading-worker-0/DEBUG] [net.minecraftforge.fml.config.ConfigTracker/CONFIG]: Config file carryon-common.toml for carryon tracking
[15May2026 02:30:05.841] [modloading-worker-0/DEBUG] [net.minecraftforge.fml.javafmlmod.AutomaticEventSubscriber/LOADING]: Attempting to inject @EventBusSubscriber classes into the eventbus for carryon
[15May2026 02:30:05.841] [modloading-worker-0/DEBUG] [net.minecraftforge.fml.javafmlmod.AutomaticEventSubscriber/LOADING]: Auto-subscribing tschipp.carryon.CarryOnForge to MOD
[15May2026 02:30:05.841] [modloading-worker-0/DEBUG] [net.minecraftforge.fml.javafmlmod.AutomaticEventSubscriber/LOADING]: Auto-subscribing tschipp.carryon.events.CommonEvents to FORGE
[15May2026 02:30:05.841] [modloading-worker-0/DEBUG] [net.minecraftforge.fml.javafmlmod.AutomaticEventSubscriber/LOADING]: Attempting to inject @EventBusSubscriber classes into the eventbus for cloth_config
[15May2026 02:30:05.848] [modloading-worker-0/DEBUG] [net.minecraftforge.fml.config.ConfigTracker/CONFIG]: Config file betterfortresses-forge-1_20.toml for betterfortresses tracking
[15May2026 02:30:05.852] [modloading-worker-0/DEBUG] [net.minecraftforge.fml.javafmlmod.AutomaticEventSubscriber/LOADING]: Attempting to inject @EventBusSubscriber classes into the eventbus for betterfortresses
[15May2026 02:30:05.946] [modloading-worker-0/DEBUG] [net.minecraftforge.fml.config.ConfigTracker/CONFIG]: Config file uniqueaccessories-common.toml for uniqueaccessories tracking
[15May2026 02:30:05.952] [modloading-worker-0/DEBUG] [net.minecraftforge.fml.javafmlmod.AutomaticEventSubscriber/LOADING]: Auto-subscribing tschipp.carryon.events.ModBusEvents to MOD
[15May2026 02:30:05.959] [modloading-worker-0/DEBUG] [Paraglider/]: Loaded plugin class tictim.paraglider.plugin.ParagliderDefaultPlugin associated with mod paraglider
[15May2026 02:30:05.968] [modloading-worker-0/DEBUG] [net.minecraftforge.fml.config.ConfigTracker/CONFIG]: Config file torchmaster.toml for torchmaster tracking
[15May2026 02:30:05.971] [modloading-worker-0/DEBUG] [net.minecraftforge.fml.javafmlmod.AutomaticEventSubscriber/LOADING]: Attempting to inject @EventBusSubscriber classes into the eventbus for torchmaster
[15May2026 02:30:05.972] [modloading-worker-0/DEBUG] [net.minecraftforge.fml.javafmlmod.AutomaticEventSubscriber/LOADING]: Auto-subscribing net.xalcon.torchmaster.common.logic.entityblocking.EntityBlockingEventHandler to FORGE
[15May2026 02:30:05.969] [modloading-worker-0/DEBUG] [mixin/]: Mixing accessor.CriteriaTriggersAccessor from yungsapi.mixins.json into net.minecraft.advancements.CriteriaTriggers
[15May2026 02:30:05.973] [modloading-worker-0/DEBUG] [mixin/]: Renaming @Accessor method getValues()Ljava/util/Map; to getValues_$md$baff56$0 in yungsapi.mixins.json:accessor.CriteriaTriggersAccessor
[15May2026 02:30:05.973] [modloading-worker-0/DEBUG] [Paraglider/]: Loaded 1 plugins total
[15May2026 02:30:05.981] [modloading-worker-0/DEBUG] [net.minecraftforge.coremod.transformer.CoreModBaseTransformer/COREMOD]: Transforming net/minecraft/world/entity/ai/village/VillageSiege
[15May2026 02:30:06.018] [modloading-worker-0/DEBUG] [net.minecraftforge.fml.javafmlmod.AutomaticEventSubscriber/LOADING]: Auto-subscribing net.xalcon.torchmaster.TorchmasterConfig to MOD
[15May2026 02:30:06.023] [modloading-worker-0/DEBUG] [net.minecraftforge.fml.config.ConfigTracker/CONFIG]: Config file clockwork.toml for clockwork tracking
[15May2026 02:30:06.082] [modloading-worker-0/DEBUG] [net.minecraftforge.fml.javafmlmod.AutomaticEventSubscriber/LOADING]: Attempting to inject @EventBusSubscriber classes into the eventbus for resourcefulconfig
[15May2026 02:30:06.084] [modloading-worker-0/DEBUG] [net.minecraftforge.fml.config.ConfigTracker/CONFIG]: Config file curious-lanterns-client.toml for curiouslanterns tracking
[15May2026 02:30:06.085] [modloading-worker-0/DEBUG] [net.minecraftforge.fml.config.ConfigTracker/CONFIG]: Config file curious-lanterns-common.toml for curiouslanterns tracking
[15May2026 02:30:06.086] [modloading-worker-0/DEBUG] [net.minecraftforge.fml.javafmlmod.AutomaticEventSubscriber/LOADING]: Attempting to inject @EventBusSubscriber classes into the eventbus for curiouslanterns
[15May2026 02:30:06.086] [modloading-worker-0/DEBUG] [net.minecraftforge.fml.javafmlmod.AutomaticEventSubscriber/LOADING]: Auto-subscribing com.psilocke.curiouslanterns.datagen.DataGenerators to MOD
[15May2026 02:30:06.099] [modloading-worker-0/DEBUG] [net.minecraftforge.fml.javafmlmod.AutomaticEventSubscriber/LOADING]: Attempting to inject @EventBusSubscriber classes into the eventbus for clockwork
[15May2026 02:30:06.104] [modloading-worker-0/DEBUG] [net.minecraftforge.fml.javafmlmod.AutomaticEventSubscriber/LOADING]: Auto-subscribing dev.xylonity.bonsai.clockwork.common.event.ClockworkServerEvents$ClockworkServerModBus to MOD
[15May2026 02:30:06.104] [modloading-worker-0/DEBUG] [net.minecraftforge.fml.config.ConfigTracker/CONFIG]: Config file curios-client.toml for curios tracking
[15May2026 02:30:06.107] [modloading-worker-0/DEBUG] [net.minecraftforge.fml.javafmlmod.AutomaticEventSubscriber/LOADING]: Auto-subscribing dev.xylonity.bonsai.clockwork.common.event.ClockworkServerEvents$ClockworkServerGameBus to FORGE
[15May2026 02:30:06.116] [modloading-worker-0/DEBUG] [net.minecraftforge.fml.config.ConfigTracker/CONFIG]: Config file curios-common.toml for curios tracking
[15May2026 02:30:06.117] [modloading-worker-0/DEBUG] [net.minecraftforge.fml.config.ConfigTracker/CONFIG]: Config file curios-server.toml for curios tracking
[15May2026 02:30:06.117] [modloading-worker-0/DEBUG] [net.minecraftforge.fml.javafmlmod.AutomaticEventSubscriber/LOADING]: Attempting to inject @EventBusSubscriber classes into the eventbus for curios
[15May2026 02:30:06.124] [modloading-worker-0/DEBUG] [net.minecraftforge.fml.javafmlmod.AutomaticEventSubscriber/LOADING]: Attempting to inject @EventBusSubscriber classes into the eventbus for cerbons_api
[15May2026 02:30:06.124] [modloading-worker-0/DEBUG] [net.minecraftforge.fml.javafmlmod.AutomaticEventSubscriber/LOADING]: Auto-subscribing com.cerbon.cerbons_api.forge.event.CerbonsApiForgeEvents to MOD
[15May2026 02:30:06.127] [modloading-worker-0/DEBUG] [net.minecraftforge.fml.javafmlmod.AutomaticEventSubscriber/LOADING]: Auto-subscribing com.cerbon.cerbons_api.forge.event.ForgeEvents to FORGE
[15May2026 02:30:06.126] [modloading-worker-0/DEBUG] [net.minecraftforge.fml.config.ConfigTracker/CONFIG]: Config file paraglider-player-states.toml for paraglider tracking
[15May2026 02:30:06.178] [modloading-worker-0/DEBUG] [mixin/]: Mixing GameTypeMixin from attributeslib.mixins.json into net.minecraft.world.level.GameType
[15May2026 02:30:06.204] [modloading-worker-0/DEBUG] [net.minecraftforge.fml.javafmlmod.AutomaticEventSubscriber/LOADING]: Attempting to inject @EventBusSubscriber classes into the eventbus for uniqueaccessories
[15May2026 02:30:06.204] [modloading-worker-0/DEBUG] [net.minecraftforge.fml.javafmlmod.AutomaticEventSubscriber/LOADING]: Auto-subscribing net.genzyuro.uniqueaccessories.system.WaistWarmerEvents to FORGE
[15May2026 02:30:06.208] [modloading-worker-0/DEBUG] [net.minecraftforge.fml.javafmlmod.AutomaticEventSubscriber/LOADING]: Auto-subscribing net.genzyuro.uniqueaccessories.system.SuspiciousMushroomEvents to FORGE
[15May2026 02:30:06.208] [modloading-worker-0/DEBUG] [mixin/]: Mixing AttributeInstanceAccessor from attributeslib.mixins.json into net.minecraft.world.entity.ai.attributes.AttributeInstance
[15May2026 02:30:06.213] [modloading-worker-0/DEBUG] [net.minecraftforge.fml.javafmlmod.AutomaticEventSubscriber/LOADING]: Auto-subscribing net.genzyuro.uniqueaccessories.system.SurvivalBeltEvents to FORGE
[15May2026 02:30:06.223] [modloading-worker-0/DEBUG] [net.minecraftforge.fml.config.ConfigTracker/CONFIG]: Config file tombstone-client.toml for tombstone tracking
[15May2026 02:30:06.223] [modloading-worker-0/DEBUG] [net.minecraftforge.fml.config.ConfigTracker/CONFIG]: Config file tombstone-common.toml for tombstone tracking
[15May2026 02:30:06.227] [modloading-worker-0/DEBUG] [net.minecraftforge.fml.javafmlmod.AutomaticEventSubscriber/LOADING]: Auto-subscribing net.genzyuro.uniqueaccessories.system.SupremeMeatEvents to FORGE
[15May2026 02:30:06.231] [modloading-worker-0/DEBUG] [net.minecraftforge.fml.javafmlmod.AutomaticEventSubscriber/LOADING]: Auto-subscribing net.genzyuro.uniqueaccessories.system.StillBeatingHeartEvents to FORGE
[15May2026 02:30:06.244] [modloading-worker-0/DEBUG] [net.minecraftforge.fml.javafmlmod.AutomaticEventSubscriber/LOADING]: Auto-subscribing net.genzyuro.uniqueaccessories.system.StarvedWolfSkullEvents to FORGE
[15May2026 02:30:06.245] [modloading-worker-0/DEBUG] [net.minecraftforge.fml.javafmlmod.AutomaticEventSubscriber/LOADING]: Auto-subscribing net.genzyuro.uniqueaccessories.system.SoulGemEvents to FORGE
[15May2026 02:30:06.247] [modloading-worker-0/DEBUG] [net.minecraftforge.fml.config.ConfigTracker/CONFIG]: Config file tombstone-server.toml for tombstone tracking
[15May2026 02:30:06.249] [modloading-worker-0/DEBUG] [net.minecraftforge.fml.javafmlmod.AutomaticEventSubscriber/LOADING]: Auto-subscribing net.genzyuro.uniqueaccessories.system.SnowGolemDollEvents to FORGE
[15May2026 02:30:06.250] [modloading-worker-0/DEBUG] [net.minecraftforge.fml.javafmlmod.AutomaticEventSubscriber/LOADING]: Auto-subscribing net.genzyuro.uniqueaccessories.system.SmallPropulsionEvents to FORGE
[15May2026 02:30:06.254] [modloading-worker-0/DEBUG] [net.minecraftforge.fml.javafmlmod.AutomaticEventSubscriber/LOADING]: Auto-subscribing net.genzyuro.uniqueaccessories.system.SilverCatTailEvents to FORGE
[15May2026 02:30:06.254] [modloading-worker-0/DEBUG] [net.minecraftforge.fml.javafmlmod.AutomaticEventSubscriber/LOADING]: Attempting to inject @EventBusSubscriber classes into the eventbus for tombstone
[15May2026 02:30:06.255] [modloading-worker-0/DEBUG] [net.minecraftforge.fml.javafmlmod.AutomaticEventSubscriber/LOADING]: Auto-subscribing ovh.corail.tombstone.registry.Registration to MOD
[15May2026 02:30:06.263] [modloading-worker-0/DEBUG] [net.minecraftforge.fml.javafmlmod.AutomaticEventSubscriber/LOADING]: Auto-subscribing net.genzyuro.uniqueaccessories.system.ShinyStoneEvents to FORGE
[15May2026 02:30:06.264] [modloading-worker-0/DEBUG] [net.minecraftforge.fml.javafmlmod.AutomaticEventSubscriber/LOADING]: Auto-subscribing net.genzyuro.uniqueaccessories.system.SharpFishingHookEvents to FORGE
[15May2026 02:30:06.266] [modloading-worker-0/DEBUG] [net.minecraftforge.fml.javafmlmod.AutomaticEventSubscriber/LOADING]: Auto-subscribing ovh.corail.tombstone.perk.PerkRegistry to MOD
[15May2026 02:30:06.266] [modloading-worker-0/DEBUG] [net.minecraftforge.fml.config.ConfigTracker/CONFIG]: Config file paraglider-common.toml for paraglider tracking
[15May2026 02:30:06.272] [modloading-worker-0/DEBUG] [net.minecraftforge.fml.javafmlmod.AutomaticEventSubscriber/LOADING]: Auto-subscribing ovh.corail.tombstone.helper.PlacedBlocksTracker$PlacedBlocksEvents to FORGE
[15May2026 02:30:06.275] [modloading-worker-0/DEBUG] [net.minecraftforge.fml.javafmlmod.AutomaticEventSubscriber/LOADING]: Auto-subscribing net.genzyuro.uniqueaccessories.system.RustyGuillotineBladeEvents to FORGE
[15May2026 02:30:06.277] [modloading-worker-0/DEBUG] [net.minecraftforge.fml.javafmlmod.AutomaticEventSubscriber/LOADING]: Auto-subscribing net.genzyuro.uniqueaccessories.system.RoyalHoneycombEvents to FORGE
[15May2026 02:30:06.279] [modloading-worker-0/DEBUG] [net.minecraftforge.fml.javafmlmod.AutomaticEventSubscriber/LOADING]: Auto-subscribing ovh.corail.tombstone.helper.LootHelper to FORGE
[15May2026 02:30:06.287] [modloading-worker-0/DEBUG] [net.minecraftforge.fml.javafmlmod.AutomaticEventSubscriber/LOADING]: Auto-subscribing net.genzyuro.uniqueaccessories.system.RoseOfTemptationEvents to FORGE
[15May2026 02:30:06.296] [modloading-worker-0/DEBUG] [net.minecraftforge.fml.javafmlmod.AutomaticEventSubscriber/LOADING]: Attempting to inject @EventBusSubscriber classes into the eventbus for attributeslib
[15May2026 02:30:06.297] [modloading-worker-0/DEBUG] [net.minecraftforge.fml.javafmlmod.AutomaticEventSubscriber/LOADING]: Attempting to inject @EventBusSubscriber classes into the eventbus for atlaslib
[15May2026 02:30:06.297] [modloading-worker-0/DEBUG] [net.minecraftforge.fml.javafmlmod.AutomaticEventSubscriber/LOADING]: Auto-subscribing net.smileycorp.atlas.common.AtlasLib to MOD
[15May2026 02:30:06.297] [modloading-worker-0/DEBUG] [net.minecraftforge.fml.javafmlmod.AutomaticEventSubscriber/LOADING]: Auto-subscribing net.genzyuro.uniqueaccessories.system.RocketShoesEvents to FORGE
[15May2026 02:30:06.299] [modloading-worker-0/DEBUG] [net.minecraftforge.fml.javafmlmod.AutomaticEventSubscriber/LOADING]: Auto-subscribing net.genzyuro.uniqueaccessories.system.NinjutsuManualStealthEvents to FORGE
[15May2026 02:30:06.302] [modloading-worker-0/DEBUG] [net.minecraftforge.fml.javafmlmod.AutomaticEventSubscriber/LOADING]: Attempting to inject @EventBusSubscriber classes into the eventbus for resourcefullib
[15May2026 02:30:06.302] [modloading-worker-0/DEBUG] [net.minecraftforge.fml.javafmlmod.AutomaticEventSubscriber/LOADING]: Auto-subscribing net.genzyuro.uniqueaccessories.system.NinjutsuManualBlockDamageEvents to FORGE
[15May2026 02:30:06.310] [modloading-worker-0/DEBUG] [net.minecraftforge.fml.javafmlmod.AutomaticEventSubscriber/LOADING]: Auto-subscribing net.genzyuro.uniqueaccessories.system.HeroEmblemEvents to FORGE
[15May2026 02:30:06.311] [modloading-worker-0/DEBUG] [net.minecraftforge.fml.javafmlmod.AutomaticEventSubscriber/LOADING]: Auto-subscribing net.genzyuro.uniqueaccessories.system.GoldenEggEvents to FORGE
[15May2026 02:30:06.318] [modloading-worker-0/DEBUG] [net.minecraftforge.fml.config.ConfigTracker/CONFIG]: Config file paraglider-server.toml for paraglider tracking
[15May2026 02:30:06.319] [modloading-worker-0/DEBUG] [net.minecraftforge.fml.javafmlmod.AutomaticEventSubscriber/LOADING]: Attempting to inject @EventBusSubscriber classes into the eventbus for paraglider
[15May2026 02:30:06.319] [modloading-worker-0/DEBUG] [net.minecraftforge.fml.javafmlmod.AutomaticEventSubscriber/LOADING]: Auto-subscribing tictim.paraglider.forge.contents.ForgeBargainTypeRegistry to MOD
[15May2026 02:30:06.321] [modloading-worker-0/DEBUG] [net.minecraftforge.fml.javafmlmod.AutomaticEventSubscriber/LOADING]: Auto-subscribing tictim.paraglider.forge.event.ParagliderEventHandler to FORGE
[15May2026 02:30:06.323] [modloading-worker-0/DEBUG] [net.minecraftforge.fml.javafmlmod.AutomaticEventSubscriber/LOADING]: Auto-subscribing net.genzyuro.uniqueaccessories.system.EnderLensEvents to FORGE
[15May2026 02:30:06.326] [modloading-worker-0/DEBUG] [net.minecraftforge.fml.javafmlmod.AutomaticEventSubscriber/LOADING]: Auto-subscribing net.genzyuro.uniqueaccessories.system.DurableSpringEvents to FORGE
[15May2026 02:30:06.327] [modloading-worker-0/DEBUG] [net.minecraftforge.fml.javafmlmod.AutomaticEventSubscriber/LOADING]: Auto-subscribing net.genzyuro.uniqueaccessories.system.BurningSoulEvents to FORGE
[15May2026 02:30:06.330] [modloading-worker-0/DEBUG] [net.minecraftforge.fml.javafmlmod.AutomaticEventSubscriber/LOADING]: Auto-subscribing net.genzyuro.uniqueaccessories.system.BloodyKnifeEvents to FORGE
[15May2026 02:30:06.331] [modloading-worker-0/DEBUG] [net.minecraftforge.fml.javafmlmod.AutomaticEventSubscriber/LOADING]: Auto-subscribing net.genzyuro.uniqueaccessories.system.BladeShoesEvents to FORGE
[15May2026 02:30:06.332] [modloading-worker-0/DEBUG] [net.minecraftforge.fml.javafmlmod.AutomaticEventSubscriber/LOADING]: Auto-subscribing tictim.paraglider.forge.event.WindEventHandler to FORGE
[15May2026 02:30:06.333] [modloading-worker-0/DEBUG] [net.minecraftforge.fml.javafmlmod.AutomaticEventSubscriber/LOADING]: Auto-subscribing net.genzyuro.uniqueaccessories.system.BlackBeltDodgeBuffs to FORGE
[15May2026 02:30:06.334] [modloading-worker-0/DEBUG] [mixin/]: Mixing LootTableMixin from balm.mixins.json into net.minecraft.world.level.storage.loot.LootTable
[15May2026 02:30:06.335] [modloading-worker-0/DEBUG] [mixin/]: Mixing accessor.LootTableForgeAccessor from puzzleslib.forge.mixins.json into net.minecraft.world.level.storage.loot.LootTable
[15May2026 02:30:06.339] [modloading-worker-0/DEBUG] [net.minecraftforge.fml.javafmlmod.AutomaticEventSubscriber/LOADING]: Auto-subscribing net.genzyuro.uniqueaccessories.system.AnkletOfFortuneEvents to FORGE
[15May2026 02:30:06.341] [modloading-worker-0/DEBUG] [net.minecraftforge.fml.javafmlmod.AutomaticEventSubscriber/LOADING]: Auto-subscribing net.genzyuro.uniqueaccessories.system.AmplifierStoneEvents to FORGE
[15May2026 02:30:06.340] [modloading-worker-0/DEBUG] [net.minecraftforge.fml.javafmlmod.AutomaticEventSubscriber/LOADING]: Auto-subscribing ovh.corail.tombstone.event.EventHandler to FORGE
[15May2026 02:30:06.345] [modloading-worker-0/DEBUG] [net.minecraftforge.fml.javafmlmod.AutomaticEventSubscriber/LOADING]: Auto-subscribing net.genzyuro.uniqueaccessories.system.AllPurposeSeasoningEvents to FORGE
[15May2026 02:30:06.349] [modloading-worker-0/DEBUG] [net.minecraftforge.fml.javafmlmod.AutomaticEventSubscriber/LOADING]: Auto-subscribing net.genzyuro.uniqueaccessories.loot.UAWandererTrades to FORGE
[15May2026 02:30:06.351] [modloading-worker-0/DEBUG] [net.minecraftforge.fml.javafmlmod.AutomaticEventSubscriber/LOADING]: Auto-subscribing net.genzyuro.uniqueaccessories.loot.RoyalHoneycombDrops to FORGE
[15May2026 02:30:06.356] [modloading-worker-0/DEBUG] [net.minecraftforge.fml.javafmlmod.AutomaticEventSubscriber/LOADING]: Auto-subscribing net.genzyuro.uniqueaccessories.loot.GoldenEggCharmReplace to FORGE
[15May2026 02:30:06.360] [modloading-worker-0/DEBUG] [net.minecraftforge.fml.javafmlmod.AutomaticEventSubscriber/LOADING]: Auto-subscribing net.genzyuro.uniqueaccessories.loot.EnderLensDropHandler to FORGE
[15May2026 02:30:06.361] [modloading-worker-0/DEBUG] [net.minecraftforge.fml.javafmlmod.AutomaticEventSubscriber/LOADING]: Auto-subscribing net.genzyuro.uniqueaccessories.loot.EnderLensAngerTracker to FORGE
[15May2026 02:30:06.364] [modloading-worker-0/DEBUG] [net.minecraftforge.fml.javafmlmod.AutomaticEventSubscriber/LOADING]: Auto-subscribing net.genzyuro.uniqueaccessories.datagen.UniqueAccessoriesDataGenerators to MOD
[15May2026 02:30:06.365] [modloading-worker-0/DEBUG] [net.minecraftforge.fml.javafmlmod.AutomaticEventSubscriber/LOADING]: Auto-subscribing net.genzyuro.uniqueaccessories.config.UAConfigSyncEvents to FORGE
[15May2026 02:30:06.372] [modloading-worker-0/DEBUG] [net.minecraftforge.fml.javafmlmod.AutomaticEventSubscriber/LOADING]: Auto-subscribing net.genzyuro.uniqueaccessories.advancement.AccessoryCollectTracker to FORGE
[15May2026 02:30:06.391] [modloading-worker-0/DEBUG] [net.minecraftforge.fml.javafmlmod.AutomaticEventSubscriber/LOADING]: Attempting to inject @EventBusSubscriber classes into the eventbus for architectury
[15May2026 02:30:06.391] [modloading-worker-0/DEBUG] [net.minecraftforge.fml.javafmlmod.AutomaticEventSubscriber/LOADING]: Auto-subscribing dev.architectury.registry.level.entity.trade.forge.TradeRegistryImpl to FORGE
[15May2026 02:30:06.392] [modloading-worker-0/DEBUG] [net.minecraftforge.fml.javafmlmod.AutomaticEventSubscriber/LOADING]: Attempting to inject @EventBusSubscriber classes into the eventbus for justhammers
[15May2026 02:30:06.392] [modloading-worker-0/DEBUG] [net.minecraftforge.fml.javafmlmod.AutomaticEventSubscriber/LOADING]: Auto-subscribing pro.mikey.justhammers.forge.data.DataGenerators to MOD
[15May2026 02:30:06.396] [modloading-worker-0/DEBUG] [net.minecraftforge.fml.javafmlmod.AutomaticEventSubscriber/LOADING]: Auto-subscribing dev.architectury.registry.forge.ReloadListenerRegistryImpl to FORGE
[15May2026 02:30:06.396] [modloading-worker-0/DEBUG] [net.minecraftforge.fml.javafmlmod.AutomaticEventSubscriber/LOADING]: Auto-subscribing ovh.corail.tombstone.config.ConfigTombstone$ConfigEvent to MOD
[15May2026 02:30:06.399] [modloading-worker-0/DEBUG] [net.minecraftforge.fml.javafmlmod.AutomaticEventSubscriber/LOADING]: Attempting to inject @EventBusSubscriber classes into the eventbus for jadeaddons
[15May2026 02:30:06.399] [modloading-worker-0/DEBUG] [net.minecraftforge.fml.javafmlmod.AutomaticEventSubscriber/LOADING]: Auto-subscribing dev.architectury.networking.forge.NetworkManagerImpl to FORGE
[15May2026 02:30:06.399] [modloading-worker-0/DEBUG] [net.minecraftforge.fml.javafmlmod.AutomaticEventSubscriber/LOADING]: Attempting to inject @EventBusSubscriber classes into the eventbus for refurbished_furniture
[15May2026 02:30:06.403] [modloading-worker-0/DEBUG] [net.minecraftforge.fml.javafmlmod.AutomaticEventSubscriber/LOADING]: Auto-subscribing com.mrcrayfish.furniture.refurbished.ForgeEvents to FORGE
[15May2026 02:30:06.407] [modloading-worker-0/INFO] [blockpops/]: Initializing BlockPops mod
[15May2026 02:30:06.409] [modloading-worker-0/INFO] [dev.architectury.networking.forge.NetworkManagerImpl/]: Registering C2S receiver with id architectury:sync_ids
[15May2026 02:30:06.411] [modloading-worker-0/DEBUG] [Framework/]: Loaded com.mrcrayfish.framework.platform.ForgePlatformHelper@4d633bf5 for service interface com.mrcrayfish.framework.platform.services.IPlatformHelper
[15May2026 02:30:06.412] [modloading-worker-0/DEBUG] [Framework/]: Loaded com.mrcrayfish.framework.platform.ForgeNetworkHelper@5a9198c3 for service interface com.mrcrayfish.framework.platform.services.INetworkHelper
[15May2026 02:30:06.414] [modloading-worker-0/DEBUG] [blockpops/]: Loaded server configuration
[15May2026 02:30:06.416] [modloading-worker-0/INFO] [dev.architectury.networking.forge.NetworkManagerImpl/]: Registering C2S receiver with id blockpops:figure_position
[15May2026 02:30:06.417] [modloading-worker-0/INFO] [dev.architectury.networking.forge.NetworkManagerImpl/]: Registering C2S receiver with id blockpops:claw_machine_collection
[15May2026 02:30:06.417] [modloading-worker-0/DEBUG] [net.minecraftforge.fml.javafmlmod.AutomaticEventSubscriber/LOADING]: Attempting to inject @EventBusSubscriber classes into the eventbus for camerapture
[15May2026 02:30:06.418] [modloading-worker-0/DEBUG] [Framework/]: Loaded com.mrcrayfish.framework.platform.ForgeRegistrationHelper@582cf202 for service interface com.mrcrayfish.framework.platform.services.IRegistrationHelper
[15May2026 02:30:06.419] [modloading-worker-0/DEBUG] [Framework/]: Loaded com.mrcrayfish.framework.platform.ForgeEntityHelper@50de5a5d for service interface com.mrcrayfish.framework.platform.services.IEntityHelper
[15May2026 02:30:06.419] [modloading-worker-0/DEBUG] [Framework/]: Loaded com.mrcrayfish.framework.platform.ForgeItemHelper@6ff9778c for service interface com.mrcrayfish.framework.platform.services.IItemHelper
[15May2026 02:30:06.421] [modloading-worker-0/DEBUG] [Framework/]: Loaded com.mrcrayfish.framework.platform.ForgeConfigHelper@4f5ce7b6 for service interface com.mrcrayfish.framework.platform.services.IConfigHelper
[15May2026 02:30:06.422] [modloading-worker-0/INFO] [dev.architectury.networking.forge.NetworkManagerImpl/]: Registering C2S receiver with id blockpops:set_favorite_color
[15May2026 02:30:06.423] [modloading-worker-0/INFO] [dev.architectury.networking.forge.NetworkManagerImpl/]: Registering C2S receiver with id blockpops:drop_box
[15May2026 02:30:06.425] [modloading-worker-0/DEBUG] [net.minecraftforge.fml.javafmlmod.AutomaticEventSubscriber/LOADING]: Attempting to inject @EventBusSubscriber classes into the eventbus for galena_hats
[15May2026 02:30:06.425] [modloading-worker-0/DEBUG] [net.minecraftforge.fml.javafmlmod.AutomaticEventSubscriber/LOADING]: Auto-subscribing galena.hats.forge.ForgeServerEntrypoint to FORGE
[15May2026 02:30:06.424] [modloading-worker-0/INFO] [dev.architectury.networking.forge.NetworkManagerImpl/]: Registering C2S receiver with id blockpops:reload_tokens
[15May2026 02:30:06.428] [modloading-worker-0/INFO] [dev.architectury.networking.forge.NetworkManagerImpl/]: Registering C2S receiver with id blockpops:unlock_collection
[15May2026 02:30:06.431] [modloading-worker-0/INFO] [dev.architectury.networking.forge.NetworkManagerImpl/]: Registering C2S receiver with id blockpops:update_guaranteed_reset_hour
[15May2026 02:30:06.432] [modloading-worker-0/INFO] [dev.architectury.networking.forge.NetworkManagerImpl/]: Registering C2S receiver with id blockpops:update_token_settings
[15May2026 02:30:06.434] [modloading-worker-0/INFO] [dev.architectury.networking.forge.NetworkManagerImpl/]: Registering C2S receiver with id blockpops:update_hidden_collections
[15May2026 02:30:06.437] [modloading-worker-0/INFO] [dev.architectury.networking.forge.NetworkManagerImpl/]: Registering C2S receiver with id blockpops:update_remote_collections
[15May2026 02:30:06.440] [modloading-worker-0/INFO] [blockpops/]: BlockPops mod initialization complete
[15May2026 02:30:06.440] [modloading-worker-0/DEBUG] [net.minecraftforge.fml.javafmlmod.AutomaticEventSubscriber/LOADING]: Attempting to inject @EventBusSubscriber classes into the eventbus for blockpops
[15May2026 02:30:06.440] [modloading-worker-0/DEBUG] [net.minecraftforge.fml.javafmlmod.AutomaticEventSubscriber/LOADING]: Auto-subscribing com.theplumteam.event.FigurePoseEventHandler to FORGE
[15May2026 02:30:06.441] [modloading-worker-0/DEBUG] [net.minecraftforge.fml.javafmlmod.AutomaticEventSubscriber/LOADING]: Auto-subscribing com.theplumteam.capability.CapabilityEvents to FORGE
[15May2026 02:30:06.448] [modloading-worker-0/DEBUG] [net.minecraftforge.fml.config.ConfigTracker/CONFIG]: Config file jei-server.toml for jei tracking
[15May2026 02:30:06.456] [modloading-worker-0/DEBUG] [net.minecraftforge.fml.javafmlmod.AutomaticEventSubscriber/LOADING]: Attempting to inject @EventBusSubscriber classes into the eventbus for jei
[15May2026 02:30:06.460] [modloading-worker-0/INFO] [xaero.lib.XaeroLib/]: Registering common data for channel xaerolib:main!
[15May2026 02:30:06.464] [modloading-worker-0/INFO] [xaero.lib.XaeroLib/]: Loading primary common config for channel xaerolib:main!
[15May2026 02:30:06.465] [modloading-worker-0/INFO] [xaero.lib.XaeroLib/]: Loading server config profiles for channel xaerolib:main!
[15May2026 02:30:06.480] [modloading-worker-0/DEBUG] [net.minecraftforge.fml.javafmlmod.AutomaticEventSubscriber/LOADING]: Attempting to inject @EventBusSubscriber classes into the eventbus for xaerolib
[15May2026 02:30:06.485] [modloading-worker-0/DEBUG] [net.minecraftforge.fml.config.ConfigTracker/CONFIG]: Config file tacz-common.toml for tacz tracking
[15May2026 02:30:06.488] [modloading-worker-0/DEBUG] [MrCrayfish's Furniture Mod: Refurbished/]: Loaded com.mrcrayfish.furniture.refurbished.platform.ForgePlatformHelper@578ee9ac for service interface com.mrcrayfish.furniture.refurbished.platform.services.IPlatformHelper
[15May2026 02:30:06.498] [modloading-worker-0/DEBUG] [MrCrayfish's Furniture Mod: Refurbished/]: Loaded com.mrcrayfish.furniture.refurbished.platform.ForgeBlockHelper@2e5b3e9b for service interface com.mrcrayfish.furniture.refurbished.platform.services.IBlockHelper
[15May2026 02:30:06.500] [modloading-worker-0/DEBUG] [net.minecraftforge.fml.config.ConfigTracker/CONFIG]: Config file tacz-server.toml for tacz tracking
[15May2026 02:30:06.506] [modloading-worker-0/DEBUG] [net.minecraftforge.fml.config.ConfigTracker/CONFIG]: Config file tacz-client.toml for tacz tracking
[15May2026 02:30:06.509] [modloading-worker-0/DEBUG] [net.minecraftforge.fml.javafmlmod.AutomaticEventSubscriber/LOADING]: Attempting to inject @EventBusSubscriber classes into the eventbus for fallingtree
[15May2026 02:30:06.520] [modloading-worker-0/DEBUG] [net.minecraftforge.fml.config.ConfigTracker/CONFIG]: Config file YungsCaveBiomes-forge-1_20_1.toml for yungscavebiomes tracking
[15May2026 02:30:06.528] [modloading-worker-0/DEBUG] [MrCrayfish's Furniture Mod: Refurbished/]: Loaded com.mrcrayfish.furniture.refurbished.platform.ForgeBlockEntityHelper@644023cb for service interface com.mrcrayfish.furniture.refurbished.platform.services.IBlockEntityHelper
[15May2026 02:30:06.529] [modloading-worker-0/DEBUG] [MrCrayfish's Furniture Mod: Refurbished/]: Loaded com.mrcrayfish.furniture.refurbished.platform.ForgeItemHelper@34576981 for service interface com.mrcrayfish.furniture.refurbished.platform.services.IItemHelper
[15May2026 02:30:06.534] [modloading-worker-0/DEBUG] [net.minecraftforge.fml.javafmlmod.AutomaticEventSubscriber/LOADING]: Attempting to inject @EventBusSubscriber classes into the eventbus for yungscavebiomes
[15May2026 02:30:06.536] [modloading-worker-0/DEBUG] [MrCrayfish's Furniture Mod: Refurbished/]: Loaded com.mrcrayfish.furniture.refurbished.platform.ForgeEntityHelper@38289231 for service interface com.mrcrayfish.furniture.refurbished.platform.services.IEntityHelper
[15May2026 02:30:06.536] [modloading-worker-0/DEBUG] [MrCrayfish's Furniture Mod: Refurbished/]: Loaded com.mrcrayfish.furniture.refurbished.platform.ForgeRecipeHelper@1c1c7b84 for service interface com.mrcrayfish.furniture.refurbished.platform.services.IRecipeHelper
[15May2026 02:30:06.538] [modloading-worker-0/DEBUG] [MrCrayfish's Furniture Mod: Refurbished/]: Loaded com.mrcrayfish.furniture.refurbished.platform.ForgeFluidHelper@32837dd4 for service interface com.mrcrayfish.furniture.refurbished.platform.services.IFluidHelper
[15May2026 02:30:06.541] [modloading-worker-0/DEBUG] [mixin/]: Mixing RegistrateAccessor from multikulti_registrate.mixins.json into com.tterrag.registrate.AbstractRegistrate
[15May2026 02:30:06.544] [modloading-worker-0/DEBUG] [MrCrayfish's Furniture Mod: Refurbished/]: Loaded com.mrcrayfish.furniture.refurbished.platform.ForgeTagHelper@241c9b8e for service interface com.mrcrayfish.furniture.refurbished.platform.services.ITagHelper
[15May2026 02:30:06.556] [modloading-worker-0/DEBUG] [MrCrayfish's Furniture Mod: Refurbished/]: Loaded com.mrcrayfish.furniture.refurbished.platform.ForgeMenuHelper@4df97754 for service interface com.mrcrayfish.furniture.refurbished.platform.services.IMenuHelper
[15May2026 02:30:06.570] [modloading-worker-0/DEBUG] [net.minecraftforge.fml.config.ConfigTracker/CONFIG]: Config file nirvana-common.toml for nirvana tracking
[15May2026 02:30:06.571] [modloading-worker-0/DEBUG] [net.minecraftforge.fml.config.ConfigTracker/CONFIG]: Config file nirvana-client.toml for nirvana tracking
[15May2026 02:30:06.582] [modloading-worker-0/DEBUG] [net.minecraftforge.fml.javafmlmod.AutomaticEventSubscriber/LOADING]: Attempting to inject @EventBusSubscriber classes into the eventbus for too_many_bows
[15May2026 02:30:06.582] [modloading-worker-0/DEBUG] [net.minecraftforge.fml.javafmlmod.AutomaticEventSubscriber/LOADING]: Auto-subscribing net.bandit.many_bows.forge.curio.CurioAttacher to FORGE
[15May2026 02:30:06.583] [modloading-worker-0/DEBUG] [net.minecraftforge.fml.javafmlmod.AutomaticEventSubscriber/LOADING]: Auto-subscribing net.bandit.many_bows.forge.ModAttributesForge to MOD
[15May2026 02:30:06.591] [modloading-worker-0/DEBUG] [net.minecraftforge.fml.config.ConfigTracker/CONFIG]: Config file knightlib.toml for knightlib tracking
[15May2026 02:30:06.648] [modloading-worker-0/DEBUG] [net.minecraftforge.fml.javafmlmod.AutomaticEventSubscriber/LOADING]: Attempting to inject @EventBusSubscriber classes into the eventbus for knightlib
[15May2026 02:30:06.648] [modloading-worker-0/DEBUG] [net.minecraftforge.fml.javafmlmod.AutomaticEventSubscriber/LOADING]: Auto-subscribing dev.xylonity.knightlib.common.event.KnightLibServerEvents to MOD
[15May2026 02:30:06.649] [modloading-worker-0/DEBUG] [net.minecraftforge.fml.javafmlmod.AutomaticEventSubscriber/LOADING]: Auto-subscribing dev.xylonity.knightlib.common.event.KnightLibCommonEvents to FORGE
[15May2026 02:30:06.692] [modloading-worker-0/DEBUG] [mixin/]: Mixing TagsProviderForgeMixin from puzzleslib.forge.mixins.json into net.minecraft.data.tags.TagsProvider
[15May2026 02:30:06.787] [modloading-worker-0/DEBUG] [com.tterrag.registrate.AbstractRegistrate/REGISTRATE.REGISTER]: Captured registration for entry music.disc.jam of type minecraft:sound_event
[15May2026 02:30:06.791] [modloading-worker-0/DEBUG] [com.tterrag.registrate.AbstractRegistrate/REGISTRATE.REGISTER]: Captured registration for entry item.use.bong of type minecraft:sound_event
[15May2026 02:30:06.791] [modloading-worker-0/DEBUG] [com.tterrag.registrate.AbstractRegistrate/REGISTRATE.REGISTER]: Captured registration for entry item.use.smoking of type minecraft:sound_event
[15May2026 02:30:06.791] [modloading-worker-0/DEBUG] [com.tterrag.registrate.AbstractRegistrate/REGISTRATE.REGISTER]: Captured registration for entry item.use.herbal_salve of type minecraft:sound_event
[15May2026 02:30:06.794] [modloading-worker-0/DEBUG] [com.tterrag.registrate.AbstractRegistrate/REGISTRATE.REGISTER]: Captured registration for entry peace of type minecraft:mob_effect
[15May2026 02:30:06.843] [modloading-worker-0/DEBUG] [com.tterrag.registrate.AbstractRegistrate/REGISTRATE.REGISTER]: Captured registration for entry hemp of type minecraft:block
[15May2026 02:30:06.854] [modloading-worker-0/DEBUG] [com.tterrag.registrate.AbstractRegistrate/REGISTRATE.REGISTER]: Captured registration for entry hemp_crate of type minecraft:item
[15May2026 02:30:06.854] [modloading-worker-0/DEBUG] [com.tterrag.registrate.AbstractRegistrate/REGISTRATE.REGISTER]: Captured registration for entry hemp_crate of type minecraft:block
[15May2026 02:30:06.855] [modloading-worker-0/DEBUG] [com.tterrag.registrate.AbstractRegistrate/REGISTRATE.REGISTER]: Captured registration for entry weed_crate of type minecraft:item
[15May2026 02:30:06.855] [modloading-worker-0/DEBUG] [com.tterrag.registrate.AbstractRegistrate/REGISTRATE.REGISTER]: Captured registration for entry weed_crate of type minecraft:block
[15May2026 02:30:06.856] [modloading-worker-0/DEBUG] [com.tterrag.registrate.AbstractRegistrate/REGISTRATE.REGISTER]: Captured registration for entry bliss_bloom of type minecraft:item
[15May2026 02:30:06.859] [modloading-worker-0/DEBUG] [com.tterrag.registrate.AbstractRegistrate/REGISTRATE.REGISTER]: Captured registration for entry bliss_bloom of type minecraft:block
[15May2026 02:30:06.860] [modloading-worker-0/DEBUG] [com.tterrag.registrate.AbstractRegistrate/REGISTRATE.REGISTER]: Captured registration for entry wild_hemp of type minecraft:item
[15May2026 02:30:06.860] [modloading-worker-0/DEBUG] [com.tterrag.registrate.AbstractRegistrate/REGISTRATE.REGISTER]: Captured registration for entry wild_hemp of type minecraft:block
[15May2026 02:30:06.867] [modloading-worker-0/DEBUG] [com.tterrag.registrate.AbstractRegistrate/REGISTRATE.REGISTER]: Captured registration for entry thc of type minecraft:item
[15May2026 02:30:06.868] [modloading-worker-0/DEBUG] [com.tterrag.registrate.AbstractRegistrate/REGISTRATE.REGISTER]: Captured registration for entry thc of type minecraft:block
[15May2026 02:30:06.869] [modloading-worker-0/DEBUG] [com.tterrag.registrate.AbstractRegistrate/REGISTRATE.REGISTER]: Captured registration for entry reefer_head of type minecraft:block
[15May2026 02:30:06.872] [modloading-worker-0/DEBUG] [com.tterrag.registrate.AbstractRegistrate/REGISTRATE.REGISTER]: Captured registration for entry reefer_wall_head of type minecraft:block
[15May2026 02:30:06.878] [modloading-worker-0/DEBUG] [com.tterrag.registrate.AbstractRegistrate/REGISTRATE.REGISTER]: Captured registration for entry skull of type minecraft:block_entity_type
[15May2026 02:30:06.880] [modloading-worker-0/DEBUG] [com.tterrag.registrate.AbstractRegistrate/REGISTRATE.REGISTER]: Captured registration for entry potted_wild_hemp of type minecraft:block
[15May2026 02:30:06.882] [modloading-worker-0/DEBUG] [com.tterrag.registrate.AbstractRegistrate/REGISTRATE.REGISTER]: Captured registration for entry hemp_burlap of type minecraft:item
[15May2026 02:30:06.883] [modloading-worker-0/DEBUG] [com.tterrag.registrate.AbstractRegistrate/REGISTRATE.REGISTER]: Captured registration for entry hemp_burlap of type minecraft:block
[15May2026 02:30:06.886] [modloading-worker-0/DEBUG] [com.tterrag.registrate.AbstractRegistrate/REGISTRATE.REGISTER]: Captured registration for entry white_hemp_burlap of type minecraft:item
[15May2026 02:30:06.886] [modloading-worker-0/DEBUG] [com.tterrag.registrate.AbstractRegistrate/REGISTRATE.REGISTER]: Captured registration for entry white_hemp_burlap of type minecraft:block
[15May2026 02:30:06.887] [modloading-worker-0/DEBUG] [com.tterrag.registrate.AbstractRegistrate/REGISTRATE.REGISTER]: Captured registration for entry light_gray_hemp_burlap of type minecraft:item
[15May2026 02:30:06.887] [modloading-worker-0/DEBUG] [com.tterrag.registrate.AbstractRegistrate/REGISTRATE.REGISTER]: Captured registration for entry light_gray_hemp_burlap of type minecraft:block
[15May2026 02:30:06.888] [modloading-worker-0/DEBUG] [com.tterrag.registrate.AbstractRegistrate/REGISTRATE.REGISTER]: Captured registration for entry gray_hemp_burlap of type minecraft:item
[15May2026 02:30:06.889] [modloading-worker-0/DEBUG] [com.tterrag.registrate.AbstractRegistrate/REGISTRATE.REGISTER]: Captured registration for entry gray_hemp_burlap of type minecraft:block
[15May2026 02:30:06.890] [modloading-worker-0/DEBUG] [com.tterrag.registrate.AbstractRegistrate/REGISTRATE.REGISTER]: Captured registration for entry black_hemp_burlap of type minecraft:item
[15May2026 02:30:06.890] [modloading-worker-0/DEBUG] [com.tterrag.registrate.AbstractRegistrate/REGISTRATE.REGISTER]: Captured registration for entry black_hemp_burlap of type minecraft:block
[15May2026 02:30:06.890] [modloading-worker-0/DEBUG] [com.tterrag.registrate.AbstractRegistrate/REGISTRATE.REGISTER]: Captured registration for entry brown_hemp_burlap of type minecraft:item
[15May2026 02:30:06.890] [modloading-worker-0/DEBUG] [com.tterrag.registrate.AbstractRegistrate/REGISTRATE.REGISTER]: Captured registration for entry brown_hemp_burlap of type minecraft:block
[15May2026 02:30:06.890] [modloading-worker-0/DEBUG] [com.tterrag.registrate.AbstractRegistrate/REGISTRATE.REGISTER]: Captured registration for entry red_hemp_burlap of type minecraft:item
[15May2026 02:30:06.891] [modloading-worker-0/DEBUG] [com.tterrag.registrate.AbstractRegistrate/REGISTRATE.REGISTER]: Captured registration for entry red_hemp_burlap of type minecraft:block
[15May2026 02:30:06.891] [modloading-worker-0/DEBUG] [com.tterrag.registrate.AbstractRegistrate/REGISTRATE.REGISTER]: Captured registration for entry orange_hemp_burlap of type minecraft:item
[15May2026 02:30:06.891] [modloading-worker-0/DEBUG] [com.tterrag.registrate.AbstractRegistrate/REGISTRATE.REGISTER]: Captured registration for entry orange_hemp_burlap of type minecraft:block
[15May2026 02:30:06.891] [modloading-worker-0/DEBUG] [com.tterrag.registrate.AbstractRegistrate/REGISTRATE.REGISTER]: Captured registration for entry yellow_hemp_burlap of type minecraft:item
[15May2026 02:30:06.892] [modloading-worker-0/DEBUG] [com.tterrag.registrate.AbstractRegistrate/REGISTRATE.REGISTER]: Captured registration for entry yellow_hemp_burlap of type minecraft:block
[15May2026 02:30:06.892] [modloading-worker-0/DEBUG] [com.tterrag.registrate.AbstractRegistrate/REGISTRATE.REGISTER]: Captured registration for entry lime_hemp_burlap of type minecraft:item
[15May2026 02:30:06.893] [modloading-worker-0/DEBUG] [com.tterrag.registrate.AbstractRegistrate/REGISTRATE.REGISTER]: Captured registration for entry lime_hemp_burlap of type minecraft:block
[15May2026 02:30:06.894] [modloading-worker-0/DEBUG] [com.tterrag.registrate.AbstractRegistrate/REGISTRATE.REGISTER]: Captured registration for entry green_hemp_burlap of type minecraft:item
[15May2026 02:30:06.895] [modloading-worker-0/DEBUG] [com.tterrag.registrate.AbstractRegistrate/REGISTRATE.REGISTER]: Captured registration for entry green_hemp_burlap of type minecraft:block
[15May2026 02:30:06.895] [modloading-worker-0/DEBUG] [com.tterrag.registrate.AbstractRegistrate/REGISTRATE.REGISTER]: Captured registration for entry cyan_hemp_burlap of type minecraft:item
[15May2026 02:30:06.895] [modloading-worker-0/DEBUG] [com.tterrag.registrate.AbstractRegistrate/REGISTRATE.REGISTER]: Captured registration for entry cyan_hemp_burlap of type minecraft:block
[15May2026 02:30:06.895] [modloading-worker-0/DEBUG] [com.tterrag.registrate.AbstractRegistrate/REGISTRATE.REGISTER]: Captured registration for entry light_blue_hemp_burlap of type minecraft:item
[15May2026 02:30:06.895] [modloading-worker-0/DEBUG] [com.tterrag.registrate.AbstractRegistrate/REGISTRATE.REGISTER]: Captured registration for entry light_blue_hemp_burlap of type minecraft:block
[15May2026 02:30:06.895] [modloading-worker-0/DEBUG] [com.tterrag.registrate.AbstractRegistrate/REGISTRATE.REGISTER]: Captured registration for entry blue_hemp_burlap of type minecraft:item
[15May2026 02:30:06.895] [modloading-worker-0/DEBUG] [com.tterrag.registrate.AbstractRegistrate/REGISTRATE.REGISTER]: Captured registration for entry blue_hemp_burlap of type minecraft:block
[15May2026 02:30:06.895] [modloading-worker-0/DEBUG] [com.tterrag.registrate.AbstractRegistrate/REGISTRATE.REGISTER]: Captured registration for entry purple_hemp_burlap of type minecraft:item
[15May2026 02:30:06.896] [modloading-worker-0/DEBUG] [com.tterrag.registrate.AbstractRegistrate/REGISTRATE.REGISTER]: Captured registration for entry purple_hemp_burlap of type minecraft:block
[15May2026 02:30:06.896] [modloading-worker-0/DEBUG] [com.tterrag.registrate.AbstractRegistrate/REGISTRATE.REGISTER]: Captured registration for entry magenta_hemp_burlap of type minecraft:item
[15May2026 02:30:06.897] [modloading-worker-0/DEBUG] [com.tterrag.registrate.AbstractRegistrate/REGISTRATE.REGISTER]: Captured registration for entry magenta_hemp_burlap of type minecraft:block
[15May2026 02:30:06.897] [modloading-worker-0/DEBUG] [com.tterrag.registrate.AbstractRegistrate/REGISTRATE.REGISTER]: Captured registration for entry pink_hemp_burlap of type minecraft:item
[15May2026 02:30:06.898] [modloading-worker-0/DEBUG] [com.tterrag.registrate.AbstractRegistrate/REGISTRATE.REGISTER]: Captured registration for entry pink_hemp_burlap of type minecraft:block
[15May2026 02:30:06.900] [modloading-worker-0/DEBUG] [com.tterrag.registrate.AbstractRegistrate/REGISTRATE.REGISTER]: Captured registration for entry woven_burlap of type minecraft:item
[15May2026 02:30:06.900] [modloading-worker-0/DEBUG] [com.tterrag.registrate.AbstractRegistrate/REGISTRATE.REGISTER]: Captured registration for entry woven_burlap of type minecraft:block
[15May2026 02:30:06.900] [modloading-worker-0/DEBUG] [com.tterrag.registrate.AbstractRegistrate/REGISTRATE.REGISTER]: Captured registration for entry white_woven_burlap of type minecraft:item
[15May2026 02:30:06.902] [modloading-worker-0/DEBUG] [com.tterrag.registrate.AbstractRegistrate/REGISTRATE.REGISTER]: Captured registration for entry white_woven_burlap of type minecraft:block
[15May2026 02:30:06.903] [modloading-worker-0/DEBUG] [com.tterrag.registrate.AbstractRegistrate/REGISTRATE.REGISTER]: Captured registration for entry light_gray_woven_burlap of type minecraft:item
[15May2026 02:30:06.903] [modloading-worker-0/DEBUG] [com.tterrag.registrate.AbstractRegistrate/REGISTRATE.REGISTER]: Captured registration for entry light_gray_woven_burlap of type minecraft:block
[15May2026 02:30:06.903] [modloading-worker-0/DEBUG] [com.tterrag.registrate.AbstractRegistrate/REGISTRATE.REGISTER]: Captured registration for entry gray_woven_burlap of type minecraft:item
[15May2026 02:30:06.903] [modloading-worker-0/DEBUG] [com.tterrag.registrate.AbstractRegistrate/REGISTRATE.REGISTER]: Captured registration for entry gray_woven_burlap of type minecraft:block
[15May2026 02:30:06.903] [modloading-worker-0/DEBUG] [com.tterrag.registrate.AbstractRegistrate/REGISTRATE.REGISTER]: Captured registration for entry black_woven_burlap of type minecraft:item
[15May2026 02:30:06.903] [modloading-worker-0/DEBUG] [com.tterrag.registrate.AbstractRegistrate/REGISTRATE.REGISTER]: Captured registration for entry black_woven_burlap of type minecraft:block
[15May2026 02:30:06.903] [modloading-worker-0/DEBUG] [com.tterrag.registrate.AbstractRegistrate/REGISTRATE.REGISTER]: Captured registration for entry brown_woven_burlap of type minecraft:item
[15May2026 02:30:06.903] [modloading-worker-0/DEBUG] [com.tterrag.registrate.AbstractRegistrate/REGISTRATE.REGISTER]: Captured registration for entry brown_woven_burlap of type minecraft:block
[15May2026 02:30:06.904] [modloading-worker-0/DEBUG] [com.tterrag.registrate.AbstractRegistrate/REGISTRATE.REGISTER]: Captured registration for entry red_woven_burlap of type minecraft:item
[15May2026 02:30:06.904] [modloading-worker-0/DEBUG] [com.tterrag.registrate.AbstractRegistrate/REGISTRATE.REGISTER]: Captured registration for entry red_woven_burlap of type minecraft:block
[15May2026 02:30:06.904] [modloading-worker-0/DEBUG] [com.tterrag.registrate.AbstractRegistrate/REGISTRATE.REGISTER]: Captured registration for entry orange_woven_burlap of type minecraft:item
[15May2026 02:30:06.904] [modloading-worker-0/DEBUG] [com.tterrag.registrate.AbstractRegistrate/REGISTRATE.REGISTER]: Captured registration for entry orange_woven_burlap of type minecraft:block
[15May2026 02:30:06.904] [modloading-worker-0/DEBUG] [com.tterrag.registrate.AbstractRegistrate/REGISTRATE.REGISTER]: Captured registration for entry yellow_woven_burlap of type minecraft:item
[15May2026 02:30:06.904] [modloading-worker-0/DEBUG] [com.tterrag.registrate.AbstractRegistrate/REGISTRATE.REGISTER]: Captured registration for entry yellow_woven_burlap of type minecraft:block
[15May2026 02:30:06.904] [modloading-worker-0/DEBUG] [com.tterrag.registrate.AbstractRegistrate/REGISTRATE.REGISTER]: Captured registration for entry lime_woven_burlap of type minecraft:item
[15May2026 02:30:06.905] [modloading-worker-0/DEBUG] [com.tterrag.registrate.AbstractRegistrate/REGISTRATE.REGISTER]: Captured registration for entry lime_woven_burlap of type minecraft:block
[15May2026 02:30:06.905] [modloading-worker-0/DEBUG] [com.tterrag.registrate.AbstractRegistrate/REGISTRATE.REGISTER]: Captured registration for entry green_woven_burlap of type minecraft:item
[15May2026 02:30:06.905] [modloading-worker-0/DEBUG] [com.tterrag.registrate.AbstractRegistrate/REGISTRATE.REGISTER]: Captured registration for entry green_woven_burlap of type minecraft:block
[15May2026 02:30:06.905] [modloading-worker-0/DEBUG] [com.tterrag.registrate.AbstractRegistrate/REGISTRATE.REGISTER]: Captured registration for entry cyan_woven_burlap of type minecraft:item
[15May2026 02:30:06.906] [modloading-worker-0/DEBUG] [com.tterrag.registrate.AbstractRegistrate/REGISTRATE.REGISTER]: Captured registration for entry cyan_woven_burlap of type minecraft:block
[15May2026 02:30:06.907] [modloading-worker-0/DEBUG] [com.tterrag.registrate.AbstractRegistrate/REGISTRATE.REGISTER]: Captured registration for entry light_blue_woven_burlap of type minecraft:item
[15May2026 02:30:06.907] [modloading-worker-0/DEBUG] [com.tterrag.registrate.AbstractRegistrate/REGISTRATE.REGISTER]: Captured registration for entry light_blue_woven_burlap of type minecraft:block
[15May2026 02:30:06.907] [modloading-worker-0/DEBUG] [com.tterrag.registrate.AbstractRegistrate/REGISTRATE.REGISTER]: Captured registration for entry blue_woven_burlap of type minecraft:item
[15May2026 02:30:06.907] [modloading-worker-0/DEBUG] [com.tterrag.registrate.AbstractRegistrate/REGISTRATE.REGISTER]: Captured registration for entry blue_woven_burlap of type minecraft:block
[15May2026 02:30:06.907] [modloading-worker-0/DEBUG] [com.tterrag.registrate.AbstractRegistrate/REGISTRATE.REGISTER]: Captured registration for entry purple_woven_burlap of type minecraft:item
[15May2026 02:30:06.907] [modloading-worker-0/DEBUG] [com.tterrag.registrate.AbstractRegistrate/REGISTRATE.REGISTER]: Captured registration for entry purple_woven_burlap of type minecraft:block
[15May2026 02:30:06.907] [modloading-worker-0/DEBUG] [com.tterrag.registrate.AbstractRegistrate/REGISTRATE.REGISTER]: Captured registration for entry magenta_woven_burlap of type minecraft:item
[15May2026 02:30:06.907] [modloading-worker-0/DEBUG] [com.tterrag.registrate.AbstractRegistrate/REGISTRATE.REGISTER]: Captured registration for entry magenta_woven_burlap of type minecraft:block
[15May2026 02:30:06.908] [modloading-worker-0/DEBUG] [com.tterrag.registrate.AbstractRegistrate/REGISTRATE.REGISTER]: Captured registration for entry pink_woven_burlap of type minecraft:item
[15May2026 02:30:06.908] [modloading-worker-0/DEBUG] [com.tterrag.registrate.AbstractRegistrate/REGISTRATE.REGISTER]: Captured registration for entry pink_woven_burlap of type minecraft:block
[15May2026 02:30:06.911] [modloading-worker-0/DEBUG] [net.minecraftforge.fml.javafmlmod.AutomaticEventSubscriber/LOADING]: Attempting to inject @EventBusSubscriber classes into the eventbus for bosses_of_mass_destruction
[15May2026 02:30:06.912] [modloading-worker-0/DEBUG] [net.minecraftforge.fml.javafmlmod.AutomaticEventSubscriber/LOADING]: Auto-subscribing com.cerbon.bosses_of_mass_destruction.event.ForgeEvents to FORGE
[15May2026 02:30:06.919] [modloading-worker-0/DEBUG] [net.minecraftforge.fml.javafmlmod.AutomaticEventSubscriber/LOADING]: Auto-subscribing com.cerbon.bosses_of_mass_destruction.event.BMDEvents$CommonEvents to MOD
[15May2026 02:30:06.933] [modloading-worker-0/DEBUG] [com.tterrag.registrate.AbstractRegistrate/REGISTRATE.REGISTER]: Captured registration for entry reefer of type minecraft:entity_type
[15May2026 02:30:06.931] [modloading-worker-0/INFO] [coroutil/]: forge loader environment detected
[15May2026 02:30:06.936] [modloading-worker-0/DEBUG] [com.tterrag.registrate.AbstractRegistrate/REGISTRATE.REGISTER]: Captured registration for entry thc of type minecraft:entity_type
[15May2026 02:30:06.939] [modloading-worker-0/DEBUG] [com.tterrag.registrate.AbstractRegistrate/REGISTRATE.REGISTER]: Captured registration for entry thc_minecart of type minecraft:entity_type
[15May2026 02:30:06.940] [modloading-worker-0/DEBUG] [net.minecraftforge.fml.javafmlmod.AutomaticEventSubscriber/LOADING]: Attempting to inject @EventBusSubscriber classes into the eventbus for tacz
[15May2026 02:30:06.941] [modloading-worker-0/DEBUG] [net.minecraftforge.fml.javafmlmod.AutomaticEventSubscriber/LOADING]: Auto-subscribing com.tacz.guns.resource.CommonAssetsManager to FORGE
[15May2026 02:30:06.943] [modloading-worker-0/DEBUG] [com.tterrag.registrate.AbstractRegistrate/REGISTRATE.REGISTER]: Captured registration for entry hemp of type minecraft:item
[15May2026 02:30:06.944] [modloading-worker-0/DEBUG] [net.minecraftforge.fml.config.ConfigTracker/CONFIG]: Config file watut-common.toml for watut tracking
[15May2026 02:30:06.950] [modloading-worker-0/DEBUG] [net.minecraftforge.fml.config.ConfigTracker/CONFIG]: Config file watut-server.toml for watut tracking
[15May2026 02:30:06.951] [modloading-worker-0/DEBUG] [com.tterrag.registrate.AbstractRegistrate/REGISTRATE.REGISTER]: Captured registration for entry hemp_seeds of type minecraft:item
[15May2026 02:30:06.951] [modloading-worker-0/DEBUG] [com.tterrag.registrate.AbstractRegistrate/REGISTRATE.REGISTER]: Captured registration for entry weed of type minecraft:item
[15May2026 02:30:06.952] [modloading-worker-0/DEBUG] [com.tterrag.registrate.AbstractRegistrate/REGISTRATE.REGISTER]: Captured registration for entry weed_brownie of type minecraft:item
[15May2026 02:30:06.954] [modloading-worker-0/DEBUG] [net.minecraftforge.fml.config.ConfigTracker/CONFIG]: Config file watut-client.toml for watut tracking
[15May2026 02:30:06.955] [modloading-worker-0/DEBUG] [com.tterrag.registrate.AbstractRegistrate/REGISTRATE.REGISTER]: Captured registration for entry bong of type minecraft:item
[15May2026 02:30:06.959] [modloading-worker-0/DEBUG] [com.tterrag.registrate.AbstractRegistrate/REGISTRATE.REGISTER]: Captured registration for entry potion_bong of type minecraft:item
[15May2026 02:30:06.959] [modloading-worker-0/DEBUG] [net.minecraftforge.fml.javafmlmod.AutomaticEventSubscriber/LOADING]: Auto-subscribing com.tacz.guns.init.ModRecipe to MOD
[15May2026 02:30:06.962] [modloading-worker-0/DEBUG] [net.minecraftforge.fml.javafmlmod.AutomaticEventSubscriber/LOADING]: Auto-subscribing com.tacz.guns.init.ModItems to MOD
[15May2026 02:30:06.962] [modloading-worker-0/DEBUG] [net.minecraftforge.fml.javafmlmod.AutomaticEventSubscriber/LOADING]: Auto-subscribing com.tacz.guns.init.CompatRegistry to MOD
[15May2026 02:30:06.963] [modloading-worker-0/DEBUG] [net.minecraftforge.fml.javafmlmod.AutomaticEventSubscriber/LOADING]: Auto-subscribing com.tacz.guns.init.CommonRegistry to MOD
[15May2026 02:30:06.965] [modloading-worker-0/DEBUG] [com.tterrag.registrate.AbstractRegistrate/REGISTRATE.REGISTER]: Captured registration for entry joint of type minecraft:item
[15May2026 02:30:06.967] [modloading-worker-0/DEBUG] [com.tterrag.registrate.AbstractRegistrate/REGISTRATE.REGISTER]: Captured registration for entry herbal_salve of type minecraft:item
[15May2026 02:30:06.971] [modloading-worker-0/DEBUG] [com.tterrag.registrate.AbstractRegistrate/REGISTRATE.REGISTER]: Captured registration for entry music_disc_jam of type minecraft:item
[15May2026 02:30:06.974] [modloading-worker-0/DEBUG] [com.tterrag.registrate.AbstractRegistrate/REGISTRATE.REGISTER]: Captured registration for entry old_pipe of type minecraft:item
[15May2026 02:30:06.970] [modloading-worker-0/DEBUG] [net.minecraftforge.fml.javafmlmod.AutomaticEventSubscriber/LOADING]: Auto-subscribing com.tacz.guns.init.CommandRegistry to FORGE
[15May2026 02:30:06.976] [modloading-worker-0/DEBUG] [net.minecraftforge.fml.javafmlmod.AutomaticEventSubscriber/LOADING]: Auto-subscribing com.tacz.guns.init.CapabilityRegistry to MOD
[15May2026 02:30:06.977] [modloading-worker-0/DEBUG] [net.minecraftforge.fml.javafmlmod.AutomaticEventSubscriber/LOADING]: Auto-subscribing com.tacz.guns.event.TravelToDimensionEvent to FORGE
[15May2026 02:30:06.978] [modloading-worker-0/DEBUG] [net.minecraftforge.fml.javafmlmod.AutomaticEventSubscriber/LOADING]: Auto-subscribing com.tacz.guns.event.SyncedEntityDataEvent to FORGE
[15May2026 02:30:06.981] [modloading-worker-0/DEBUG] [net.minecraftforge.fml.javafmlmod.AutomaticEventSubscriber/LOADING]: Auto-subscribing com.tacz.guns.event.SyncBaseTimestamp to FORGE
[15May2026 02:30:06.978] [modloading-worker-0/DEBUG] [com.tterrag.registrate.AbstractRegistrate/REGISTRATE.REGISTER]: Captured registration for entry stuffed_pipe of type minecraft:item
[15May2026 02:30:06.985] [modloading-worker-0/DEBUG] [com.tterrag.registrate.AbstractRegistrate/REGISTRATE.REGISTER]: Captured registration for entry suspicious_pipe of type minecraft:item
[15May2026 02:30:06.986] [modloading-worker-0/DEBUG] [net.minecraftforge.fml.javafmlmod.AutomaticEventSubscriber/LOADING]: Auto-subscribing com.tacz.guns.event.ServerTickEvent to FORGE
[15May2026 02:30:06.991] [modloading-worker-0/DEBUG] [net.minecraftforge.fml.javafmlmod.AutomaticEventSubscriber/LOADING]: Auto-subscribing com.tacz.guns.event.PreventGunClick to FORGE
[15May2026 02:30:06.991] [modloading-worker-0/DEBUG] [com.tterrag.registrate.AbstractRegistrate/REGISTRATE.REGISTER]: Captured registration for entry reefer_spawn_egg of type minecraft:item
[15May2026 02:30:06.993] [modloading-worker-0/DEBUG] [com.tterrag.registrate.AbstractRegistrate/REGISTRATE.REGISTER]: Captured registration for entry thc_minecart of type minecraft:item
[15May2026 02:30:06.994] [modloading-worker-0/DEBUG] [com.tterrag.registrate.AbstractRegistrate/REGISTRATE.REGISTER]: Captured registration for entry peace_banner_pattern of type minecraft:item
[15May2026 02:30:06.993] [modloading-worker-0/DEBUG] [net.minecraftforge.fml.javafmlmod.AutomaticEventSubscriber/LOADING]: Auto-subscribing com.tacz.guns.event.PlayerRespawnEvent to FORGE
[15May2026 02:30:06.995] [modloading-worker-0/DEBUG] [net.minecraftforge.fml.javafmlmod.AutomaticEventSubscriber/LOADING]: Auto-subscribing com.tacz.guns.event.LoadingConfigEvent to MOD
[15May2026 02:30:06.998] [modloading-worker-0/DEBUG] [net.minecraftforge.fml.javafmlmod.AutomaticEventSubscriber/LOADING]: Auto-subscribing com.tacz.guns.event.KnockbackChange to FORGE
[15May2026 02:30:06.998] [modloading-worker-0/DEBUG] [com.tterrag.registrate.AbstractRegistrate/REGISTRATE.REGISTER]: Captured registration for entry hemp_cloth of type minecraft:item
[15May2026 02:30:06.999] [modloading-worker-0/DEBUG] [com.tterrag.registrate.AbstractRegistrate/REGISTRATE.REGISTER]: Captured registration for entry deerstalker of type minecraft:item
[15May2026 02:30:07.001] [modloading-worker-0/DEBUG] [com.tterrag.registrate.AbstractRegistrate/REGISTRATE.REGISTER]: Captured registration for entry reefer_head of type minecraft:item
[15May2026 02:30:07.002] [modloading-worker-0/DEBUG] [net.minecraftforge.fml.javafmlmod.AutomaticEventSubscriber/LOADING]: Attempting to inject @EventBusSubscriber classes into the eventbus for watut
[15May2026 02:30:07.002] [modloading-worker-0/DEBUG] [net.minecraftforge.fml.javafmlmod.AutomaticEventSubscriber/LOADING]: Auto-subscribing com.corosus.watut.loader.forge.EventHandlerForge to MOD
[15May2026 02:30:07.002] [modloading-worker-0/DEBUG] [net.minecraftforge.fml.javafmlmod.AutomaticEventSubscriber/LOADING]: Auto-subscribing com.tacz.guns.event.HitboxHelperEvent to FORGE
[15May2026 02:30:07.003] [modloading-worker-0/DEBUG] [net.minecraftforge.fml.javafmlmod.AutomaticEventSubscriber/LOADING]: Auto-subscribing com.tacz.guns.event.EntityDamageEvent to FORGE
[15May2026 02:30:07.004] [modloading-worker-0/DEBUG] [com.tterrag.registrate.AbstractRegistrate/REGISTRATE.REGISTER]: Captured registration for entry suspicious_crafting of type minecraft:recipe_serializer
[15May2026 02:30:07.004] [modloading-worker-0/DEBUG] [net.minecraftforge.fml.javafmlmod.AutomaticEventSubscriber/LOADING]: Attempting to inject @EventBusSubscriber classes into the eventbus for puzzlesaccessapi
[15May2026 02:30:07.005] [modloading-worker-0/DEBUG] [net.minecraftforge.fml.javafmlmod.AutomaticEventSubscriber/LOADING]: Auto-subscribing com.tacz.guns.event.CommonLoadPack to MOD
[15May2026 02:30:07.008] [modloading-worker-0/DEBUG] [net.minecraftforge.fml.javafmlmod.AutomaticEventSubscriber/LOADING]: Auto-subscribing com.tacz.guns.event.ammo.DestroyGlassBlock to FORGE
[15May2026 02:30:07.007] [modloading-worker-0/DEBUG] [com.tterrag.registrate.AbstractRegistrate/REGISTRATE.REGISTER]: Captured registration for entry this_is_not_a_horn of type minecraft:painting_variant
[15May2026 02:30:07.015] [modloading-worker-0/DEBUG] [com.tterrag.registrate.AbstractRegistrate/REGISTRATE.REGISTER]: Captured registration for entry smoke_ring of type minecraft:particle_type
[15May2026 02:30:07.016] [modloading-worker-0/DEBUG] [com.tterrag.registrate.AbstractRegistrate/REGISTRATE.REGISTER]: Captured registration for entry herbal_salve of type minecraft:particle_type
[15May2026 02:30:07.016] [modloading-worker-0/DEBUG] [com.tterrag.registrate.AbstractRegistrate/REGISTRATE.REGISTER]: Captured registration for entry thc_smoke of type minecraft:particle_type
[15May2026 02:30:07.017] [modloading-worker-0/DEBUG] [com.tterrag.registrate.AbstractRegistrate/REGISTRATE.REGISTER]: Captured registration for entry peace of type minecraft:banner_pattern
[15May2026 02:30:07.017] [modloading-worker-0/DEBUG] [net.minecraftforge.fml.javafmlmod.AutomaticEventSubscriber/LOADING]: Auto-subscribing com.tacz.guns.event.ammo.BellRing to FORGE
[15May2026 02:30:07.019] [modloading-worker-0/DEBUG] [net.minecraftforge.fml.javafmlmod.AutomaticEventSubscriber/LOADING]: Auto-subscribing com.tacz.guns.client.event.TooltipEvent to FORGE
[15May2026 02:30:07.018] [modloading-worker-0/DEBUG] [com.tterrag.registrate.AbstractRegistrate/REGISTRATE.REGISTER]: Captured registration for entry replace_item of type forge:global_loot_modifier_serializers
[15May2026 02:30:07.020] [modloading-worker-0/DEBUG] [com.tterrag.registrate.AbstractRegistrate/REGISTRATE.REGISTER]: Captured registration for entry add_item of type forge:global_loot_modifier_serializers
[15May2026 02:30:07.020] [modloading-worker-0/DEBUG] [net.minecraftforge.fml.javafmlmod.AutomaticEventSubscriber/LOADING]: Attempting to inject @EventBusSubscriber classes into the eventbus for nirvana
[15May2026 02:30:07.021] [modloading-worker-0/DEBUG] [net.minecraftforge.fml.javafmlmod.AutomaticEventSubscriber/LOADING]: Attempting to inject @EventBusSubscriber classes into the eventbus for dungeons_arise
[15May2026 02:30:07.022] [modloading-worker-0/DEBUG] [net.minecraftforge.versions.forge.ForgeVersion/CORE]: Forge Version package package net.minecraftforge.versions.forge, Forge, version 47.3 from cpw.mods.modlauncher.TransformingClassLoader@3554bdc0
[15May2026 02:30:07.022] [modloading-worker-0/DEBUG] [net.minecraftforge.versions.forge.ForgeVersion/CORE]: Found Forge version 47.3.7
[15May2026 02:30:07.022] [modloading-worker-0/DEBUG] [net.minecraftforge.versions.forge.ForgeVersion/CORE]: Found Forge spec 47.3
[15May2026 02:30:07.023] [modloading-worker-0/DEBUG] [net.minecraftforge.versions.forge.ForgeVersion/CORE]: Found Forge group net.minecraftforge
[15May2026 02:30:07.023] [modloading-worker-0/DEBUG] [net.minecraftforge.versions.mcp.MCPVersion/CORE]: MCP Version package package net.minecraftforge.versions.mcp, Minecraft, version 1.20.1 from cpw.mods.modlauncher.TransformingClassLoader@3554bdc0
[15May2026 02:30:07.023] [modloading-worker-0/DEBUG] [net.minecraftforge.versions.mcp.MCPVersion/CORE]: Found MC version information 1.20.1
[15May2026 02:30:07.023] [modloading-worker-0/DEBUG] [net.minecraftforge.versions.mcp.MCPVersion/CORE]: Found MCP version information 20230612.114412
[15May2026 02:30:07.023] [modloading-worker-0/INFO] [net.minecraftforge.common.ForgeMod/FORGEMOD]: Forge mod loading, version 47.3.7, for MC 1.20.1 with MCP 20230612.114412
[15May2026 02:30:07.023] [modloading-worker-0/INFO] [net.minecraftforge.common.MinecraftForge/FORGE]: MinecraftForge v47.3.7 Initialized
[15May2026 02:30:07.030] [modloading-worker-0/DEBUG] [travelerstitles/]: Loaded com.yungnickyoung.minecraft.travelerstitles.services.ForgePlatformHelper@6a5ef2c4 for service interface com.yungnickyoung.minecraft.travelerstitles.services.IPlatformHelper
[15May2026 02:30:07.037] [modloading-worker-0/DEBUG] [travelerstitles/]: Loaded com.yungnickyoung.minecraft.travelerstitles.services.ForgeModulesLoader@1cd7edfd for service interface com.yungnickyoung.minecraft.travelerstitles.services.IModulesLoader
[15May2026 02:30:07.037] [modloading-worker-0/DEBUG] [travelerstitles/]: Loaded com.yungnickyoung.minecraft.travelerstitles.services.ForgeConfigReloader@3f331126 for service interface com.yungnickyoung.minecraft.travelerstitles.services.IConfigReloader
[15May2026 02:30:07.039] [modloading-worker-0/DEBUG] [travelerstitles/]: Loaded com.yungnickyoung.minecraft.travelerstitles.services.ForgeWaystonesCompatHelper@4fb7d for service interface com.yungnickyoung.minecraft.travelerstitles.services.IWaystonesCompatHelper
[15May2026 02:30:07.039] [modloading-worker-0/DEBUG] [net.minecraftforge.fml.javafmlmod.AutomaticEventSubscriber/LOADING]: Attempting to inject @EventBusSubscriber classes into the eventbus for travelerstitles
[15May2026 02:30:07.045] [modloading-worker-0/DEBUG] [net.minecraftforge.fml.config.ConfigTracker/CONFIG]: Config file opposing_force-common.toml for opposing_force tracking
[15May2026 02:30:07.073] [modloading-worker-0/DEBUG] [io.netty.util.internal.PlatformDependent0/]: -Dio.netty.noUnsafe: false
[15May2026 02:30:07.073] [modloading-worker-0/DEBUG] [io.netty.util.internal.PlatformDependent0/]: Java version: 17
[15May2026 02:30:07.074] [modloading-worker-0/DEBUG] [io.netty.util.internal.PlatformDependent0/]: sun.misc.Unsafe.theUnsafe: available
[15May2026 02:30:07.075] [modloading-worker-0/DEBUG] [io.netty.util.internal.PlatformDependent0/]: sun.misc.Unsafe.copyMemory: available
[15May2026 02:30:07.077] [modloading-worker-0/DEBUG] [io.netty.util.internal.PlatformDependent0/]: sun.misc.Unsafe.storeFence: available
[15May2026 02:30:07.077] [modloading-worker-0/DEBUG] [io.netty.util.internal.PlatformDependent0/]: java.nio.Buffer.address: available
[15May2026 02:30:07.078] [modloading-worker-0/DEBUG] [io.netty.util.internal.PlatformDependent0/]: direct buffer constructor: unavailable
java.lang.UnsupportedOperationException: Reflective setAccessible(true) disabled
	at io.netty.util.internal.ReflectionUtil.trySetAccessible(ReflectionUtil.java:31) ~[netty-common-4.1.82.Final.jar%2382!/:4.1.82.Final]
	at io.netty.util.internal.PlatformDependent0$5.run(PlatformDependent0.java:288) ~[netty-common-4.1.82.Final.jar%2382!/:4.1.82.Final]
	at java.security.AccessController.doPrivileged(AccessController.java:318) ~[?:?]
	at io.netty.util.internal.PlatformDependent0.<clinit>(PlatformDependent0.java:282) ~[netty-common-4.1.82.Final.jar%2382!/:4.1.82.Final]
	at io.netty.util.internal.PlatformDependent.isAndroid(PlatformDependent.java:333) ~[netty-common-4.1.82.Final.jar%2382!/:4.1.82.Final]
	at io.netty.util.internal.PlatformDependent.<clinit>(PlatformDependent.java:88) ~[netty-common-4.1.82.Final.jar%2382!/:4.1.82.Final]
	at io.netty.util.ConstantPool.<init>(ConstantPool.java:34) ~[netty-common-4.1.82.Final.jar%2382!/:4.1.82.Final]
	at io.netty.util.AttributeKey$1.<init>(AttributeKey.java:27) ~[netty-common-4.1.82.Final.jar%2382!/:4.1.82.Final]
	at io.netty.util.AttributeKey.<clinit>(AttributeKey.java:27) ~[netty-common-4.1.82.Final.jar%2382!/:4.1.82.Final]
	at net.minecraftforge.network.NetworkConstants.<clinit>(NetworkConstants.java:34) ~[forge-1.20.1-47.3.7-universal.jar%23240!/:?]
	at net.minecraftforge.common.ForgeMod.<init>(ForgeMod.java:429) ~[forge-1.20.1-47.3.7-universal.jar%23240!/:?]
	at jdk.internal.reflect.NativeConstructorAccessorImpl.newInstance0(Native Method) ~[?:?]
	at jdk.internal.reflect.NativeConstructorAccessorImpl.newInstance(NativeConstructorAccessorImpl.java:77) ~[?:?]
	at jdk.internal.reflect.DelegatingConstructorAccessorImpl.newInstance(DelegatingConstructorAccessorImpl.java:45) ~[?:?]
	at java.lang.reflect.Constructor.newInstanceWithCaller(Constructor.java:500) ~[?:?]
	at java.lang.reflect.Constructor.newInstance(Constructor.java:481) ~[?:?]
	at net.minecraftforge.fml.javafmlmod.FMLModContainer.constructMod(FMLModContainer.java:70) ~[javafmllanguage-1.20.1-47.3.7.jar%23237!/:?]
	at net.minecraftforge.fml.ModContainer.lambda$buildTransitionHandler$4(ModContainer.java:124) ~[fmlcore-1.20.1-47.3.7.jar%23236!/:?]
	at java.util.concurrent.CompletableFuture$AsyncRun.run(CompletableFuture.java:1804) ~[?:?]
	at java.util.concurrent.CompletableFuture$AsyncRun.exec(CompletableFuture.java:1796) ~[?:?]
	at java.util.concurrent.ForkJoinTask.doExec(ForkJoinTask.java:373) ~[?:?]
	at java.util.concurrent.ForkJoinPool$WorkQueue.topLevelExec(ForkJoinPool.java:1182) ~[?:?]
	at java.util.concurrent.ForkJoinPool.scan(ForkJoinPool.java:1655) ~[?:?]
	at java.util.concurrent.ForkJoinPool.runWorker(ForkJoinPool.java:1622) ~[?:?]
	at java.util.concurrent.ForkJoinWorkerThread.run(ForkJoinWorkerThread.java:165) ~[?:?]
[15May2026 02:30:07.079] [modloading-worker-0/DEBUG] [io.netty.util.internal.PlatformDependent0/]: java.nio.Bits.unaligned: available, true
[15May2026 02:30:07.083] [modloading-worker-0/DEBUG] [io.netty.util.internal.PlatformDependent0/]: jdk.internal.misc.Unsafe.allocateUninitializedArray(int): unavailable
java.lang.IllegalAccessException: class io.netty.util.internal.PlatformDependent0$7 (in module io.netty.common) cannot access class jdk.internal.misc.Unsafe (in module java.base) because module java.base does not export jdk.internal.misc to module io.netty.common
	at jdk.internal.reflect.Reflection.newIllegalAccessException(Reflection.java:392) ~[?:?]
	at java.lang.reflect.AccessibleObject.checkAccess(AccessibleObject.java:674) ~[?:?]
	at java.lang.reflect.Method.invoke(Method.java:561) ~[?:?]
	at io.netty.util.internal.PlatformDependent0$7.run(PlatformDependent0.java:410) ~[netty-common-4.1.82.Final.jar%2382!/:4.1.82.Final]
	at java.security.AccessController.doPrivileged(AccessController.java:318) ~[?:?]
	at io.netty.util.internal.PlatformDependent0.<clinit>(PlatformDependent0.java:401) ~[netty-common-4.1.82.Final.jar%2382!/:4.1.82.Final]
	at io.netty.util.internal.PlatformDependent.isAndroid(PlatformDependent.java:333) ~[netty-common-4.1.82.Final.jar%2382!/:4.1.82.Final]
	at io.netty.util.internal.PlatformDependent.<clinit>(PlatformDependent.java:88) ~[netty-common-4.1.82.Final.jar%2382!/:4.1.82.Final]
	at io.netty.util.ConstantPool.<init>(ConstantPool.java:34) ~[netty-common-4.1.82.Final.jar%2382!/:4.1.82.Final]
	at io.netty.util.AttributeKey$1.<init>(AttributeKey.java:27) ~[netty-common-4.1.82.Final.jar%2382!/:4.1.82.Final]
	at io.netty.util.AttributeKey.<clinit>(AttributeKey.java:27) ~[netty-common-4.1.82.Final.jar%2382!/:4.1.82.Final]
	at net.minecraftforge.network.NetworkConstants.<clinit>(NetworkConstants.java:34) ~[forge-1.20.1-47.3.7-universal.jar%23240!/:?]
	at net.minecraftforge.common.ForgeMod.<init>(ForgeMod.java:429) ~[forge-1.20.1-47.3.7-universal.jar%23240!/:?]
	at jdk.internal.reflect.NativeConstructorAccessorImpl.newInstance0(Native Method) ~[?:?]
	at jdk.internal.reflect.NativeConstructorAccessorImpl.newInstance(NativeConstructorAccessorImpl.java:77) ~[?:?]
	at jdk.internal.reflect.DelegatingConstructorAccessorImpl.newInstance(DelegatingConstructorAccessorImpl.java:45) ~[?:?]
	at java.lang.reflect.Constructor.newInstanceWithCaller(Constructor.java:500) ~[?:?]
	at java.lang.reflect.Constructor.newInstance(Constructor.java:481) ~[?:?]
	at net.minecraftforge.fml.javafmlmod.FMLModContainer.constructMod(FMLModContainer.java:70) ~[javafmllanguage-1.20.1-47.3.7.jar%23237!/:?]
	at net.minecraftforge.fml.ModContainer.lambda$buildTransitionHandler$4(ModContainer.java:124) ~[fmlcore-1.20.1-47.3.7.jar%23236!/:?]
	at java.util.concurrent.CompletableFuture$AsyncRun.run(CompletableFuture.java:1804) ~[?:?]
	at java.util.concurrent.CompletableFuture$AsyncRun.exec(CompletableFuture.java:1796) ~[?:?]
	at java.util.concurrent.ForkJoinTask.doExec(ForkJoinTask.java:373) ~[?:?]
	at java.util.concurrent.ForkJoinPool$WorkQueue.topLevelExec(ForkJoinPool.java:1182) ~[?:?]
	at java.util.concurrent.ForkJoinPool.scan(ForkJoinPool.java:1655) ~[?:?]
	at java.util.concurrent.ForkJoinPool.runWorker(ForkJoinPool.java:1622) ~[?:?]
	at java.util.concurrent.ForkJoinWorkerThread.run(ForkJoinWorkerThread.java:165) ~[?:?]
[15May2026 02:30:07.087] [modloading-worker-0/DEBUG] [io.netty.util.internal.PlatformDependent0/]: java.nio.DirectByteBuffer.<init>(long, int): unavailable
[15May2026 02:30:07.087] [modloading-worker-0/DEBUG] [io.netty.util.internal.PlatformDependent/]: sun.misc.Unsafe: available
[15May2026 02:30:07.087] [modloading-worker-0/DEBUG] [io.netty.util.internal.PlatformDependent/]: maxDirectMemory: 12884901888 bytes (maybe)
[15May2026 02:30:07.088] [modloading-worker-0/DEBUG] [io.netty.util.internal.PlatformDependent/]: -Dio.netty.tmpdir: /tmp (java.io.tmpdir)
[15May2026 02:30:07.088] [modloading-worker-0/DEBUG] [io.netty.util.internal.PlatformDependent/]: -Dio.netty.bitMode: 64 (sun.arch.data.model)
[15May2026 02:30:07.088] [modloading-worker-0/DEBUG] [io.netty.util.internal.PlatformDependent/]: -Dio.netty.maxDirectMemory: -1 bytes
[15May2026 02:30:07.088] [modloading-worker-0/DEBUG] [io.netty.util.internal.PlatformDependent/]: -Dio.netty.uninitializedArrayAllocationThreshold: -1
[15May2026 02:30:07.091] [modloading-worker-0/DEBUG] [io.netty.util.internal.CleanerJava9/]: java.nio.ByteBuffer.cleaner(): available
[15May2026 02:30:07.091] [modloading-worker-0/DEBUG] [io.netty.util.internal.PlatformDependent/]: -Dio.netty.noPreferDirect: false
[15May2026 02:30:07.094] [modloading-worker-0/DEBUG] [net.minecraftforge.fml.javafmlmod.AutomaticEventSubscriber/LOADING]: Attempting to inject @EventBusSubscriber classes into the eventbus for framework
[15May2026 02:30:07.095] [modloading-worker-0/DEBUG] [net.minecraftforge.fml.javafmlmod.AutomaticEventSubscriber/LOADING]: Auto-subscribing com.mrcrayfish.framework.entity.sync.ForgeSyncedEntityDataHandler to FORGE
[15May2026 02:30:07.135] [modloading-worker-0/DEBUG] [net.minecraftforge.common.ForgeMod/FORGEMOD]: Loading Network data for FML net version: FML3
[15May2026 02:30:07.149] [modloading-worker-0/DEBUG] [net.minecraftforge.fml.config.ConfigTracker/CONFIG]: Config file forge-client.toml for forge tracking
[15May2026 02:30:07.152] [modloading-worker-0/DEBUG] [net.minecraftforge.fml.config.ConfigTracker/CONFIG]: Config file forge-server.toml for forge tracking
[15May2026 02:30:07.153] [modloading-worker-0/DEBUG] [net.minecraftforge.fml.ModLoadingContext/]: Attempted to register an empty config for type COMMON on mod forge
[15May2026 02:30:07.162] [modloading-worker-0/DEBUG] [net.minecraftforge.fml.javafmlmod.AutomaticEventSubscriber/LOADING]: Attempting to inject @EventBusSubscriber classes into the eventbus for doppelganger2
[15May2026 02:30:07.162] [modloading-worker-0/DEBUG] [net.minecraftforge.fml.javafmlmod.AutomaticEventSubscriber/LOADING]: Auto-subscribing doppelganger_ii.procedures.TPagressiveProcedure to FORGE
[15May2026 02:30:07.163] [modloading-worker-0/DEBUG] [net.minecraftforge.fml.javafmlmod.AutomaticEventSubscriber/LOADING]: Auto-subscribing doppelganger_ii.procedures.TCagressiveProcedure to FORGE
[15May2026 02:30:07.163] [modloading-worker-0/DEBUG] [net.minecraftforge.fml.javafmlmod.AutomaticEventSubscriber/LOADING]: Auto-subscribing doppelganger_ii.procedures.SpawnBeeProcedure to FORGE
[15May2026 02:30:07.164] [modloading-worker-0/DEBUG] [net.minecraftforge.fml.javafmlmod.AutomaticEventSubscriber/LOADING]: Auto-subscribing doppelganger_ii.procedures.DoppelgangerEffectProcedure to FORGE
[15May2026 02:30:07.168] [modloading-worker-0/DEBUG] [net.minecraftforge.fml.javafmlmod.AutomaticEventSubscriber/LOADING]: Auto-subscribing doppelganger_ii.procedures.DoppelgangerAttackSoundProcedure to FORGE
[15May2026 02:30:07.169] [modloading-worker-0/DEBUG] [net.minecraftforge.fml.javafmlmod.AutomaticEventSubscriber/LOADING]: Auto-subscribing doppelganger_ii.procedures.DoppelJumpProcedure to FORGE
[15May2026 02:30:07.170] [modloading-worker-0/DEBUG] [net.minecraftforge.fml.javafmlmod.AutomaticEventSubscriber/LOADING]: Auto-subscribing doppelganger_ii.procedures.DisguisedselectProcedure to FORGE
[15May2026 02:30:07.170] [modloading-worker-0/DEBUG] [net.minecraftforge.fml.javafmlmod.AutomaticEventSubscriber/LOADING]: Attempting to inject @EventBusSubscriber classes into the eventbus for forge
[15May2026 02:30:07.172] [modloading-worker-0/DEBUG] [net.minecraftforge.fml.javafmlmod.AutomaticEventSubscriber/LOADING]: Auto-subscribing net.minecraftforge.common.ForgeSpawnEggItem$CommonHandler to MOD
[15May2026 02:30:07.173] [modloading-worker-0/DEBUG] [net.minecraftforge.fml.javafmlmod.AutomaticEventSubscriber/LOADING]: Auto-subscribing doppelganger_ii.procedures.BreaktouchProcedure to FORGE
[15May2026 02:30:07.174] [modloading-worker-0/DEBUG] [net.minecraftforge.fml.javafmlmod.AutomaticEventSubscriber/LOADING]: Auto-subscribing doppelganger_ii.network.Sgui1ButtonMessage to MOD
[15May2026 02:30:07.175] [modloading-worker-0/DEBUG] [net.minecraftforge.fml.javafmlmod.AutomaticEventSubscriber/LOADING]: Auto-subscribing doppelganger_ii.init.EntityAnimationFactory to FORGE
[15May2026 02:30:07.180] [modloading-worker-0/DEBUG] [net.minecraftforge.fml.javafmlmod.AutomaticEventSubscriber/LOADING]: Auto-subscribing doppelganger_ii.init.Doppelganger2ModEntities to MOD
[15May2026 02:30:07.192] [modloading-worker-0/DEBUG] [net.minecraftforge.fml.javafmlmod.AutomaticEventSubscriber/LOADING]: Attempting to inject @EventBusSubscriber classes into the eventbus for terrablender
[15May2026 02:30:07.193] [modloading-worker-0/DEBUG] [net.minecraftforge.fml.javafmlmod.AutomaticEventSubscriber/LOADING]: Auto-subscribing terrablender.handler.InitializationHandler to FORGE
[15May2026 02:30:07.199] [modloading-worker-0/DEBUG] [net.minecraftforge.fml.javafmlmod.AutomaticEventSubscriber/LOADING]: Attempting to inject @EventBusSubscriber classes into the eventbus for radiantgear
[15May2026 02:30:07.210] [modloading-worker-0/DEBUG] [net.minecraftforge.fml.javafmlmod.AutomaticEventSubscriber/LOADING]: Attempting to inject @EventBusSubscriber classes into the eventbus for jade
[15May2026 02:30:07.210] [modloading-worker-0/INFO] [KnightLib/]: The following content usage has been enabled: ALL
[15May2026 02:30:07.245] [modloading-worker-0/DEBUG] [net.minecraftforge.fml.javafmlmod.AutomaticEventSubscriber/LOADING]: Attempting to inject @EventBusSubscriber classes into the eventbus for opposing_force
[15May2026 02:30:07.246] [modloading-worker-0/DEBUG] [net.minecraftforge.fml.javafmlmod.AutomaticEventSubscriber/LOADING]: Auto-subscribing com.unusualmodding.opposing_force.utils.CommonProxy to MOD
[15May2026 02:30:07.246] [modloading-worker-0/DEBUG] [net.minecraftforge.fml.javafmlmod.AutomaticEventSubscriber/LOADING]: Auto-subscribing com.unusualmodding.opposing_force.registry.OPEntities to MOD
[15May2026 02:30:07.246] [modloading-worker-0/DEBUG] [net.minecraftforge.fml.javafmlmod.AutomaticEventSubscriber/LOADING]: Auto-subscribing com.unusualmodding.opposing_force.registry.OPEnchantments to MOD
[15May2026 02:30:07.246] [modloading-worker-0/DEBUG] [net.minecraftforge.fml.javafmlmod.AutomaticEventSubscriber/LOADING]: Auto-subscribing com.unusualmodding.opposing_force.registry.OPCriterion to FORGE
[15May2026 02:30:07.248] [modloading-worker-0/DEBUG] [net.minecraftforge.fml.javafmlmod.AutomaticEventSubscriber/LOADING]: Auto-subscribing com.unusualmodding.opposing_force.registry.OPBlockEntityTypes to MOD
[15May2026 02:30:07.248] [modloading-worker-0/DEBUG] [net.minecraftforge.fml.javafmlmod.AutomaticEventSubscriber/LOADING]: Auto-subscribing com.unusualmodding.opposing_force.events.ModEvents to MOD
[15May2026 02:30:07.249] [modloading-worker-0/DEBUG] [net.minecraftforge.fml.javafmlmod.AutomaticEventSubscriber/LOADING]: Auto-subscribing com.unusualmodding.opposing_force.events.ForgeEvents to FORGE
[15May2026 02:30:07.273] [modloading-worker-0/DEBUG] [net.minecraftforge.fml.javafmlmod.AutomaticEventSubscriber/LOADING]: Auto-subscribing com.unusualmodding.opposing_force.datagen.OPBiomeModifierProvider to MOD
[15May2026 02:30:07.312] [modloading-worker-0/DEBUG] [net.minecraftforge.fml.config.ConfigTracker/CONFIG]: Config file knightquest.toml for knightquest tracking
[15May2026 02:30:07.385] [modloading-worker-0/DEBUG] [net.minecraftforge.fml.javafmlmod.AutomaticEventSubscriber/LOADING]: Attempting to inject @EventBusSubscriber classes into the eventbus for knightquest
[15May2026 02:30:07.388] [modloading-worker-0/DEBUG] [net.minecraftforge.fml.javafmlmod.AutomaticEventSubscriber/LOADING]: Auto-subscribing dev.xylonity.knightquest.common.item.KQArmorItem$ArmorStatusManagerEvents to FORGE
[15May2026 02:30:07.399] [modloading-worker-0/DEBUG] [net.minecraftforge.fml.javafmlmod.AutomaticEventSubscriber/LOADING]: Auto-subscribing dev.xylonity.knightquest.common.event.KQExtraEvents to FORGE
[15May2026 02:30:07.404] [modloading-worker-0/DEBUG] [net.minecraftforge.fml.javafmlmod.AutomaticEventSubscriber/LOADING]: Auto-subscribing dev.xylonity.knightquest.common.event.KQEventRegisters to MOD
[15May2026 02:30:07.409] [modloading-worker-0/DEBUG] [net.minecraftforge.fml.config.ConfigTracker/CONFIG]: Config file ribbits-forge-1_20_1.toml for ribbits tracking
[15May2026 02:30:07.423] [modloading-worker-0/DEBUG] [net.minecraftforge.fml.javafmlmod.AutomaticEventSubscriber/LOADING]: Attempting to inject @EventBusSubscriber classes into the eventbus for ribbits
[15May2026 02:30:07.488] [modloading-worker-0/DEBUG] [xaero.hud.minimap.MinimapLogs/]: Loaded xaero.common.platform.services.ForgePlatformHelper@5885befd for service interface xaero.common.platform.services.IPlatformHelper
[15May2026 02:30:07.495] [modloading-worker-0/INFO] [xaero.common.HudMod/]: Registering common data for channel xaerominimap:main!
[15May2026 02:30:07.571] [modloading-worker-0/INFO] [xaero.common.HudMod/]: Loading primary common config for channel xaerominimap:main!
[15May2026 02:30:07.575] [modloading-worker-0/INFO] [xaero.common.HudMod/]: Loading server config profiles for channel xaerominimap:main!
[15May2026 02:30:07.589] [modloading-worker-0/DEBUG] [net.minecraftforge.fml.javafmlmod.AutomaticEventSubscriber/LOADING]: Attempting to inject @EventBusSubscriber classes into the eventbus for xaerominimap
[15May2026 02:30:07.696] [modloading-worker-0/DEBUG] [net.minecraftforge.fml.javafmlmod.AutomaticEventSubscriber/LOADING]: Attempting to inject @EventBusSubscriber classes into the eventbus for brainrotprotocol
[15May2026 02:30:07.696] [modloading-worker-0/DEBUG] [net.minecraftforge.fml.javafmlmod.AutomaticEventSubscriber/LOADING]: Auto-subscribing net.mcreator.brainrotprotocol.procedures.KillEntitiesProcedure to FORGE
[15May2026 02:30:07.699] [modloading-worker-0/DEBUG] [net.minecraftforge.fml.javafmlmod.AutomaticEventSubscriber/LOADING]: Auto-subscribing net.mcreator.brainrotprotocol.item.ItaliumSawItem$SawHandlers to FORGE
[15May2026 02:30:07.704] [modloading-worker-0/DEBUG] [net.minecraftforge.fml.javafmlmod.AutomaticEventSubscriber/LOADING]: Auto-subscribing net.mcreator.brainrotprotocol.init.EntityAnimationFactory to FORGE
[15May2026 02:30:07.705] [modloading-worker-0/DEBUG] [net.minecraftforge.fml.javafmlmod.AutomaticEventSubscriber/LOADING]: Auto-subscribing net.mcreator.brainrotprotocol.init.BrainrotprotocolModEntities to MOD
[15May2026 02:30:07.721] [modloading-worker-0/DEBUG] [net.minecraftforge.fml.config.ConfigTracker/CONFIG]: Config file securitycraft-client.toml for securitycraft tracking
[15May2026 02:30:07.724] [modloading-worker-0/DEBUG] [net.minecraftforge.fml.config.ConfigTracker/CONFIG]: Config file securitycraft-server.toml for securitycraft tracking
[15May2026 02:30:08.143] [modloading-worker-0/INFO] [thedarkcolour.kotlinforforge.test.KotlinForForge/]: Kotlin For Forge Enabled!
[15May2026 02:30:08.145] [modloading-worker-0/DEBUG] [thedarkcolour.kotlinforforge.LoggerKt/LOADING]: Attempting to inject @EventBusSubscriber kotlin objects in to the event bus for kotlinforforge
[15May2026 02:30:08.152] [modloading-worker-0/DEBUG] [net.minecraftforge.coremod.transformer.CoreModBaseTransformer/COREMOD]: Transforming net/minecraft/world/level/levelgen/structure/templatesystem/StructureTemplate
[15May2026 02:30:08.240] [modloading-worker-0/DEBUG] [mixin/]: Mixing DungeonContextMixin from betterdungeons.mixins.json into net.minecraft.world.level.levelgen.structure.templatesystem.StructureTemplate
[15May2026 02:30:08.241] [modloading-worker-0/DEBUG] [mixin/]: Mixing StructureTemplateMixin from betterdungeons.mixins.json into net.minecraft.world.level.levelgen.structure.templatesystem.StructureTemplate
[15May2026 02:30:08.241] [modloading-worker-0/DEBUG] [mixin/]: Renaming synthetic method lambda$betterdungeons_preventAutoWaterlogging$0(Lnet/minecraft/world/level/levelgen/structure/templatesystem/StructureProcessor;)Z to mdbaff56$lambda$betterdungeons_preventAutoWaterlogging$0$0 in betterdungeons.mixins.json:StructureTemplateMixin
[15May2026 02:30:08.244] [modloading-worker-0/DEBUG] [mixin/]: Mixing passcode.StructureTemplateMixin from securitycraft.mixins.json into net.minecraft.world.level.levelgen.structure.templatesystem.StructureTemplate
[15May2026 02:30:08.263] [modloading-worker-0/INFO] [YetAnotherConfigLib/]: Deserializing AOTAConfig from '/workspaces/LaIslaPepa/servidor_minecraft/config/armoroftheages.json'
[15May2026 02:30:08.270] [modloading-worker-0/DEBUG] [net.minecraftforge.fml.javafmlmod.AutomaticEventSubscriber/LOADING]: Attempting to inject @EventBusSubscriber classes into the eventbus for born_in_chaos_v1
[15May2026 02:30:08.270] [modloading-worker-0/DEBUG] [net.minecraftforge.fml.javafmlmod.AutomaticEventSubscriber/LOADING]: Auto-subscribing net.mcreator.borninchaosv.recipes.brewing.StimulatingDecoctionPBrewingRecipe to MOD
[15May2026 02:30:08.274] [modloading-worker-0/DEBUG] [net.minecraftforge.fml.javafmlmod.AutomaticEventSubscriber/LOADING]: Auto-subscribing net.mcreator.borninchaosv.recipes.brewing.SeaTerrorEyeKBrewingRecipe to MOD
[15May2026 02:30:08.277] [modloading-worker-0/DEBUG] [net.minecraftforge.fml.javafmlmod.AutomaticEventSubscriber/LOADING]: Auto-subscribing net.mcreator.borninchaosv.recipes.brewing.PotionofRampagekBrewingRecipe to MOD
[15May2026 02:30:08.278] [modloading-worker-0/DEBUG] [net.minecraftforge.fml.javafmlmod.AutomaticEventSubscriber/LOADING]: Auto-subscribing net.mcreator.borninchaosv.recipes.brewing.PotionofMagicalDepletionKBrewingRecipe to MOD
[15May2026 02:30:08.282] [modloading-worker-0/DEBUG] [net.minecraftforge.fml.javafmlmod.AutomaticEventSubscriber/LOADING]: Auto-subscribing net.mcreator.borninchaosv.recipes.brewing.PotionofLivingCocoonCraftBrewingRecipe to MOD
[15May2026 02:30:08.283] [modloading-worker-0/DEBUG] [net.minecraftforge.fml.javafmlmod.AutomaticEventSubscriber/LOADING]: Auto-subscribing net.mcreator.borninchaosv.recipes.brewing.IntoxicationPotionKBrewingRecipe to MOD
[15May2026 02:30:08.284] [modloading-worker-0/DEBUG] [net.minecraftforge.fml.javafmlmod.AutomaticEventSubscriber/LOADING]: Auto-subscribing net.mcreator.borninchaosv.recipes.brewing.ElixirofWitherResistanceCraftBrewingRecipe to MOD
[15May2026 02:30:08.285] [modloading-worker-0/DEBUG] [net.minecraftforge.fml.javafmlmod.AutomaticEventSubscriber/LOADING]: Auto-subscribing net.mcreator.borninchaosv.recipes.brewing.ElixirofVampirismKBrewingRecipe to MOD
[15May2026 02:30:08.288] [modloading-worker-0/DEBUG] [net.minecraftforge.fml.javafmlmod.AutomaticEventSubscriber/LOADING]: Auto-subscribing net.mcreator.borninchaosv.recipes.brewing.ElixirofInsectProtectionCraftBrewingRecipe to MOD
[15May2026 02:30:08.292] [modloading-worker-0/DEBUG] [net.minecraftforge.fml.javafmlmod.AutomaticEventSubscriber/LOADING]: Auto-subscribing net.mcreator.borninchaosv.recipes.brewing.ElixirofIceBarrierCraftBrewingRecipe to MOD
[15May2026 02:30:08.296] [modloading-worker-0/DEBUG] [net.minecraftforge.fml.javafmlmod.AutomaticEventSubscriber/LOADING]: Auto-subscribing net.mcreator.borninchaosv.recipes.brewing.ChaosComponentCraftBrewingRecipe to MOD
[15May2026 02:30:08.296] [modloading-worker-0/DEBUG] [net.minecraftforge.fml.javafmlmod.AutomaticEventSubscriber/LOADING]: Auto-subscribing net.mcreator.borninchaosv.recipes.brewing.BottleOfMagicalEnergyKBrewingRecipe to MOD
[15May2026 02:30:08.297] [modloading-worker-0/DEBUG] [net.minecraftforge.fml.javafmlmod.AutomaticEventSubscriber/LOADING]: Auto-subscribing net.mcreator.borninchaosv.procedures.ZombieswithDoorPriObnovlieniiTaktaSushchnostiProcedure to FORGE
[15May2026 02:30:08.304] [modloading-worker-0/DEBUG] [net.minecraftforge.fml.javafmlmod.AutomaticEventSubscriber/LOADING]: Auto-subscribing net.mcreator.borninchaosv.procedures.ZombiefishermanatackProcedure to FORGE
[15May2026 02:30:08.305] [modloading-worker-0/DEBUG] [net.minecraftforge.fml.javafmlmod.AutomaticEventSubscriber/LOADING]: Auto-subscribing net.mcreator.borninchaosv.procedures.ZombieclownatacProcedure to FORGE
[15May2026 02:30:08.306] [modloading-worker-0/DEBUG] [net.minecraftforge.fml.javafmlmod.AutomaticEventSubscriber/LOADING]: Auto-subscribing net.mcreator.borninchaosv.procedures.ZombieMaggotsProcedure to FORGE
[15May2026 02:30:08.307] [modloading-worker-0/DEBUG] [net.minecraftforge.fml.javafmlmod.AutomaticEventSubscriber/LOADING]: Auto-subscribing net.mcreator.borninchaosv.procedures.ZombieLumberjackAtackProcedure to FORGE
[15May2026 02:30:08.308] [modloading-worker-0/DEBUG] [net.minecraftforge.fml.javafmlmod.AutomaticEventSubscriber/LOADING]: Auto-subscribing net.mcreator.borninchaosv.procedures.ZombieBruiseratackProcedure to FORGE
[15May2026 02:30:08.309] [modloading-worker-0/DEBUG] [net.minecraftforge.fml.javafmlmod.AutomaticEventSubscriber/LOADING]: Auto-subscribing net.mcreator.borninchaosv.procedures.WarningSoundProcedure to FORGE
[15May2026 02:30:08.311] [modloading-worker-0/DEBUG] [net.minecraftforge.fml.javafmlmod.AutomaticEventSubscriber/LOADING]: Auto-subscribing net.mcreator.borninchaosv.procedures.VampiricTouchAtackProcedure to FORGE
[15May2026 02:30:08.313] [modloading-worker-0/DEBUG] [net.minecraftforge.fml.javafmlmod.AutomaticEventSubscriber/LOADING]: Auto-subscribing net.mcreator.borninchaosv.procedures.TransmutingElixirclicProcedure to FORGE
[15May2026 02:30:08.314] [modloading-worker-0/DEBUG] [net.minecraftforge.fml.javafmlmod.AutomaticEventSubscriber/LOADING]: Auto-subscribing net.mcreator.borninchaosv.procedures.ThornshellCrabPriShchielchkiePKMPoSushchnostiProcedure to FORGE
[15May2026 02:30:08.317] [modloading-worker-0/DEBUG] [net.minecraftforge.fml.javafmlmod.AutomaticEventSubscriber/LOADING]: Auto-subscribing net.mcreator.borninchaosv.procedures.SwarmerPreparationProcedure to FORGE
[15May2026 02:30:08.319] [modloading-worker-0/DEBUG] [net.minecraftforge.fml.javafmlmod.AutomaticEventSubscriber/LOADING]: Auto-subscribing net.mcreator.borninchaosv.procedures.SpiritofChaosAtackProcedure to FORGE
[15May2026 02:30:08.320] [modloading-worker-0/DEBUG] [net.minecraftforge.fml.javafmlmod.AutomaticEventSubscriber/LOADING]: Auto-subscribing net.mcreator.borninchaosv.procedures.SpiritGuideAtacProcedure to FORGE
[15May2026 02:30:08.322] [modloading-worker-0/DEBUG] [net.minecraftforge.fml.javafmlmod.AutomaticEventSubscriber/LOADING]: Auto-subscribing net.mcreator.borninchaosv.procedures.SpinyShellArmorKazhdyiTikDliaShliemaProcedure to FORGE
[15May2026 02:30:08.325] [modloading-worker-0/DEBUG] [net.minecraftforge.fml.javafmlmod.AutomaticEventSubscriber/LOADING]: Auto-subscribing net.mcreator.borninchaosv.procedures.SkeletonThrasherDProcedure to FORGE
[15May2026 02:30:08.327] [modloading-worker-0/DEBUG] [net.minecraftforge.fml.javafmlmod.AutomaticEventSubscriber/LOADING]: Attempting to inject @EventBusSubscriber classes into the eventbus for armoroftheages
[15May2026 02:30:08.328] [modloading-worker-0/DEBUG] [net.minecraftforge.fml.config.ConfigTracker/CONFIG]: Config file CoroUtil/General.toml for coroutil tracking
[15May2026 02:30:08.328] [modloading-worker-0/DEBUG] [net.minecraftforge.fml.javafmlmod.AutomaticEventSubscriber/LOADING]: Auto-subscribing net.mcreator.borninchaosv.procedures.SerPumpkinheadAtacProcedure to FORGE
[15May2026 02:30:08.329] [modloading-worker-0/DEBUG] [net.minecraftforge.fml.javafmlmod.AutomaticEventSubscriber/LOADING]: Auto-subscribing net.mcreator.borninchaosv.procedures.SearedspiritPProcedure to FORGE
[15May2026 02:30:08.330] [modloading-worker-0/DEBUG] [net.minecraftforge.fml.javafmlmod.AutomaticEventSubscriber/LOADING]: Auto-subscribing net.mcreator.borninchaosv.procedures.RampagePProcedure to FORGE
[15May2026 02:30:08.330] [modloading-worker-0/DEBUG] [net.minecraftforge.fml.javafmlmod.AutomaticEventSubscriber/LOADING]: Attempting to inject @EventBusSubscriber classes into the eventbus for coroutil
[15May2026 02:30:08.331] [modloading-worker-0/DEBUG] [net.minecraftforge.fml.javafmlmod.AutomaticEventSubscriber/LOADING]: Auto-subscribing net.mcreator.borninchaosv.procedures.PumpkinbruiserAtacProcedure to FORGE
[15May2026 02:30:08.333] [modloading-worker-0/DEBUG] [net.minecraftforge.fml.javafmlmod.AutomaticEventSubscriber/LOADING]: Auto-subscribing net.mcreator.borninchaosv.procedures.PositiveTamingProcedure to FORGE
[15May2026 02:30:08.336] [modloading-worker-0/DEBUG] [net.minecraftforge.fml.javafmlmod.AutomaticEventSubscriber/LOADING]: Auto-subscribing net.mcreator.borninchaosv.procedures.PositiveFertilizerProcedure to FORGE
[15May2026 02:30:08.337] [modloading-worker-0/DEBUG] [net.minecraftforge.fml.javafmlmod.AutomaticEventSubscriber/LOADING]: Auto-subscribing net.mcreator.borninchaosv.procedures.PiritAtacProcedure to FORGE
[15May2026 02:30:08.339] [modloading-worker-0/DEBUG] [net.minecraftforge.fml.javafmlmod.AutomaticEventSubscriber/LOADING]: Auto-subscribing net.mcreator.borninchaosv.procedures.ObsessiondeadProcedure to FORGE
[15May2026 02:30:08.341] [modloading-worker-0/DEBUG] [net.minecraftforge.fml.javafmlmod.AutomaticEventSubscriber/LOADING]: Auto-subscribing net.mcreator.borninchaosv.procedures.NightmareStalkerDamProcedure to FORGE
[15May2026 02:30:08.345] [modloading-worker-0/DEBUG] [net.minecraftforge.fml.javafmlmod.AutomaticEventSubscriber/LOADING]: Auto-subscribing net.mcreator.borninchaosv.procedures.MrPumpkinAtacProcedure to FORGE
[15May2026 02:30:08.347] [modloading-worker-0/DEBUG] [net.minecraftforge.fml.javafmlmod.AutomaticEventSubscriber/LOADING]: Auto-subscribing net.mcreator.borninchaosv.procedures.MotherSpiderAtackProcedure to FORGE
[15May2026 02:30:08.347] [modloading-worker-0/DEBUG] [net.minecraftforge.fml.javafmlmod.AutomaticEventSubscriber/LOADING]: Auto-subscribing net.mcreator.borninchaosv.procedures.MissionaryHatpProcedure to FORGE
[15May2026 02:30:08.349] [modloading-worker-0/DEBUG] [net.minecraftforge.fml.javafmlmod.AutomaticEventSubscriber/LOADING]: Auto-subscribing net.mcreator.borninchaosv.procedures.MissionaryAtacktargetProcedure to FORGE
[15May2026 02:30:08.351] [modloading-worker-0/DEBUG] [net.minecraftforge.fml.javafmlmod.AutomaticEventSubscriber/LOADING]: Auto-subscribing net.mcreator.borninchaosv.procedures.MinionsattacktargetProcedure to FORGE
[15May2026 02:30:08.355] [modloading-worker-0/DEBUG] [net.minecraftforge.fml.javafmlmod.AutomaticEventSubscriber/LOADING]: Auto-subscribing net.mcreator.borninchaosv.procedures.LunarSpruceCowboyPProcedure to FORGE
[15May2026 02:30:08.359] [modloading-worker-0/DEBUG] [net.minecraftforge.fml.javafmlmod.AutomaticEventSubscriber/LOADING]: Auto-subscribing net.mcreator.borninchaosv.procedures.LordsFelsteedatackProcedure to FORGE
[15May2026 02:30:08.363] [modloading-worker-0/DEBUG] [net.minecraftforge.fml.javafmlmod.AutomaticEventSubscriber/LOADING]: Auto-subscribing net.mcreator.borninchaosv.procedures.LordTheHeadlessAtackProcedure to FORGE
[15May2026 02:30:08.364] [modloading-worker-0/DEBUG] [net.minecraftforge.fml.javafmlmod.AutomaticEventSubscriber/LOADING]: Auto-subscribing net.mcreator.borninchaosv.procedures.LordPumpkinheadsHatHitProcedure to FORGE
[15May2026 02:30:08.365] [modloading-worker-0/DEBUG] [net.minecraftforge.fml.javafmlmod.AutomaticEventSubscriber/LOADING]: Auto-subscribing net.mcreator.borninchaosv.procedures.LordPumpkinheadatackProcedure to FORGE
[15May2026 02:30:08.374] [modloading-worker-0/DEBUG] [net.minecraftforge.fml.javafmlmod.AutomaticEventSubscriber/LOADING]: Auto-subscribing net.mcreator.borninchaosv.procedures.LivingcocoonplayersideDeadProcedure to FORGE
[15May2026 02:30:08.380] [modloading-worker-0/DEBUG] [net.minecraftforge.fml.javafmlmod.AutomaticEventSubscriber/LOADING]: Auto-subscribing net.mcreator.borninchaosv.procedures.LivingCocoonDeadProcedure to FORGE
[15May2026 02:30:08.381] [modloading-worker-0/DEBUG] [net.minecraftforge.fml.javafmlmod.AutomaticEventSubscriber/LOADING]: Auto-subscribing net.mcreator.borninchaosv.procedures.LifestealerTFAtackProcedure to FORGE
[15May2026 02:30:08.385] [modloading-worker-0/DEBUG] [net.minecraftforge.fml.javafmlmod.AutomaticEventSubscriber/LOADING]: Auto-subscribing net.mcreator.borninchaosv.procedures.LifestealerAtackProcedure to FORGE
[15May2026 02:30:08.387] [modloading-worker-0/DEBUG] [net.minecraftforge.fml.javafmlmod.AutomaticEventSubscriber/LOADING]: Auto-subscribing net.mcreator.borninchaosv.procedures.KrampusHenchmanAttackProcedure to FORGE
[15May2026 02:30:08.389] [modloading-worker-0/DEBUG] [net.minecraftforge.fml.javafmlmod.AutomaticEventSubscriber/LOADING]: Auto-subscribing net.mcreator.borninchaosv.procedures.KrampusAttackProcedure to FORGE
[15May2026 02:30:08.390] [modloading-worker-0/DEBUG] [net.minecraftforge.fml.javafmlmod.AutomaticEventSubscriber/LOADING]: Auto-subscribing net.mcreator.borninchaosv.procedures.KillinganimalsProcedure to FORGE
[15May2026 02:30:08.391] [modloading-worker-0/DEBUG] [net.minecraftforge.fml.javafmlmod.AutomaticEventSubscriber/LOADING]: Auto-subscribing net.mcreator.borninchaosv.procedures.KillingVillagersProcedure to FORGE
[15May2026 02:30:08.395] [modloading-worker-0/DEBUG] [net.minecraftforge.fml.javafmlmod.AutomaticEventSubscriber/LOADING]: Auto-subscribing net.mcreator.borninchaosv.procedures.InsectProtectionTrigerProcedure to FORGE
[15May2026 02:30:08.396] [modloading-worker-0/DEBUG] [net.minecraftforge.fml.javafmlmod.AutomaticEventSubscriber/LOADING]: Auto-subscribing net.mcreator.borninchaosv.procedures.InfernalSpiritAtackProcedure to FORGE
[15May2026 02:30:08.397] [modloading-worker-0/DEBUG] [net.minecraftforge.fml.javafmlmod.AutomaticEventSubscriber/LOADING]: Auto-subscribing net.mcreator.borninchaosv.procedures.IceBarrierAttackProcedure to FORGE
[15May2026 02:30:08.398] [modloading-worker-0/DEBUG] [net.minecraftforge.fml.javafmlmod.AutomaticEventSubscriber/LOADING]: Auto-subscribing net.mcreator.borninchaosv.procedures.HewnScorchedLogPProcedure to FORGE
[15May2026 02:30:08.399] [modloading-worker-0/DEBUG] [net.minecraftforge.fml.javafmlmod.AutomaticEventSubscriber/LOADING]: Auto-subscribing net.mcreator.borninchaosv.procedures.HalloweenEventSpawnProcedure to FORGE
[15May2026 02:30:08.400] [modloading-worker-0/DEBUG] [net.minecraftforge.fml.javafmlmod.AutomaticEventSubscriber/LOADING]: Auto-subscribing net.mcreator.borninchaosv.procedures.HalloweenEventDropProcedure to FORGE
[15May2026 02:30:08.400] [modloading-worker-0/DEBUG] [net.minecraftforge.fml.javafmlmod.AutomaticEventSubscriber/LOADING]: Auto-subscribing net.mcreator.borninchaosv.procedures.GluttonfishatackProcedure to FORGE
[15May2026 02:30:08.404] [modloading-worker-0/DEBUG] [net.minecraftforge.fml.javafmlmod.AutomaticEventSubscriber/LOADING]: Auto-subscribing net.mcreator.borninchaosv.procedures.FragileScorchedPlanksPProcedure to FORGE
[15May2026 02:30:08.405] [modloading-worker-0/DEBUG] [net.minecraftforge.fml.javafmlmod.AutomaticEventSubscriber/LOADING]: Auto-subscribing net.mcreator.borninchaosv.procedures.FirelightDProcedure to FORGE
[15May2026 02:30:08.406] [modloading-worker-0/DEBUG] [net.minecraftforge.fml.javafmlmod.AutomaticEventSubscriber/LOADING]: Auto-subscribing net.mcreator.borninchaosv.procedures.ExperienceContainerDeathProcedure to FORGE
[15May2026 02:30:08.406] [modloading-worker-0/DEBUG] [net.minecraftforge.fml.javafmlmod.AutomaticEventSubscriber/LOADING]: Auto-subscribing net.mcreator.borninchaosv.procedures.EvilCarvedPumpkinPProcedure to FORGE
[15May2026 02:30:08.410] [modloading-worker-0/DEBUG] [net.minecraftforge.fml.javafmlmod.AutomaticEventSubscriber/LOADING]: Auto-subscribing net.mcreator.borninchaosv.procedures.EatingRottenFleshProcedure to FORGE
[15May2026 02:30:08.413] [modloading-worker-0/DEBUG] [net.minecraftforge.fml.javafmlmod.AutomaticEventSubscriber/LOADING]: Auto-subscribing net.mcreator.borninchaosv.procedures.EasterDropProcedure to FORGE
[15May2026 02:30:08.423] [modloading-worker-0/DEBUG] [net.minecraftforge.fml.javafmlmod.AutomaticEventSubscriber/LOADING]: Auto-subscribing net.mcreator.borninchaosv.procedures.DreadHoundPriNazhatiiPravoiKnopkiNaSushchnostProcedure to FORGE
[15May2026 02:30:08.423] [modloading-worker-0/DEBUG] [net.minecraftforge.fml.javafmlmod.AutomaticEventSubscriber/LOADING]: Auto-subscribing net.mcreator.borninchaosv.procedures.DreadHoundAtacProcedure to FORGE
[15May2026 02:30:08.424] [modloading-worker-0/DEBUG] [net.minecraftforge.fml.javafmlmod.AutomaticEventSubscriber/LOADING]: Auto-subscribing net.mcreator.borninchaosv.procedures.DireHoundLeaderAtackProcedure to FORGE
[15May2026 02:30:08.429] [modloading-worker-0/DEBUG] [net.minecraftforge.fml.javafmlmod.AutomaticEventSubscriber/LOADING]: Auto-subscribing net.mcreator.borninchaosv.procedures.DimonBaitProcedure to FORGE
[15May2026 02:30:08.430] [modloading-worker-0/DEBUG] [net.minecraftforge.fml.javafmlmod.AutomaticEventSubscriber/LOADING]: Auto-subscribing net.mcreator.borninchaosv.procedures.DeathTotemKoghdaPriedmietNakhoditsiaVRukieProcedure to FORGE
[15May2026 02:30:08.431] [modloading-worker-0/DEBUG] [net.minecraftforge.fml.javafmlmod.AutomaticEventSubscriber/LOADING]: Auto-subscribing net.mcreator.borninchaosv.procedures.DarkWardActivProcedure to FORGE
[15May2026 02:30:08.435] [modloading-worker-0/DEBUG] [net.minecraftforge.fml.javafmlmod.AutomaticEventSubscriber/LOADING]: Auto-subscribing net.mcreator.borninchaosv.procedures.DarkRitualDaggerPProcedure to FORGE
[15May2026 02:30:08.437] [modloading-worker-0/DEBUG] [net.minecraftforge.fml.javafmlmod.AutomaticEventSubscriber/LOADING]: Auto-subscribing net.mcreator.borninchaosv.procedures.DZombieDProcedure to FORGE
[15May2026 02:30:08.439] [modloading-worker-0/DEBUG] [net.minecraftforge.fml.javafmlmod.AutomaticEventSubscriber/LOADING]: Auto-subscribing net.mcreator.borninchaosv.procedures.CursedMarkAtacProcedure to FORGE
[15May2026 02:30:08.442] [modloading-worker-0/DEBUG] [net.minecraftforge.fml.javafmlmod.AutomaticEventSubscriber/LOADING]: Auto-subscribing net.mcreator.borninchaosv.procedures.CorpseflyatacProcedure to FORGE
[15May2026 02:30:08.443] [modloading-worker-0/DEBUG] [net.minecraftforge.fml.javafmlmod.AutomaticEventSubscriber/LOADING]: Auto-subscribing net.mcreator.borninchaosv.procedures.ChillingHorrorMobAttacksProcedure to FORGE
[15May2026 02:30:08.443] [modloading-worker-0/DEBUG] [net.minecraftforge.fml.javafmlmod.AutomaticEventSubscriber/LOADING]: Auto-subscribing net.mcreator.borninchaosv.procedures.ChillingHorrorEventSpawnProcedure to FORGE
[15May2026 02:30:08.446] [modloading-worker-0/DEBUG] [net.minecraftforge.fml.javafmlmod.AutomaticEventSubscriber/LOADING]: Auto-subscribing net.mcreator.borninchaosv.procedures.ChillingHorrorEventDropProcedure to FORGE
[15May2026 02:30:08.448] [modloading-worker-0/DEBUG] [net.minecraftforge.fml.javafmlmod.AutomaticEventSubscriber/LOADING]: Auto-subscribing net.mcreator.borninchaosv.procedures.ChaoticSpringEventSpawnProcedure to FORGE
[15May2026 02:30:08.448] [modloading-worker-0/DEBUG] [net.minecraftforge.fml.javafmlmod.AutomaticEventSubscriber/LOADING]: Auto-subscribing net.mcreator.borninchaosv.procedures.ChaoticSpringEventDropProcedure to FORGE
[15May2026 02:30:08.449] [modloading-worker-0/DEBUG] [net.minecraftforge.fml.javafmlmod.AutomaticEventSubscriber/LOADING]: Auto-subscribing net.mcreator.borninchaosv.procedures.BoneBarrierProProcedure to FORGE
[15May2026 02:30:08.450] [modloading-worker-0/DEBUG] [net.minecraftforge.fml.javafmlmod.AutomaticEventSubscriber/LOADING]: Auto-subscribing net.mcreator.borninchaosv.procedures.BloodyGadflyAtacProcedure to FORGE
[15May2026 02:30:08.452] [modloading-worker-0/DEBUG] [net.minecraftforge.fml.javafmlmod.AutomaticEventSubscriber/LOADING]: Attempting to inject @EventBusSubscriber classes into the eventbus for creeperoverhaul
[15May2026 02:30:08.454] [modloading-worker-0/DEBUG] [net.minecraftforge.fml.javafmlmod.AutomaticEventSubscriber/LOADING]: Auto-subscribing net.mcreator.borninchaosv.procedures.BlockSkeletonTrasherProcedure to FORGE
[15May2026 02:30:08.455] [modloading-worker-0/DEBUG] [net.minecraftforge.fml.javafmlmod.AutomaticEventSubscriber/LOADING]: Auto-subscribing net.mcreator.borninchaosv.procedures.BabyspidercontrolledAtackProcedure to FORGE
[15May2026 02:30:08.456] [modloading-worker-0/DEBUG] [net.minecraftforge.fml.javafmlmod.AutomaticEventSubscriber/LOADING]: Attempting to inject @EventBusSubscriber classes into the eventbus for lucky
[15May2026 02:30:08.456] [modloading-worker-0/INFO] [YetAnotherConfigLib/]: Deserializing YACLConfig from '/workspaces/LaIslaPepa/servidor_minecraft/config/yacl.json5'
[15May2026 02:30:08.457] [modloading-worker-0/DEBUG] [net.minecraftforge.fml.javafmlmod.AutomaticEventSubscriber/LOADING]: Auto-subscribing net.mcreator.borninchaosv.procedures.BabySpiderAtackProcedure to FORGE
[15May2026 02:30:08.459] [modloading-worker-0/DEBUG] [net.minecraftforge.fml.javafmlmod.AutomaticEventSubscriber/LOADING]: Attempting to inject @EventBusSubscriber classes into the eventbus for puzzleslib
[15May2026 02:30:08.459] [modloading-worker-0/DEBUG] [net.minecraftforge.fml.javafmlmod.AutomaticEventSubscriber/LOADING]: Auto-subscribing fuzs.puzzleslib.impl.PuzzlesLibForge to MOD
[15May2026 02:30:08.459] [modloading-worker-0/DEBUG] [net.minecraftforge.fml.javafmlmod.AutomaticEventSubscriber/LOADING]: Auto-subscribing net.mcreator.borninchaosv.procedures.AxeAtackProcedure to FORGE
[15May2026 02:30:08.460] [modloading-worker-0/DEBUG] [net.minecraftforge.fml.javafmlmod.AutomaticEventSubscriber/LOADING]: Auto-subscribing net.mcreator.borninchaosv.procedures.AttackoftheDisobedientProcedure to FORGE
[15May2026 02:30:08.461] [modloading-worker-0/DEBUG] [net.minecraftforge.fml.javafmlmod.AutomaticEventSubscriber/LOADING]: Auto-subscribing net.mcreator.borninchaosv.network.BornInChaosV1ModVariables to MOD
[15May2026 02:30:08.462] [modloading-worker-0/DEBUG] [net.minecraftforge.fml.javafmlmod.AutomaticEventSubscriber/LOADING]: Auto-subscribing net.mcreator.borninchaosv.network.BornInChaosV1ModVariables$PlayerVariablesProvider to FORGE
[15May2026 02:30:08.462] [modloading-worker-0/DEBUG] [net.minecraftforge.fml.javafmlmod.AutomaticEventSubscriber/LOADING]: Attempting to inject @EventBusSubscriber classes into the eventbus for yet_another_config_lib_v3
[15May2026 02:30:08.468] [modloading-worker-0/DEBUG] [net.minecraftforge.fml.javafmlmod.AutomaticEventSubscriber/LOADING]: Auto-subscribing net.mcreator.borninchaosv.network.BornInChaosV1ModVariables$EventBusVariableHandlers to FORGE
[15May2026 02:30:08.471] [modloading-worker-0/DEBUG] [net.minecraftforge.fml.javafmlmod.AutomaticEventSubscriber/LOADING]: Auto-subscribing net.mcreator.borninchaosv.init.ItemAnimationFactory to FORGE
[15May2026 02:30:08.472] [modloading-worker-0/DEBUG] [net.minecraftforge.fml.javafmlmod.AutomaticEventSubscriber/LOADING]: Auto-subscribing net.mcreator.borninchaosv.init.EntityAnimationFactory to FORGE
[15May2026 02:30:08.475] [modloading-worker-0/DEBUG] [net.minecraftforge.fml.javafmlmod.AutomaticEventSubscriber/LOADING]: Auto-subscribing net.mcreator.borninchaosv.init.BornInChaosV1ModGameRules to MOD
[15May2026 02:30:08.489] [modloading-worker-0/DEBUG] [net.minecraftforge.fml.javafmlmod.AutomaticEventSubscriber/LOADING]: Auto-subscribing net.mcreator.borninchaosv.init.BornInChaosV1ModFuels to FORGE
[15May2026 02:30:08.490] [modloading-worker-0/DEBUG] [net.minecraftforge.fml.javafmlmod.AutomaticEventSubscriber/LOADING]: Auto-subscribing net.mcreator.borninchaosv.init.BornInChaosV1ModFeatures to FORGE
[15May2026 02:30:08.490] [modloading-worker-0/DEBUG] [net.minecraftforge.fml.javafmlmod.AutomaticEventSubscriber/LOADING]: Auto-subscribing net.mcreator.borninchaosv.init.BornInChaosV1ModEntities to MOD
[15May2026 02:30:08.491] [modloading-worker-0/DEBUG] [net.minecraftforge.fml.javafmlmod.AutomaticEventSubscriber/LOADING]: Auto-subscribing net.mcreator.borninchaosv.init.BornInChaosV1ModCompostableItems to MOD
[15May2026 02:30:08.495] [modloading-worker-0/INFO] [Puzzles Lib/]: Constructing common components for puzzleslib:main
[15May2026 02:30:08.530] [modloading-worker-0/DEBUG] [net.minecraftforge.fml.javafmlmod.AutomaticEventSubscriber/LOADING]: Attempting to inject @EventBusSubscriber classes into the eventbus for securitycraft
[15May2026 02:30:08.530] [modloading-worker-0/DEBUG] [net.minecraftforge.fml.javafmlmod.AutomaticEventSubscriber/LOADING]: Auto-subscribing net.geforcemods.securitycraft.api.SecurityCraftAPI to MOD
[15May2026 02:30:08.531] [modloading-worker-0/DEBUG] [net.minecraftforge.fml.javafmlmod.AutomaticEventSubscriber/LOADING]: Auto-subscribing net.geforcemods.securitycraft.SecurityCraft to MOD
[15May2026 02:30:08.532] [modloading-worker-0/DEBUG] [net.minecraftforge.fml.javafmlmod.AutomaticEventSubscriber/LOADING]: Auto-subscribing net.geforcemods.securitycraft.SCEventHandler to FORGE
[15May2026 02:30:08.542] [modloading-worker-0/DEBUG] [net.minecraftforge.fml.javafmlmod.AutomaticEventSubscriber/LOADING]: Auto-subscribing net.geforcemods.securitycraft.RegistrationHandler to MOD
[15May2026 02:30:08.545] [modloading-worker-0/DEBUG] [net.minecraftforge.fml.javafmlmod.AutomaticEventSubscriber/LOADING]: Auto-subscribing net.geforcemods.securitycraft.ConfigHandler to MOD
[15May2026 02:30:08.612] [main/DEBUG] [net.minecraftforge.common.capabilities.CapabilityManager/CAPABILITIES]: Attempting to automatically register: Lcom/cerbon/bosses_of_mass_destruction/capability/ChunkBlockCacheProvider;
[15May2026 02:30:08.613] [main/DEBUG] [net.minecraftforge.common.capabilities.CapabilityManager/CAPABILITIES]: Attempting to automatically register: Lcom/cerbon/bosses_of_mass_destruction/capability/PlayerMoveHistoryProvider;
[15May2026 02:30:08.613] [main/DEBUG] [net.minecraftforge.common.capabilities.CapabilityManager/CAPABILITIES]: Attempting to automatically register: Lcom/cerbon/cerbons_api/forge/capability/LevelEventSchedulerProvider;
[15May2026 02:30:08.613] [main/DEBUG] [net.minecraftforge.common.capabilities.CapabilityManager/CAPABILITIES]: Attempting to automatically register: Lnet/minecraftforge/energy/IEnergyStorage;
[15May2026 02:30:08.613] [main/DEBUG] [net.minecraftforge.common.capabilities.CapabilityManager/CAPABILITIES]: Attempting to automatically register: Lnet/minecraftforge/fluids/capability/IFluidHandler;
[15May2026 02:30:08.613] [main/DEBUG] [net.minecraftforge.common.capabilities.CapabilityManager/CAPABILITIES]: Attempting to automatically register: Lnet/minecraftforge/fluids/capability/IFluidHandlerItem;
[15May2026 02:30:08.613] [main/DEBUG] [net.minecraftforge.common.capabilities.CapabilityManager/CAPABILITIES]: Attempting to automatically register: Lnet/minecraftforge/items/IItemHandler;
[15May2026 02:30:08.666] [main/DEBUG] [com.tterrag.registrate.AbstractRegistrate/REGISTRATE.REGISTER]: Registering 4 known objects of type minecraft:sound_event
[15May2026 02:30:08.667] [main/DEBUG] [com.tterrag.registrate.AbstractRegistrate/REGISTRATE.REGISTER]: Registered nirvana:music.disc.jam to registry ResourceKey[minecraft:root / minecraft:sound_event]
[15May2026 02:30:08.667] [main/DEBUG] [com.tterrag.registrate.AbstractRegistrate/REGISTRATE.REGISTER]: Registered nirvana:item.use.bong to registry ResourceKey[minecraft:root / minecraft:sound_event]
[15May2026 02:30:08.667] [main/DEBUG] [com.tterrag.registrate.AbstractRegistrate/REGISTRATE.REGISTER]: Registered nirvana:item.use.smoking to registry ResourceKey[minecraft:root / minecraft:sound_event]
[15May2026 02:30:08.667] [main/DEBUG] [com.tterrag.registrate.AbstractRegistrate/REGISTRATE.REGISTER]: Registered nirvana:item.use.herbal_salve to registry ResourceKey[minecraft:root / minecraft:sound_event]
[15May2026 02:30:09.193] [main/DEBUG] [com.tterrag.registrate.AbstractRegistrate/REGISTRATE.REGISTER]: Registering 43 known objects of type minecraft:block
[15May2026 02:30:09.194] [main/DEBUG] [com.tterrag.registrate.AbstractRegistrate/REGISTRATE.REGISTER]: Registered nirvana:hemp to registry ResourceKey[minecraft:root / minecraft:block]
[15May2026 02:30:09.194] [main/DEBUG] [com.tterrag.registrate.AbstractRegistrate/REGISTRATE.REGISTER]: Registered nirvana:hemp_crate to registry ResourceKey[minecraft:root / minecraft:block]
[15May2026 02:30:09.194] [main/DEBUG] [com.tterrag.registrate.AbstractRegistrate/REGISTRATE.REGISTER]: Registered nirvana:weed_crate to registry ResourceKey[minecraft:root / minecraft:block]
[15May2026 02:30:09.194] [main/DEBUG] [com.tterrag.registrate.AbstractRegistrate/REGISTRATE.REGISTER]: Registered nirvana:bliss_bloom to registry ResourceKey[minecraft:root / minecraft:block]
[15May2026 02:30:09.195] [main/DEBUG] [com.tterrag.registrate.AbstractRegistrate/REGISTRATE.REGISTER]: Registered nirvana:wild_hemp to registry ResourceKey[minecraft:root / minecraft:block]
[15May2026 02:30:09.195] [main/DEBUG] [com.tterrag.registrate.AbstractRegistrate/REGISTRATE.REGISTER]: Registered nirvana:thc to registry ResourceKey[minecraft:root / minecraft:block]
[15May2026 02:30:09.195] [main/DEBUG] [com.tterrag.registrate.AbstractRegistrate/REGISTRATE.REGISTER]: Registered nirvana:reefer_head to registry ResourceKey[minecraft:root / minecraft:block]
[15May2026 02:30:09.195] [main/DEBUG] [com.tterrag.registrate.AbstractRegistrate/REGISTRATE.REGISTER]: Registered nirvana:reefer_wall_head to registry ResourceKey[minecraft:root / minecraft:block]
[15May2026 02:30:09.196] [main/DEBUG] [com.tterrag.registrate.AbstractRegistrate/REGISTRATE.REGISTER]: Registered nirvana:potted_wild_hemp to registry ResourceKey[minecraft:root / minecraft:block]
[15May2026 02:30:09.196] [main/DEBUG] [com.tterrag.registrate.AbstractRegistrate/REGISTRATE.REGISTER]: Registered nirvana:hemp_burlap to registry ResourceKey[minecraft:root / minecraft:block]
[15May2026 02:30:09.196] [main/DEBUG] [com.tterrag.registrate.AbstractRegistrate/REGISTRATE.REGISTER]: Registered nirvana:white_hemp_burlap to registry ResourceKey[minecraft:root / minecraft:block]
[15May2026 02:30:09.196] [main/DEBUG] [com.tterrag.registrate.AbstractRegistrate/REGISTRATE.REGISTER]: Registered nirvana:light_gray_hemp_burlap to registry ResourceKey[minecraft:root / minecraft:block]
[15May2026 02:30:09.197] [main/DEBUG] [com.tterrag.registrate.AbstractRegistrate/REGISTRATE.REGISTER]: Registered nirvana:gray_hemp_burlap to registry ResourceKey[minecraft:root / minecraft:block]
[15May2026 02:30:09.197] [main/DEBUG] [com.tterrag.registrate.AbstractRegistrate/REGISTRATE.REGISTER]: Registered nirvana:black_hemp_burlap to registry ResourceKey[minecraft:root / minecraft:block]
[15May2026 02:30:09.197] [main/DEBUG] [com.tterrag.registrate.AbstractRegistrate/REGISTRATE.REGISTER]: Registered nirvana:brown_hemp_burlap to registry ResourceKey[minecraft:root / minecraft:block]
[15May2026 02:30:09.197] [main/DEBUG] [com.tterrag.registrate.AbstractRegistrate/REGISTRATE.REGISTER]: Registered nirvana:red_hemp_burlap to registry ResourceKey[minecraft:root / minecraft:block]
[15May2026 02:30:09.197] [main/DEBUG] [com.tterrag.registrate.AbstractRegistrate/REGISTRATE.REGISTER]: Registered nirvana:orange_hemp_burlap to registry ResourceKey[minecraft:root / minecraft:block]
[15May2026 02:30:09.197] [main/DEBUG] [com.tterrag.registrate.AbstractRegistrate/REGISTRATE.REGISTER]: Registered nirvana:yellow_hemp_burlap to registry ResourceKey[minecraft:root / minecraft:block]
[15May2026 02:30:09.197] [main/DEBUG] [com.tterrag.registrate.AbstractRegistrate/REGISTRATE.REGISTER]: Registered nirvana:lime_hemp_burlap to registry ResourceKey[minecraft:root / minecraft:block]
[15May2026 02:30:09.197] [main/DEBUG] [com.tterrag.registrate.AbstractRegistrate/REGISTRATE.REGISTER]: Registered nirvana:green_hemp_burlap to registry ResourceKey[minecraft:root / minecraft:block]
[15May2026 02:30:09.198] [main/DEBUG] [com.tterrag.registrate.AbstractRegistrate/REGISTRATE.REGISTER]: Registered nirvana:cyan_hemp_burlap to registry ResourceKey[minecraft:root / minecraft:block]
[15May2026 02:30:09.198] [main/DEBUG] [com.tterrag.registrate.AbstractRegistrate/REGISTRATE.REGISTER]: Registered nirvana:light_blue_hemp_burlap to registry ResourceKey[minecraft:root / minecraft:block]
[15May2026 02:30:09.198] [main/DEBUG] [com.tterrag.registrate.AbstractRegistrate/REGISTRATE.REGISTER]: Registered nirvana:blue_hemp_burlap to registry ResourceKey[minecraft:root / minecraft:block]
[15May2026 02:30:09.198] [main/DEBUG] [com.tterrag.registrate.AbstractRegistrate/REGISTRATE.REGISTER]: Registered nirvana:purple_hemp_burlap to registry ResourceKey[minecraft:root / minecraft:block]
[15May2026 02:30:09.198] [main/DEBUG] [com.tterrag.registrate.AbstractRegistrate/REGISTRATE.REGISTER]: Registered nirvana:magenta_hemp_burlap to registry ResourceKey[minecraft:root / minecraft:block]
[15May2026 02:30:09.198] [main/DEBUG] [com.tterrag.registrate.AbstractRegistrate/REGISTRATE.REGISTER]: Registered nirvana:pink_hemp_burlap to registry ResourceKey[minecraft:root / minecraft:block]
[15May2026 02:30:09.198] [main/DEBUG] [com.tterrag.registrate.AbstractRegistrate/REGISTRATE.REGISTER]: Registered nirvana:woven_burlap to registry ResourceKey[minecraft:root / minecraft:block]
[15May2026 02:30:09.198] [main/DEBUG] [com.tterrag.registrate.AbstractRegistrate/REGISTRATE.REGISTER]: Registered nirvana:white_woven_burlap to registry ResourceKey[minecraft:root / minecraft:block]
[15May2026 02:30:09.199] [main/DEBUG] [com.tterrag.registrate.AbstractRegistrate/REGISTRATE.REGISTER]: Registered nirvana:light_gray_woven_burlap to registry ResourceKey[minecraft:root / minecraft:block]
[15May2026 02:30:09.199] [main/DEBUG] [com.tterrag.registrate.AbstractRegistrate/REGISTRATE.REGISTER]: Registered nirvana:gray_woven_burlap to registry ResourceKey[minecraft:root / minecraft:block]
[15May2026 02:30:09.199] [main/DEBUG] [com.tterrag.registrate.AbstractRegistrate/REGISTRATE.REGISTER]: Registered nirvana:black_woven_burlap to registry ResourceKey[minecraft:root / minecraft:block]
[15May2026 02:30:09.199] [main/DEBUG] [com.tterrag.registrate.AbstractRegistrate/REGISTRATE.REGISTER]: Registered nirvana:brown_woven_burlap to registry ResourceKey[minecraft:root / minecraft:block]
[15May2026 02:30:09.199] [main/DEBUG] [com.tterrag.registrate.AbstractRegistrate/REGISTRATE.REGISTER]: Registered nirvana:red_woven_burlap to registry ResourceKey[minecraft:root / minecraft:block]
[15May2026 02:30:09.199] [main/DEBUG] [com.tterrag.registrate.AbstractRegistrate/REGISTRATE.REGISTER]: Registered nirvana:orange_woven_burlap to registry ResourceKey[minecraft:root / minecraft:block]
[15May2026 02:30:09.199] [main/DEBUG] [com.tterrag.registrate.AbstractRegistrate/REGISTRATE.REGISTER]: Registered nirvana:yellow_woven_burlap to registry ResourceKey[minecraft:root / minecraft:block]
[15May2026 02:30:09.199] [main/DEBUG] [com.tterrag.registrate.AbstractRegistrate/REGISTRATE.REGISTER]: Registered nirvana:lime_woven_burlap to registry ResourceKey[minecraft:root / minecraft:block]
[15May2026 02:30:09.199] [main/DEBUG] [com.tterrag.registrate.AbstractRegistrate/REGISTRATE.REGISTER]: Registered nirvana:green_woven_burlap to registry ResourceKey[minecraft:root / minecraft:block]
[15May2026 02:30:09.200] [main/DEBUG] [com.tterrag.registrate.AbstractRegistrate/REGISTRATE.REGISTER]: Registered nirvana:cyan_woven_burlap to registry ResourceKey[minecraft:root / minecraft:block]
[15May2026 02:30:09.200] [main/DEBUG] [com.tterrag.registrate.AbstractRegistrate/REGISTRATE.REGISTER]: Registered nirvana:light_blue_woven_burlap to registry ResourceKey[minecraft:root / minecraft:block]
[15May2026 02:30:09.200] [main/DEBUG] [com.tterrag.registrate.AbstractRegistrate/REGISTRATE.REGISTER]: Registered nirvana:blue_woven_burlap to registry ResourceKey[minecraft:root / minecraft:block]
[15May2026 02:30:09.200] [main/DEBUG] [com.tterrag.registrate.AbstractRegistrate/REGISTRATE.REGISTER]: Registered nirvana:purple_woven_burlap to registry ResourceKey[minecraft:root / minecraft:block]
[15May2026 02:30:09.200] [main/DEBUG] [com.tterrag.registrate.AbstractRegistrate/REGISTRATE.REGISTER]: Registered nirvana:magenta_woven_burlap to registry ResourceKey[minecraft:root / minecraft:block]
[15May2026 02:30:09.200] [main/DEBUG] [com.tterrag.registrate.AbstractRegistrate/REGISTRATE.REGISTER]: Registered nirvana:pink_woven_burlap to registry ResourceKey[minecraft:root / minecraft:block]
[15May2026 02:30:09.718] [main/DEBUG] [com.tterrag.registrate.AbstractRegistrate/REGISTRATE.REGISTER]: Registering 1 known objects of type minecraft:mob_effect
[15May2026 02:30:09.718] [main/DEBUG] [com.tterrag.registrate.AbstractRegistrate/REGISTRATE.REGISTER]: Registered nirvana:peace to registry ResourceKey[minecraft:root / minecraft:mob_effect]
[15May2026 02:30:09.731] [main/DEBUG] [com.tterrag.registrate.AbstractRegistrate/REGISTRATE.REGISTER]: Registering 3 known objects of type minecraft:particle_type
[15May2026 02:30:09.731] [main/DEBUG] [com.tterrag.registrate.AbstractRegistrate/REGISTRATE.REGISTER]: Registered nirvana:smoke_ring to registry ResourceKey[minecraft:root / minecraft:particle_type]
[15May2026 02:30:09.731] [main/DEBUG] [com.tterrag.registrate.AbstractRegistrate/REGISTRATE.REGISTER]: Registered nirvana:herbal_salve to registry ResourceKey[minecraft:root / minecraft:particle_type]
[15May2026 02:30:09.731] [main/DEBUG] [com.tterrag.registrate.AbstractRegistrate/REGISTRATE.REGISTER]: Registered nirvana:thc_smoke to registry ResourceKey[minecraft:root / minecraft:particle_type]
[15May2026 02:30:09.836] [main/DEBUG] [software.bernie.geckolib.GeckoLib/]: Registered SyncedAnimatable for class dev.xylonity.bonsai.clockwork.common.item.BarrelCrossbow
[15May2026 02:30:09.837] [main/DEBUG] [software.bernie.geckolib.GeckoLib/]: Registered SyncedAnimatable for class dev.xylonity.bonsai.clockwork.common.item.ScopeCrossbow
[15May2026 02:30:09.838] [main/DEBUG] [software.bernie.geckolib.GeckoLib/]: Registered SyncedAnimatable for class dev.xylonity.bonsai.clockwork.common.item.PotionSprayer
[15May2026 02:30:09.968] [main/DEBUG] [com.tterrag.registrate.AbstractRegistrate/REGISTRATE.REGISTER]: Registering 57 known objects of type minecraft:item
[15May2026 02:30:09.969] [main/DEBUG] [com.tterrag.registrate.AbstractRegistrate/REGISTRATE.REGISTER]: Registered nirvana:hemp_crate to registry ResourceKey[minecraft:root / minecraft:item]
[15May2026 02:30:09.969] [main/DEBUG] [com.tterrag.registrate.AbstractRegistrate/REGISTRATE.REGISTER]: Registered nirvana:weed_crate to registry ResourceKey[minecraft:root / minecraft:item]
[15May2026 02:30:09.969] [main/DEBUG] [com.tterrag.registrate.AbstractRegistrate/REGISTRATE.REGISTER]: Registered nirvana:bliss_bloom to registry ResourceKey[minecraft:root / minecraft:item]
[15May2026 02:30:09.969] [main/DEBUG] [com.tterrag.registrate.AbstractRegistrate/REGISTRATE.REGISTER]: Registered nirvana:wild_hemp to registry ResourceKey[minecraft:root / minecraft:item]
[15May2026 02:30:09.969] [main/DEBUG] [com.tterrag.registrate.AbstractRegistrate/REGISTRATE.REGISTER]: Registered nirvana:thc to registry ResourceKey[minecraft:root / minecraft:item]
[15May2026 02:30:09.969] [main/DEBUG] [com.tterrag.registrate.AbstractRegistrate/REGISTRATE.REGISTER]: Registered nirvana:hemp_burlap to registry ResourceKey[minecraft:root / minecraft:item]
[15May2026 02:30:09.970] [main/DEBUG] [com.tterrag.registrate.AbstractRegistrate/REGISTRATE.REGISTER]: Registered nirvana:white_hemp_burlap to registry ResourceKey[minecraft:root / minecraft:item]
[15May2026 02:30:09.970] [main/DEBUG] [com.tterrag.registrate.AbstractRegistrate/REGISTRATE.REGISTER]: Registered nirvana:light_gray_hemp_burlap to registry ResourceKey[minecraft:root / minecraft:item]
[15May2026 02:30:09.970] [main/DEBUG] [com.tterrag.registrate.AbstractRegistrate/REGISTRATE.REGISTER]: Registered nirvana:gray_hemp_burlap to registry ResourceKey[minecraft:root / minecraft:item]
[15May2026 02:30:09.970] [main/DEBUG] [com.tterrag.registrate.AbstractRegistrate/REGISTRATE.REGISTER]: Registered nirvana:black_hemp_burlap to registry ResourceKey[minecraft:root / minecraft:item]
[15May2026 02:30:09.970] [main/DEBUG] [com.tterrag.registrate.AbstractRegistrate/REGISTRATE.REGISTER]: Registered nirvana:brown_hemp_burlap to registry ResourceKey[minecraft:root / minecraft:item]
[15May2026 02:30:09.970] [main/DEBUG] [com.tterrag.registrate.AbstractRegistrate/REGISTRATE.REGISTER]: Registered nirvana:red_hemp_burlap to registry ResourceKey[minecraft:root / minecraft:item]
[15May2026 02:30:09.971] [main/DEBUG] [com.tterrag.registrate.AbstractRegistrate/REGISTRATE.REGISTER]: Registered nirvana:orange_hemp_burlap to registry ResourceKey[minecraft:root / minecraft:item]
[15May2026 02:30:09.971] [main/DEBUG] [com.tterrag.registrate.AbstractRegistrate/REGISTRATE.REGISTER]: Registered nirvana:yellow_hemp_burlap to registry ResourceKey[minecraft:root / minecraft:item]
[15May2026 02:30:09.971] [main/DEBUG] [com.tterrag.registrate.AbstractRegistrate/REGISTRATE.REGISTER]: Registered nirvana:lime_hemp_burlap to registry ResourceKey[minecraft:root / minecraft:item]
[15May2026 02:30:09.971] [main/DEBUG] [com.tterrag.registrate.AbstractRegistrate/REGISTRATE.REGISTER]: Registered nirvana:green_hemp_burlap to registry ResourceKey[minecraft:root / minecraft:item]
[15May2026 02:30:09.971] [main/DEBUG] [com.tterrag.registrate.AbstractRegistrate/REGISTRATE.REGISTER]: Registered nirvana:cyan_hemp_burlap to registry ResourceKey[minecraft:root / minecraft:item]
[15May2026 02:30:09.971] [main/DEBUG] [com.tterrag.registrate.AbstractRegistrate/REGISTRATE.REGISTER]: Registered nirvana:light_blue_hemp_burlap to registry ResourceKey[minecraft:root / minecraft:item]
[15May2026 02:30:09.971] [main/DEBUG] [com.tterrag.registrate.AbstractRegistrate/REGISTRATE.REGISTER]: Registered nirvana:blue_hemp_burlap to registry ResourceKey[minecraft:root / minecraft:item]
[15May2026 02:30:09.971] [main/DEBUG] [com.tterrag.registrate.AbstractRegistrate/REGISTRATE.REGISTER]: Registered nirvana:purple_hemp_burlap to registry ResourceKey[minecraft:root / minecraft:item]
[15May2026 02:30:09.972] [main/DEBUG] [com.tterrag.registrate.AbstractRegistrate/REGISTRATE.REGISTER]: Registered nirvana:magenta_hemp_burlap to registry ResourceKey[minecraft:root / minecraft:item]
[15May2026 02:30:09.972] [main/DEBUG] [com.tterrag.registrate.AbstractRegistrate/REGISTRATE.REGISTER]: Registered nirvana:pink_hemp_burlap to registry ResourceKey[minecraft:root / minecraft:item]
[15May2026 02:30:09.972] [main/DEBUG] [com.tterrag.registrate.AbstractRegistrate/REGISTRATE.REGISTER]: Registered nirvana:woven_burlap to registry ResourceKey[minecraft:root / minecraft:item]
[15May2026 02:30:09.972] [main/DEBUG] [com.tterrag.registrate.AbstractRegistrate/REGISTRATE.REGISTER]: Registered nirvana:white_woven_burlap to registry ResourceKey[minecraft:root / minecraft:item]
[15May2026 02:30:09.972] [main/DEBUG] [com.tterrag.registrate.AbstractRegistrate/REGISTRATE.REGISTER]: Registered nirvana:light_gray_woven_burlap to registry ResourceKey[minecraft:root / minecraft:item]
[15May2026 02:30:09.972] [main/DEBUG] [com.tterrag.registrate.AbstractRegistrate/REGISTRATE.REGISTER]: Registered nirvana:gray_woven_burlap to registry ResourceKey[minecraft:root / minecraft:item]
[15May2026 02:30:09.972] [main/DEBUG] [com.tterrag.registrate.AbstractRegistrate/REGISTRATE.REGISTER]: Registered nirvana:black_woven_burlap to registry ResourceKey[minecraft:root / minecraft:item]
[15May2026 02:30:09.972] [main/DEBUG] [com.tterrag.registrate.AbstractRegistrate/REGISTRATE.REGISTER]: Registered nirvana:brown_woven_burlap to registry ResourceKey[minecraft:root / minecraft:item]
[15May2026 02:30:09.972] [main/DEBUG] [com.tterrag.registrate.AbstractRegistrate/REGISTRATE.REGISTER]: Registered nirvana:red_woven_burlap to registry ResourceKey[minecraft:root / minecraft:item]
[15May2026 02:30:09.972] [main/DEBUG] [com.tterrag.registrate.AbstractRegistrate/REGISTRATE.REGISTER]: Registered nirvana:orange_woven_burlap to registry ResourceKey[minecraft:root / minecraft:item]
[15May2026 02:30:09.972] [main/DEBUG] [com.tterrag.registrate.AbstractRegistrate/REGISTRATE.REGISTER]: Registered nirvana:yellow_woven_burlap to registry ResourceKey[minecraft:root / minecraft:item]
[15May2026 02:30:09.973] [main/DEBUG] [com.tterrag.registrate.AbstractRegistrate/REGISTRATE.REGISTER]: Registered nirvana:lime_woven_burlap to registry ResourceKey[minecraft:root / minecraft:item]
[15May2026 02:30:09.973] [main/DEBUG] [com.tterrag.registrate.AbstractRegistrate/REGISTRATE.REGISTER]: Registered nirvana:green_woven_burlap to registry ResourceKey[minecraft:root / minecraft:item]
[15May2026 02:30:09.973] [main/DEBUG] [com.tterrag.registrate.AbstractRegistrate/REGISTRATE.REGISTER]: Registered nirvana:cyan_woven_burlap to registry ResourceKey[minecraft:root / minecraft:item]
[15May2026 02:30:09.973] [main/DEBUG] [com.tterrag.registrate.AbstractRegistrate/REGISTRATE.REGISTER]: Registered nirvana:light_blue_woven_burlap to registry ResourceKey[minecraft:root / minecraft:item]
[15May2026 02:30:09.973] [main/DEBUG] [com.tterrag.registrate.AbstractRegistrate/REGISTRATE.REGISTER]: Registered nirvana:blue_woven_burlap to registry ResourceKey[minecraft:root / minecraft:item]
[15May2026 02:30:09.973] [main/DEBUG] [com.tterrag.registrate.AbstractRegistrate/REGISTRATE.REGISTER]: Registered nirvana:purple_woven_burlap to registry ResourceKey[minecraft:root / minecraft:item]
[15May2026 02:30:09.973] [main/DEBUG] [com.tterrag.registrate.AbstractRegistrate/REGISTRATE.REGISTER]: Registered nirvana:magenta_woven_burlap to registry ResourceKey[minecraft:root / minecraft:item]
[15May2026 02:30:09.973] [main/DEBUG] [com.tterrag.registrate.AbstractRegistrate/REGISTRATE.REGISTER]: Registered nirvana:pink_woven_burlap to registry ResourceKey[minecraft:root / minecraft:item]
[15May2026 02:30:09.974] [main/DEBUG] [com.tterrag.registrate.AbstractRegistrate/REGISTRATE.REGISTER]: Registered nirvana:hemp to registry ResourceKey[minecraft:root / minecraft:item]
[15May2026 02:30:09.974] [main/DEBUG] [com.tterrag.registrate.AbstractRegistrate/REGISTRATE.REGISTER]: Registered nirvana:hemp_seeds to registry ResourceKey[minecraft:root / minecraft:item]
[15May2026 02:30:09.974] [main/DEBUG] [com.tterrag.registrate.AbstractRegistrate/REGISTRATE.REGISTER]: Registered nirvana:weed to registry ResourceKey[minecraft:root / minecraft:item]
[15May2026 02:30:09.974] [main/DEBUG] [com.tterrag.registrate.AbstractRegistrate/REGISTRATE.REGISTER]: Registered nirvana:weed_brownie to registry ResourceKey[minecraft:root / minecraft:item]
[15May2026 02:30:09.974] [main/DEBUG] [com.tterrag.registrate.AbstractRegistrate/REGISTRATE.REGISTER]: Registered nirvana:bong to registry ResourceKey[minecraft:root / minecraft:item]
[15May2026 02:30:09.974] [main/DEBUG] [com.tterrag.registrate.AbstractRegistrate/REGISTRATE.REGISTER]: Registered nirvana:potion_bong to registry ResourceKey[minecraft:root / minecraft:item]
[15May2026 02:30:09.976] [main/DEBUG] [com.tterrag.registrate.AbstractRegistrate/REGISTRATE.REGISTER]: Registered nirvana:joint to registry ResourceKey[minecraft:root / minecraft:item]
[15May2026 02:30:09.976] [main/DEBUG] [com.tterrag.registrate.AbstractRegistrate/REGISTRATE.REGISTER]: Registered nirvana:herbal_salve to registry ResourceKey[minecraft:root / minecraft:item]
[15May2026 02:30:09.976] [main/DEBUG] [com.tterrag.registrate.AbstractRegistrate/REGISTRATE.REGISTER]: Registered nirvana:music_disc_jam to registry ResourceKey[minecraft:root / minecraft:item]
[15May2026 02:30:09.976] [main/DEBUG] [com.tterrag.registrate.AbstractRegistrate/REGISTRATE.REGISTER]: Registered nirvana:old_pipe to registry ResourceKey[minecraft:root / minecraft:item]
[15May2026 02:30:09.977] [main/DEBUG] [com.tterrag.registrate.AbstractRegistrate/REGISTRATE.REGISTER]: Registered nirvana:stuffed_pipe to registry ResourceKey[minecraft:root / minecraft:item]
[15May2026 02:30:09.977] [main/DEBUG] [com.tterrag.registrate.AbstractRegistrate/REGISTRATE.REGISTER]: Registered nirvana:suspicious_pipe to registry ResourceKey[minecraft:root / minecraft:item]
[15May2026 02:30:09.977] [main/DEBUG] [com.tterrag.registrate.AbstractRegistrate/REGISTRATE.REGISTER]: Registered nirvana:reefer_spawn_egg to registry ResourceKey[minecraft:root / minecraft:item]
[15May2026 02:30:09.978] [main/DEBUG] [com.tterrag.registrate.AbstractRegistrate/REGISTRATE.REGISTER]: Registered nirvana:thc_minecart to registry ResourceKey[minecraft:root / minecraft:item]
[15May2026 02:30:09.978] [main/DEBUG] [com.tterrag.registrate.AbstractRegistrate/REGISTRATE.REGISTER]: Registered nirvana:peace_banner_pattern to registry ResourceKey[minecraft:root / minecraft:item]
[15May2026 02:30:09.978] [main/DEBUG] [com.tterrag.registrate.AbstractRegistrate/REGISTRATE.REGISTER]: Registered nirvana:hemp_cloth to registry ResourceKey[minecraft:root / minecraft:item]
[15May2026 02:30:09.979] [main/DEBUG] [com.tterrag.registrate.AbstractRegistrate/REGISTRATE.REGISTER]: Registered nirvana:deerstalker to registry ResourceKey[minecraft:root / minecraft:item]
[15May2026 02:30:09.979] [main/DEBUG] [com.tterrag.registrate.AbstractRegistrate/REGISTRATE.REGISTER]: Registered nirvana:reefer_head to registry ResourceKey[minecraft:root / minecraft:item]
[15May2026 02:30:09.980] [main/DEBUG] [software.bernie.geckolib.GeckoLib/]: Registered SyncedAnimatable for class dev.xylonity.knightlib.common.item.blockitem.GreatChaliceBlockItem
[15May2026 02:30:10.476] [main/DEBUG] [com.tterrag.registrate.AbstractRegistrate/REGISTRATE.REGISTER]: Registering 3 known objects of type minecraft:entity_type
[15May2026 02:30:10.476] [main/DEBUG] [com.tterrag.registrate.AbstractRegistrate/REGISTRATE.REGISTER]: Registered nirvana:reefer to registry ResourceKey[minecraft:root / minecraft:entity_type]
[15May2026 02:30:10.477] [main/DEBUG] [com.tterrag.registrate.AbstractRegistrate/REGISTRATE.REGISTER]: Registered nirvana:thc to registry ResourceKey[minecraft:root / minecraft:entity_type]
[15May2026 02:30:10.477] [main/DEBUG] [com.tterrag.registrate.AbstractRegistrate/REGISTRATE.REGISTER]: Registered nirvana:thc_minecart to registry ResourceKey[minecraft:root / minecraft:entity_type]
[15May2026 02:30:10.602] [main/DEBUG] [mixin/]: Mixing PotionUtilsMixin from clockwork.forge.mixins.json into net.minecraft.world.item.alchemy.PotionUtils
[15May2026 02:30:10.605] [main/DEBUG] [mixin/]: Mixing PotionUtilsMixin from attributeslib.mixins.json into net.minecraft.world.item.alchemy.PotionUtils
[15May2026 02:30:10.646] [main/DEBUG] [com.tterrag.registrate.AbstractRegistrate/REGISTRATE.REGISTER]: Registering 1 known objects of type minecraft:block_entity_type
[15May2026 02:30:10.647] [main/DEBUG] [com.tterrag.registrate.AbstractRegistrate/REGISTRATE.REGISTER]: Registered nirvana:skull to registry ResourceKey[minecraft:root / minecraft:block_entity_type]
[15May2026 02:30:10.688] [main/DEBUG] [com.tterrag.registrate.AbstractRegistrate/REGISTRATE.REGISTER]: Registering 1 known objects of type minecraft:painting_variant
[15May2026 02:30:10.688] [main/DEBUG] [com.tterrag.registrate.AbstractRegistrate/REGISTRATE.REGISTER]: Registered nirvana:this_is_not_a_horn to registry ResourceKey[minecraft:root / minecraft:painting_variant]
[15May2026 02:30:10.726] [main/DEBUG] [placebo/]: Registered 0 recipe types.
[15May2026 02:30:10.742] [main/DEBUG] [mixin/]: Mixing accessor.ShapelessRecipeAccessor from tombstone.mixins.json into net.minecraft.world.item.crafting.ShapelessRecipe
[15May2026 02:30:10.752] [main/DEBUG] [com.tterrag.registrate.AbstractRegistrate/REGISTRATE.REGISTER]: Registering 1 known objects of type minecraft:recipe_serializer
[15May2026 02:30:10.753] [main/DEBUG] [com.tterrag.registrate.AbstractRegistrate/REGISTRATE.REGISTER]: Registered nirvana:suspicious_crafting to registry ResourceKey[minecraft:root / minecraft:recipe_serializer]
[15May2026 02:30:10.850] [main/DEBUG] [com.tterrag.registrate.AbstractRegistrate/REGISTRATE.REGISTER]: Registering 1 known objects of type minecraft:banner_pattern
[15May2026 02:30:10.850] [main/DEBUG] [com.tterrag.registrate.AbstractRegistrate/REGISTRATE.REGISTER]: Registered nirvana:peace to registry ResourceKey[minecraft:root / minecraft:banner_pattern]
[15May2026 02:30:10.925] [main/DEBUG] [com.tterrag.registrate.AbstractRegistrate/REGISTRATE.REGISTER]: Registering 2 known objects of type forge:global_loot_modifier_serializers
[15May2026 02:30:10.925] [main/DEBUG] [com.tterrag.registrate.AbstractRegistrate/REGISTRATE.REGISTER]: Registered nirvana:replace_item to registry ResourceKey[minecraft:root / forge:global_loot_modifier_serializers]
[15May2026 02:30:10.926] [main/DEBUG] [com.tterrag.registrate.AbstractRegistrate/REGISTRATE.REGISTER]: Registered nirvana:add_item to registry ResourceKey[minecraft:root / forge:global_loot_modifier_serializers]
[15May2026 02:30:10.945] [main/DEBUG] [mixin/]: Mixing ForgeHooksMixin from tombstone.mixins.json into net.minecraftforge.common.ForgeHooks
[15May2026 02:30:10.982] [main/DEBUG] [mixin/]: Mixing accessor.SpawnPlacementsAccessor from yungscavebiomes.mixins.json into net.minecraft.world.entity.SpawnPlacements
[15May2026 02:30:10.982] [main/DEBUG] [mixin/]: Renaming @Invoker method callRegister(Lnet/minecraft/world/entity/EntityType;Lnet/minecraft/world/entity/SpawnPlacements$Type;Lnet/minecraft/world/level/levelgen/Heightmap$Types;Lnet/minecraft/world/entity/SpawnPlacements$SpawnPredicate;)V to callRegister_$md$baff56$0 in yungscavebiomes.mixins.json:accessor.SpawnPlacementsAccessor
[15May2026 02:30:11.029] [main/WARN] [net.minecraft.network.syncher.SynchedEntityData/]: defineId called for: class net.mcreator.borninchaosv.entity.BabySpiderEntity from class net.mcreator.borninchaosv.entity.MotherSpiderEntity
[15May2026 02:30:11.063] [main/DEBUG] [net.minecraftforge.fml.config.ConfigTracker/CONFIG]: Loading configs type COMMON
[15May2026 02:30:11.064] [main/DEBUG] [net.minecraftforge.fml.config.ConfigFileTypeHandler/CONFIG]: Built TOML config for /workspaces/LaIslaPepa/servidor_minecraft/config/betterdungeons-forge-1_20.toml
[15May2026 02:30:11.065] [main/DEBUG] [net.minecraftforge.fml.config.ConfigFileTypeHandler/CONFIG]: Loaded TOML config file /workspaces/LaIslaPepa/servidor_minecraft/config/betterdungeons-forge-1_20.toml
[15May2026 02:30:11.070] [main/DEBUG] [net.minecraftforge.fml.config.ConfigFileTypeHandler/CONFIG]: Watching TOML config file /workspaces/LaIslaPepa/servidor_minecraft/config/betterdungeons-forge-1_20.toml for changes
[15May2026 02:30:11.072] [Thread-2/DEBUG] [net.minecraftforge.fml.config.ConfigFileTypeHandler/CONFIG]: Config file betterdungeons-forge-1_20.toml changed, sending notifies
[15May2026 02:30:11.073] [main/DEBUG] [net.minecraftforge.fml.config.ConfigFileTypeHandler/CONFIG]: Built TOML config for /workspaces/LaIslaPepa/servidor_minecraft/config/sophisticatedcore-common.toml
[15May2026 02:30:11.074] [main/DEBUG] [net.minecraftforge.fml.config.ConfigFileTypeHandler/CONFIG]: Loaded TOML config file /workspaces/LaIslaPepa/servidor_minecraft/config/sophisticatedcore-common.toml
[15May2026 02:30:11.074] [main/DEBUG] [net.minecraftforge.fml.config.ConfigFileTypeHandler/CONFIG]: Watching TOML config file /workspaces/LaIslaPepa/servidor_minecraft/config/sophisticatedcore-common.toml for changes
[15May2026 02:30:11.075] [Thread-2/DEBUG] [net.minecraftforge.fml.config.ConfigFileTypeHandler/CONFIG]: Config file betterdungeons-forge-1_20.toml changed, sending notifies
[15May2026 02:30:11.075] [main/DEBUG] [net.minecraftforge.fml.config.ConfigFileTypeHandler/CONFIG]: Built TOML config for /workspaces/LaIslaPepa/servidor_minecraft/config/citadel-common.toml
[15May2026 02:30:11.076] [main/DEBUG] [net.minecraftforge.fml.config.ConfigFileTypeHandler/CONFIG]: Loaded TOML config file /workspaces/LaIslaPepa/servidor_minecraft/config/citadel-common.toml
[15May2026 02:30:11.076] [main/DEBUG] [net.minecraftforge.fml.config.ConfigFileTypeHandler/CONFIG]: Watching TOML config file /workspaces/LaIslaPepa/servidor_minecraft/config/citadel-common.toml for changes
[15May2026 02:30:11.076] [Thread-2/DEBUG] [net.minecraftforge.fml.config.ConfigFileTypeHandler/CONFIG]: Config file citadel-common.toml changed, sending notifies
[15May2026 02:30:11.077] [main/DEBUG] [net.minecraftforge.fml.config.ConfigFileTypeHandler/CONFIG]: Built TOML config for /workspaces/LaIslaPepa/servidor_minecraft/config/sophisticatedbackpacks-common.toml
[15May2026 02:30:11.077] [Thread-2/DEBUG] [net.minecraftforge.fml.config.ConfigFileTypeHandler/CONFIG]: Config file citadel-common.toml changed, sending notifies
[15May2026 02:30:11.077] [main/DEBUG] [net.minecraftforge.fml.config.ConfigFileTypeHandler/CONFIG]: Loaded TOML config file /workspaces/LaIslaPepa/servidor_minecraft/config/sophisticatedbackpacks-common.toml
[15May2026 02:30:11.077] [main/DEBUG] [net.minecraftforge.fml.config.ConfigFileTypeHandler/CONFIG]: Watching TOML config file /workspaces/LaIslaPepa/servidor_minecraft/config/sophisticatedbackpacks-common.toml for changes
[15May2026 02:30:11.078] [main/DEBUG] [net.minecraftforge.fml.config.ConfigFileTypeHandler/CONFIG]: Built TOML config for /workspaces/LaIslaPepa/servidor_minecraft/config/forgivingvoid-common.toml
[15May2026 02:30:11.078] [main/DEBUG] [net.minecraftforge.fml.config.ConfigFileTypeHandler/CONFIG]: Loaded TOML config file /workspaces/LaIslaPepa/servidor_minecraft/config/forgivingvoid-common.toml
[15May2026 02:30:11.078] [main/DEBUG] [net.minecraftforge.fml.config.ConfigFileTypeHandler/CONFIG]: Watching TOML config file /workspaces/LaIslaPepa/servidor_minecraft/config/forgivingvoid-common.toml for changes
[15May2026 02:30:11.078] [Thread-2/DEBUG] [net.minecraftforge.fml.config.ConfigFileTypeHandler/CONFIG]: Config file sophisticatedbackpacks-common.toml changed, sending notifies
[15May2026 02:30:11.082] [main/DEBUG] [net.minecraftforge.fml.config.ConfigFileTypeHandler/CONFIG]: Built TOML config for /workspaces/LaIslaPepa/servidor_minecraft/config/hordes-common.toml
[15May2026 02:30:11.082] [Thread-2/DEBUG] [net.minecraftforge.fml.config.ConfigFileTypeHandler/CONFIG]: Config file forgivingvoid-common.toml changed, sending notifies
[15May2026 02:30:11.082] [main/DEBUG] [net.minecraftforge.fml.config.ConfigFileTypeHandler/CONFIG]: Loaded TOML config file /workspaces/LaIslaPepa/servidor_minecraft/config/hordes-common.toml
[15May2026 02:30:11.083] [main/DEBUG] [net.minecraftforge.fml.config.ConfigFileTypeHandler/CONFIG]: Watching TOML config file /workspaces/LaIslaPepa/servidor_minecraft/config/hordes-common.toml for changes
[15May2026 02:30:11.085] [main/DEBUG] [net.minecraftforge.fml.config.ConfigFileTypeHandler/CONFIG]: Built TOML config for /workspaces/LaIslaPepa/servidor_minecraft/config/alexsmobs.toml
[15May2026 02:30:11.087] [Thread-2/DEBUG] [net.minecraftforge.fml.config.ConfigFileTypeHandler/CONFIG]: Config file forgivingvoid-common.toml changed, sending notifies
[15May2026 02:30:11.088] [main/DEBUG] [net.minecraftforge.fml.config.ConfigFileTypeHandler/CONFIG]: Loaded TOML config file /workspaces/LaIslaPepa/servidor_minecraft/config/alexsmobs.toml
[15May2026 02:30:11.089] [main/DEBUG] [net.minecraftforge.fml.config.ConfigFileTypeHandler/CONFIG]: Watching TOML config file /workspaces/LaIslaPepa/servidor_minecraft/config/alexsmobs.toml for changes
[15May2026 02:30:11.136] [Thread-2/DEBUG] [net.minecraftforge.fml.config.ConfigFileTypeHandler/CONFIG]: Config file alexsmobs.toml changed, sending notifies
[15May2026 02:30:11.142] [main/DEBUG] [net.minecraftforge.fml.config.ConfigFileTypeHandler/CONFIG]: Built TOML config for /workspaces/LaIslaPepa/servidor_minecraft/config/carryon-common.toml
[15May2026 02:30:11.146] [main/DEBUG] [net.minecraftforge.fml.config.ConfigFileTypeHandler/CONFIG]: Loaded TOML config file /workspaces/LaIslaPepa/servidor_minecraft/config/carryon-common.toml
[15May2026 02:30:11.146] [main/DEBUG] [net.minecraftforge.fml.config.ConfigFileTypeHandler/CONFIG]: Watching TOML config file /workspaces/LaIslaPepa/servidor_minecraft/config/carryon-common.toml for changes
[15May2026 02:30:11.160] [Thread-2/DEBUG] [net.minecraftforge.fml.config.ConfigFileTypeHandler/CONFIG]: Config file alexsmobs.toml changed, sending notifies
[15May2026 02:30:11.217] [Thread-2/DEBUG] [net.minecraftforge.fml.config.ConfigFileTypeHandler/CONFIG]: Config file carryon-common.toml changed, sending notifies
[15May2026 02:30:11.218] [main/DEBUG] [net.minecraftforge.fml.config.ConfigFileTypeHandler/CONFIG]: Built TOML config for /workspaces/LaIslaPepa/servidor_minecraft/config/betterfortresses-forge-1_20.toml
[15May2026 02:30:11.218] [main/DEBUG] [net.minecraftforge.fml.config.ConfigFileTypeHandler/CONFIG]: Loaded TOML config file /workspaces/LaIslaPepa/servidor_minecraft/config/betterfortresses-forge-1_20.toml
[15May2026 02:30:11.218] [main/DEBUG] [net.minecraftforge.fml.config.ConfigFileTypeHandler/CONFIG]: Watching TOML config file /workspaces/LaIslaPepa/servidor_minecraft/config/betterfortresses-forge-1_20.toml for changes
[15May2026 02:30:11.219] [main/DEBUG] [net.minecraftforge.fml.config.ConfigFileTypeHandler/CONFIG]: Built TOML config for /workspaces/LaIslaPepa/servidor_minecraft/config/uniqueaccessories-common.toml
[15May2026 02:30:11.221] [main/DEBUG] [net.minecraftforge.fml.config.ConfigFileTypeHandler/CONFIG]: Loaded TOML config file /workspaces/LaIslaPepa/servidor_minecraft/config/uniqueaccessories-common.toml
[15May2026 02:30:11.221] [main/DEBUG] [net.minecraftforge.fml.config.ConfigFileTypeHandler/CONFIG]: Watching TOML config file /workspaces/LaIslaPepa/servidor_minecraft/config/uniqueaccessories-common.toml for changes
[15May2026 02:30:11.223] [main/DEBUG] [net.minecraftforge.fml.config.ConfigFileTypeHandler/CONFIG]: Built TOML config for /workspaces/LaIslaPepa/servidor_minecraft/config/torchmaster.toml
[15May2026 02:30:11.224] [main/DEBUG] [net.minecraftforge.fml.config.ConfigFileTypeHandler/CONFIG]: Loaded TOML config file /workspaces/LaIslaPepa/servidor_minecraft/config/torchmaster.toml
[15May2026 02:30:11.224] [main/DEBUG] [net.minecraftforge.fml.config.ConfigFileTypeHandler/CONFIG]: Watching TOML config file /workspaces/LaIslaPepa/servidor_minecraft/config/torchmaster.toml for changes
[15May2026 02:30:11.225] [main/DEBUG] [net.minecraftforge.fml.config.ConfigFileTypeHandler/CONFIG]: Built TOML config for /workspaces/LaIslaPepa/servidor_minecraft/config/clockwork.toml
[15May2026 02:30:11.225] [main/DEBUG] [net.minecraftforge.fml.config.ConfigFileTypeHandler/CONFIG]: Loaded TOML config file /workspaces/LaIslaPepa/servidor_minecraft/config/clockwork.toml
[15May2026 02:30:11.225] [main/DEBUG] [net.minecraftforge.fml.config.ConfigFileTypeHandler/CONFIG]: Watching TOML config file /workspaces/LaIslaPepa/servidor_minecraft/config/clockwork.toml for changes
[15May2026 02:30:11.226] [main/WARN] [net.minecraftforge.common.ForgeConfigSpec/CORE]: Configuration file /workspaces/LaIslaPepa/servidor_minecraft/config/clockwork.toml is not correct. Correcting
[15May2026 02:30:11.226] [main/DEBUG] [net.minecraftforge.common.ForgeConfigSpec/CORE]: The comment on key Dragonfly.DRAGONFLY_DEFAULT_HEALTH does not match the spec. This may create a backup.
[15May2026 02:30:11.226] [main/DEBUG] [net.minecraftforge.common.ForgeConfigSpec/CORE]: The comment on key Dragonfly.DRAGONFLY_DEFAULT_FLYING_SPEED does not match the spec. This may create a backup.
[15May2026 02:30:11.226] [main/DEBUG] [net.minecraftforge.common.ForgeConfigSpec/CORE]: The comment on key Dragonfly.DRAGONFLY_DEFAULT_WALKING_SPEED does not match the spec. This may create a backup.
[15May2026 02:30:11.226] [main/DEBUG] [net.minecraftforge.common.ForgeConfigSpec/CORE]: The comment on key Dragonfly.CLOCKWORK_GEAR_HEAL_AMOUNT does not match the spec. This may create a backup.
[15May2026 02:30:11.227] [main/DEBUG] [net.minecraftforge.common.ForgeConfigSpec/CORE]: The comment on key Clockwork Wings.CLOCKWORK_WINGS_DEFAULT_DURABILITY does not match the spec. This may create a backup.
[15May2026 02:30:11.227] [main/DEBUG] [net.minecraftforge.common.ForgeConfigSpec/CORE]: The comment on key Clockwork Wings.CLOCKWORK_WINGS_BOOST_VELOCITY does not match the spec. This may create a backup.
[15May2026 02:30:11.227] [main/DEBUG] [net.minecraftforge.common.ForgeConfigSpec/CORE]: The comment on key Clockwork Wings.CLOCKWORK_WINGS_DEFAULT_VELOCITY does not match the spec. This may create a backup.
[15May2026 02:30:11.227] [main/DEBUG] [net.minecraftforge.common.ForgeConfigSpec/CORE]: The comment on key Clockwork Wings.CLOCKWORK_WINGS_DEFAULT_SINK does not match the spec. This may create a backup.
[15May2026 02:30:11.227] [main/DEBUG] [net.minecraftforge.common.ForgeConfigSpec/CORE]: The comment on key Clockwork Wings.CLOCKWORK_WINGS_BOOST_COOLDOWN_TICKS does not match the spec. This may create a backup.
[15May2026 02:30:11.229] [main/DEBUG] [net.minecraftforge.fml.config.ConfigFileTypeHandler/CONFIG]: Built TOML config for /workspaces/LaIslaPepa/servidor_minecraft/config/curious-lanterns-common.toml
[15May2026 02:30:11.229] [main/DEBUG] [net.minecraftforge.fml.config.ConfigFileTypeHandler/CONFIG]: Loaded TOML config file /workspaces/LaIslaPepa/servidor_minecraft/config/curious-lanterns-common.toml
[15May2026 02:30:11.229] [main/DEBUG] [net.minecraftforge.fml.config.ConfigFileTypeHandler/CONFIG]: Watching TOML config file /workspaces/LaIslaPepa/servidor_minecraft/config/curious-lanterns-common.toml for changes
[15May2026 02:30:11.230] [main/DEBUG] [net.minecraftforge.fml.config.ConfigFileTypeHandler/CONFIG]: Built TOML config for /workspaces/LaIslaPepa/servidor_minecraft/config/curios-common.toml
[15May2026 02:30:11.230] [main/DEBUG] [net.minecraftforge.fml.config.ConfigFileTypeHandler/CONFIG]: Loaded TOML config file /workspaces/LaIslaPepa/servidor_minecraft/config/curios-common.toml
[15May2026 02:30:11.230] [main/DEBUG] [net.minecraftforge.fml.config.ConfigFileTypeHandler/CONFIG]: Watching TOML config file /workspaces/LaIslaPepa/servidor_minecraft/config/curios-common.toml for changes
[15May2026 02:30:11.230] [main/DEBUG] [net.minecraftforge.fml.config.ConfigFileTypeHandler/CONFIG]: Built TOML config for /workspaces/LaIslaPepa/servidor_minecraft/config/paraglider-player-states.toml
[15May2026 02:30:11.231] [main/DEBUG] [net.minecraftforge.fml.config.ConfigFileTypeHandler/CONFIG]: Loaded TOML config file /workspaces/LaIslaPepa/servidor_minecraft/config/paraglider-player-states.toml
[15May2026 02:30:11.232] [main/DEBUG] [net.minecraftforge.fml.config.ConfigFileTypeHandler/CONFIG]: Watching TOML config file /workspaces/LaIslaPepa/servidor_minecraft/config/paraglider-player-states.toml for changes
[15May2026 02:30:11.232] [main/DEBUG] [net.minecraftforge.fml.config.ConfigFileTypeHandler/CONFIG]: Built TOML config for /workspaces/LaIslaPepa/servidor_minecraft/config/tombstone-common.toml
[15May2026 02:30:11.233] [main/DEBUG] [net.minecraftforge.fml.config.ConfigFileTypeHandler/CONFIG]: Loaded TOML config file /workspaces/LaIslaPepa/servidor_minecraft/config/tombstone-common.toml
[15May2026 02:30:11.233] [main/DEBUG] [net.minecraftforge.fml.config.ConfigFileTypeHandler/CONFIG]: Watching TOML config file /workspaces/LaIslaPepa/servidor_minecraft/config/tombstone-common.toml for changes
[15May2026 02:30:11.235] [main/DEBUG] [net.minecraftforge.fml.config.ConfigFileTypeHandler/CONFIG]: Built TOML config for /workspaces/LaIslaPepa/servidor_minecraft/config/paraglider-common.toml
[15May2026 02:30:11.238] [main/DEBUG] [net.minecraftforge.fml.config.ConfigFileTypeHandler/CONFIG]: Loaded TOML config file /workspaces/LaIslaPepa/servidor_minecraft/config/paraglider-common.toml
[15May2026 02:30:11.238] [main/DEBUG] [net.minecraftforge.fml.config.ConfigFileTypeHandler/CONFIG]: Watching TOML config file /workspaces/LaIslaPepa/servidor_minecraft/config/paraglider-common.toml for changes
[15May2026 02:30:11.238] [main/DEBUG] [net.minecraftforge.fml.config.ConfigFileTypeHandler/CONFIG]: Built TOML config for /workspaces/LaIslaPepa/servidor_minecraft/config/tacz-common.toml
[15May2026 02:30:11.239] [main/DEBUG] [net.minecraftforge.fml.config.ConfigFileTypeHandler/CONFIG]: Loaded TOML config file /workspaces/LaIslaPepa/servidor_minecraft/config/tacz-common.toml
[15May2026 02:30:11.239] [main/DEBUG] [net.minecraftforge.fml.config.ConfigFileTypeHandler/CONFIG]: Watching TOML config file /workspaces/LaIslaPepa/servidor_minecraft/config/tacz-common.toml for changes
[15May2026 02:30:11.239] [main/DEBUG] [net.minecraftforge.fml.config.ConfigFileTypeHandler/CONFIG]: Built TOML config for /workspaces/LaIslaPepa/servidor_minecraft/config/YungsCaveBiomes-forge-1_20_1.toml
[15May2026 02:30:11.240] [main/DEBUG] [net.minecraftforge.fml.config.ConfigFileTypeHandler/CONFIG]: Loaded TOML config file /workspaces/LaIslaPepa/servidor_minecraft/config/YungsCaveBiomes-forge-1_20_1.toml
[15May2026 02:30:11.240] [main/DEBUG] [net.minecraftforge.fml.config.ConfigFileTypeHandler/CONFIG]: Watching TOML config file /workspaces/LaIslaPepa/servidor_minecraft/config/YungsCaveBiomes-forge-1_20_1.toml for changes
[15May2026 02:30:11.242] [main/DEBUG] [net.minecraftforge.fml.config.ConfigFileTypeHandler/CONFIG]: Built TOML config for /workspaces/LaIslaPepa/servidor_minecraft/config/nirvana-common.toml
[15May2026 02:30:11.242] [main/DEBUG] [net.minecraftforge.fml.config.ConfigFileTypeHandler/CONFIG]: Loaded TOML config file /workspaces/LaIslaPepa/servidor_minecraft/config/nirvana-common.toml
[15May2026 02:30:11.242] [main/DEBUG] [net.minecraftforge.fml.config.ConfigFileTypeHandler/CONFIG]: Watching TOML config file /workspaces/LaIslaPepa/servidor_minecraft/config/nirvana-common.toml for changes
[15May2026 02:30:11.244] [main/DEBUG] [net.minecraftforge.fml.config.ConfigFileTypeHandler/CONFIG]: Built TOML config for /workspaces/LaIslaPepa/servidor_minecraft/config/knightlib.toml
[15May2026 02:30:11.244] [main/DEBUG] [net.minecraftforge.fml.config.ConfigFileTypeHandler/CONFIG]: Loaded TOML config file /workspaces/LaIslaPepa/servidor_minecraft/config/knightlib.toml
[15May2026 02:30:11.244] [main/DEBUG] [net.minecraftforge.fml.config.ConfigFileTypeHandler/CONFIG]: Watching TOML config file /workspaces/LaIslaPepa/servidor_minecraft/config/knightlib.toml for changes
[15May2026 02:30:11.244] [main/WARN] [net.minecraftforge.common.ForgeConfigSpec/CORE]: Configuration file /workspaces/LaIslaPepa/servidor_minecraft/config/knightlib.toml is not correct. Correcting
[15May2026 02:30:11.245] [main/DEBUG] [net.minecraftforge.common.ForgeConfigSpec/CORE]: The comment on key Essence Drop Probabilities.SMALL_ESSENCE_DROP_RATE does not match the spec. This may create a backup.
[15May2026 02:30:11.245] [main/DEBUG] [net.minecraftforge.common.ForgeConfigSpec/CORE]: The comment on key Essence Drop Probabilities.GREAT_ESSENCE_DROP_RATE does not match the spec. This may create a backup.
[15May2026 02:30:11.245] [main/DEBUG] [net.minecraftforge.fml.config.ConfigFileTypeHandler/CONFIG]: Built TOML config for /workspaces/LaIslaPepa/servidor_minecraft/config/watut-common.toml
[15May2026 02:30:11.246] [main/DEBUG] [net.minecraftforge.fml.config.ConfigFileTypeHandler/CONFIG]: Loaded TOML config file /workspaces/LaIslaPepa/servidor_minecraft/config/watut-common.toml
[15May2026 02:30:11.246] [main/DEBUG] [net.minecraftforge.fml.config.ConfigFileTypeHandler/CONFIG]: Watching TOML config file /workspaces/LaIslaPepa/servidor_minecraft/config/watut-common.toml for changes
[15May2026 02:30:11.246] [main/DEBUG] [net.minecraftforge.fml.config.ConfigFileTypeHandler/CONFIG]: Built TOML config for /workspaces/LaIslaPepa/servidor_minecraft/config/watut-server.toml
[15May2026 02:30:11.246] [main/DEBUG] [net.minecraftforge.fml.config.ConfigFileTypeHandler/CONFIG]: Loaded TOML config file /workspaces/LaIslaPepa/servidor_minecraft/config/watut-server.toml
[15May2026 02:30:11.247] [main/DEBUG] [net.minecraftforge.fml.config.ConfigFileTypeHandler/CONFIG]: Watching TOML config file /workspaces/LaIslaPepa/servidor_minecraft/config/watut-server.toml for changes
[15May2026 02:30:11.247] [main/DEBUG] [net.minecraftforge.fml.config.ConfigFileTypeHandler/CONFIG]: Built TOML config for /workspaces/LaIslaPepa/servidor_minecraft/config/watut-client.toml
[15May2026 02:30:11.247] [main/DEBUG] [net.minecraftforge.fml.config.ConfigFileTypeHandler/CONFIG]: Loaded TOML config file /workspaces/LaIslaPepa/servidor_minecraft/config/watut-client.toml
[15May2026 02:30:11.248] [main/DEBUG] [net.minecraftforge.fml.config.ConfigFileTypeHandler/CONFIG]: Watching TOML config file /workspaces/LaIslaPepa/servidor_minecraft/config/watut-client.toml for changes
[15May2026 02:30:11.248] [main/DEBUG] [net.minecraftforge.fml.config.ConfigFileTypeHandler/CONFIG]: Built TOML config for /workspaces/LaIslaPepa/servidor_minecraft/config/opposing_force-common.toml
[15May2026 02:30:11.248] [main/DEBUG] [net.minecraftforge.fml.config.ConfigFileTypeHandler/CONFIG]: Loaded TOML config file /workspaces/LaIslaPepa/servidor_minecraft/config/opposing_force-common.toml
[15May2026 02:30:11.248] [main/DEBUG] [net.minecraftforge.fml.config.ConfigFileTypeHandler/CONFIG]: Watching TOML config file /workspaces/LaIslaPepa/servidor_minecraft/config/opposing_force-common.toml for changes
[15May2026 02:30:11.249] [main/DEBUG] [net.minecraftforge.fml.config.ConfigFileTypeHandler/CONFIG]: Built TOML config for /workspaces/LaIslaPepa/servidor_minecraft/config/knightquest.toml
[15May2026 02:30:11.250] [main/DEBUG] [net.minecraftforge.fml.config.ConfigFileTypeHandler/CONFIG]: Loaded TOML config file /workspaces/LaIslaPepa/servidor_minecraft/config/knightquest.toml
[15May2026 02:30:11.250] [main/DEBUG] [net.minecraftforge.fml.config.ConfigFileTypeHandler/CONFIG]: Watching TOML config file /workspaces/LaIslaPepa/servidor_minecraft/config/knightquest.toml for changes
[15May2026 02:30:11.253] [main/DEBUG] [net.minecraftforge.fml.config.ConfigFileTypeHandler/CONFIG]: Built TOML config for /workspaces/LaIslaPepa/servidor_minecraft/config/ribbits-forge-1_20_1.toml
[15May2026 02:30:11.254] [main/DEBUG] [net.minecraftforge.fml.config.ConfigFileTypeHandler/CONFIG]: Loaded TOML config file /workspaces/LaIslaPepa/servidor_minecraft/config/ribbits-forge-1_20_1.toml
[15May2026 02:30:11.254] [main/DEBUG] [net.minecraftforge.fml.config.ConfigFileTypeHandler/CONFIG]: Watching TOML config file /workspaces/LaIslaPepa/servidor_minecraft/config/ribbits-forge-1_20_1.toml for changes
[15May2026 02:30:11.254] [main/DEBUG] [net.minecraftforge.fml.config.ConfigFileTypeHandler/CONFIG]: Built TOML config for /workspaces/LaIslaPepa/servidor_minecraft/config/CoroUtil/General.toml
[15May2026 02:30:11.254] [main/DEBUG] [net.minecraftforge.fml.config.ConfigFileTypeHandler/CONFIG]: Loaded TOML config file /workspaces/LaIslaPepa/servidor_minecraft/config/CoroUtil/General.toml
[15May2026 02:30:11.256] [main/DEBUG] [net.minecraftforge.fml.config.ConfigFileTypeHandler/CONFIG]: Watching TOML config file /workspaces/LaIslaPepa/servidor_minecraft/config/CoroUtil/General.toml for changes
[15May2026 02:30:11.273] [Thread-2/DEBUG] [net.minecraftforge.fml.config.ConfigFileTypeHandler/CONFIG]: Config file carryon-common.toml changed, sending notifies
[15May2026 02:30:11.340] [Thread-2/DEBUG] [net.minecraftforge.fml.config.ConfigFileTypeHandler/CONFIG]: Config file paraglider-common.toml changed, sending notifies
[15May2026 02:30:11.340] [Thread-2/DEBUG] [net.minecraftforge.fml.config.ConfigFileTypeHandler/CONFIG]: Config file watut-client.toml changed, sending notifies
[15May2026 02:30:11.347] [modloading-worker-0/DEBUG] [mixin/]: Mixing MixinSlotAttribute from curios.mixins.json into top.theillusivec4.curios.api.SlotAttribute
[15May2026 02:30:11.351] [modloading-worker-0/DEBUG] [mixin/]: Mixing MixinCuriosApi from curios.mixins.json into top.theillusivec4.curios.api.CuriosApi
[15May2026 02:30:11.374] [modloading-worker-0/DEBUG] [mixin/]: Mixing AttributeMapMixin from attributeslib.mixins.json into net.minecraft.world.entity.ai.attributes.AttributeMap
[15May2026 02:30:11.375] [modloading-worker-0/DEBUG] [mixin/]: Renaming synthetic method lambda$setAttributesUpdating$0(Lnet/minecraft/world/entity/ai/attributes/Attribute;Lcom/mojang/datafixers/util/Pair;)V to mdbaff56$lambda$setAttributesUpdating$0$0 in attributeslib.mixins.json:AttributeMapMixin
[15May2026 02:30:11.384] [modloading-worker-0/DEBUG] [com.cerbon.cerbons_api.util.Constants/]: Registering packet cerbons_api:packets : class com.cerbon.cerbons_api.packet.custom.MultipartEntityInteractionC2SPacket on the: SERVER
[15May2026 02:30:11.412] [modloading-worker-0/INFO] [xaero.lib.XaeroLib/]: Loading XaeroLib common 1/2!
[15May2026 02:30:11.430] [modloading-worker-0/DEBUG] [mixin/]: Mixing MixinNbtPredicate from curios.mixins.json into net.minecraft.advancements.critereon.NbtPredicate
[15May2026 02:30:11.575] [main/DEBUG] [net.minecraftforge.fml.DeferredWorkQueue/LOADING]: Dispatching synchronous work for work queue COMMON_SETUP: 44 jobs
[15May2026 02:30:11.751] [Forge Version Check/INFO] [net.minecraftforge.fml.VersionChecker/]: [illagerinvasion] Starting version check at https://raw.githubusercontent.com/Fuzss/modresources/main/update/illagerinvasion.json
[15May2026 02:30:11.988] [main/INFO] [ribbits/]: Registering Ribbit umbrella types...
[15May2026 02:30:11.989] [main/INFO] [ribbits/]: Registering Ribbit professions...
[15May2026 02:30:11.989] [main/INFO] [ribbits/]: Registering Ribbit instruments...
[15May2026 02:30:11.990] [main/INFO] [ribbits/]: Registering Ribbit data serializers...
[15May2026 02:30:12.020] [Forge Version Check/DEBUG] [net.minecraftforge.fml.VersionChecker/]: [illagerinvasion] Received version check data:
{
    "homepage": "https://github.com/Fuzss/illagerinvasion",
    "promos": {
        "1.20.1-latest": "8.0.7",
        "1.20.1-recommended": "8.0.7",
        "1.18.2-latest": "3.0.6",
        "1.18.2-recommended": "3.0.6",
        "1.20.4-latest": "20.4.3",
        "1.20.4-recommended": "20.4.3",
        "1.21.1-latest": "21.1.6",
        "1.21.1-recommended": "21.1.6",
        "1.21.3-latest": "21.3.0",
        "1.21.3-recommended": "21.3.0",
        "1.21.4-latest": "21.4.1",
        "1.21.4-recommended": "21.4.1",
        "1.21.5-latest": "21.5.3",
        "1.21.5-recommended": "21.5.3",
        "1.21.7-latest": "21.7.0",
        "1.21.7-recommended": "21.7.0",
        "1.21.8-latest": "21.8.2",
        "1.21.8-recommended": "21.8.2",
        "1.21.10-latest": "21.10.0",
        "1.21.10-recommended": "21.10.0",
        "1.21.9-latest": "21.9.0",
        "1.21.9-recommended": "21.9.0"
    }
}
[15May2026 02:30:12.024] [Forge Version Check/INFO] [net.minecraftforge.fml.VersionChecker/]: [illagerinvasion] Found status: UP_TO_DATE Current: 8.0.7 Target: null
[15May2026 02:30:12.025] [Forge Version Check/INFO] [net.minecraftforge.fml.VersionChecker/]: [hordes] Starting version check at https://raw.githubusercontent.com/SmileycorpMC/The-Hordes/1.20/update.json
[15May2026 02:30:12.044] [Forge Version Check/DEBUG] [net.minecraftforge.fml.VersionChecker/]: [hordes] Received version check data:
{
    "homepage": "https://www.curseforge.com/minecraft/mc-mods/the-hordes",
    "1.20.1": {
        "1.3.0": "first release for 1.20",
        "1.3.0a": "fix crash when loading the mod on servers, add better error checking for scripts.",
        "1.3.0b": "fix horde event progression getting stuck",
        "1.3.1": "fix numerous bugs and issues, add a visual effect to the night sky on horde nights",
        "1.3.2": "add husk players, infection immunity and fix varous bugs",
        "1.3.2a": "fix incorrect day calculation with hordeEventByPlayerTime",
        "1.3.2b": "fix crashes when disabling infection or horde events in the config",
        "1.4.0": "add many new conditions and functions, including gamestage support and restricting what blocks mobs can spawn on",
        "1.5.0": "massive datapack changes, a lot of new additions, and several bugs fixed",
		"1.5.4": "a lot of bug fixes, new translations",
		"1.5.4a": "fixes for zombie piglins, certain system language crashes and spawnFirstDay, as well as more configuration options",
		"1.5.4b": "made horde event random more determanistic so that scripts function the same for every player on a given night",
		"1.5.4c": "config option to disable player zombie capes, issues with the server not recognising mod versions with certain config options, lag caused by infection visuals",
		"1.6.3": "full version parity update with 1.21.1",
		"1.6.3a": "fix crash caused by mixin config error",
		"1.6.3b": "attribute registry crash and datapack errors",
		"1.6.3c": "fix issue with entities spawning from hordes",
		"1.6.3d": "fix crash on servers caused by incorrect import"
    },
    "promos": {
        "1.20.1-latest": "1.6.3d",
        "1.20.1-recommended": "1.6.3d"
    }
}
[15May2026 02:30:12.045] [Forge Version Check/INFO] [net.minecraftforge.fml.VersionChecker/]: [hordes] Found status: AHEAD Current: 1.6.3e Target: null
[15May2026 02:30:12.048] [Forge Version Check/INFO] [net.minecraftforge.fml.VersionChecker/]: [tombstone] Starting version check at https://raw.githubusercontent.com/Corail31/tombstone_lite/master/update.json
[15May2026 02:30:12.066] [Forge Version Check/DEBUG] [net.minecraftforge.fml.VersionChecker/]: [tombstone] Received version check data:
{
	"homepage": "https://www.curseforge.com/minecraft/mc-mods/corail-tombstone",
	"promos": {
		"1.21.8-latest": "9.5.9",
		"1.21.8-recommended": "9.5.9",
		"1.21.7-latest": "9.5.9",
		"1.21.7-recommended": "9.5.9",
		"1.21.6-latest": "9.5.1",
		"1.21.6-recommended": "9.5.1",
		"1.21.5-latest": "9.4.3",
		"1.21.5-recommended": "9.4.3",
		"1.21.4-latest": "9.3.9",
		"1.21.4-recommended": "9.3.9",
		"1.21.3-latest": "9.2.4",
		"1.21.3-recommended": "9.2.4",
		"1.21.1-latest": "9.1.10",
		"1.21.1-recommended": "9.1.10",
		"1.20.4-latest": "8.6.4",
		"1.20.4-recommended": "8.6.4",
		"1.20.2-latest": "8.6.3",
		"1.20.2-recommended": "8.6.3",
		"1.20.1-latest": "9.0.10",
		"1.20.1-recommended": "9.0.10",
		"1.19.4-latest": "8.4.2",
		"1.19.4-recommended": "8.4.2",
		"1.19.3-latest": "8.3.2",
		"1.19.3-recommended": "8.3.2",
		"1.19.2-latest": "8.3.9",
		"1.19.2-recommended": "8.3.9",
		"1.19.1-latest": "8.1.0",
		"1.19.1-recommended": "8.1.0",
		"1.18.2-latest": "7.7.7",
		"1.18.2-recommended": "7.7.7",
		"1.18.1-latest": "7.4.1",
		"1.18.1-recommended": "7.4.1",
		"1.17.1-latest": "7.3.0",
		"1.17.1-recommended": "7.3.0",
		"1.16.5-latest": "6.9.7",
		"1.16.5-recommended": "6.9.7",
		"1.15.2-latest": "4.6.0",
		"1.15.2-recommended": "4.6.0",
		"1.14.4-latest": "4.3.6",
		"1.14.4-recommended": "4.3.6",
		"1.13.2-latest": "3.5.2",
		"1.13.2-recommended": "3.5.2",
		"1.12.2-latest": "4.7.5",
		"1.12.2-recommended": "4.7.5",
		"1.11.2-latest": "2.9.0.1",
		"1.11.2-recommended": "2.9.0.1",
		"1.10.2-latest": "2.9.4",
		"1.10.2-recommended": "2.9.4",
		"1.9.4-latest": "1.4.1",
		"1.9.4-recommended": "1.4.1",
		"1.8.9-latest": "1.4.1",
		"1.8.9-recommended": "1.4.1"
	},
	"1.21.8": {
		"9.5.9": "improvements",
		"9.5.8": "reworks the perk system & improves all guiscreens",
		"9.5.7": "fourth forgotten knowledge",
		"9.5.6": "third forgotten knowledge & ritual flute"
	},
	"1.21.7": {
		"9.5.8": "final version"
	},
	"1.21.6": {
		"9.5.1": "final version"
	},
	"1.21.5": {
		"9.4.3": "final version"
	},
	"1.21.4": {
		"9.3.9": "final version"
	},
	"1.21.3": {
		"9.2.4": "final version"
	},
	"1.21.1": {
		"9.1.10": "final version"
	},
	"1.20.4": {
		"8.6.4": "final version"
	},
	"1.20.2": {
		"8.6.3": "final version"
	},
	"1.20.1": {
		"9.0.10": "fixes",
		"9.0.9": "fixes",
		"9.0.8": "improvements",
		"9.0.7": "reworks the perk system",
		"9.0.6": "improves all guiscreens",
		"9.0.5": "fourth forgotten knowledge",
		"9.0.4": "third forgotten knowledge & ritual flute",
		"9.0.3": "screaming graves",
		"9.0.2": "second forgotten knowledge & readable scrolls",
		"9.0.1": "new event Spring Bloom",
		"9.0.0": "first forgotten knowledge"
	},
	"1.19.4": {
		"8.4.2": "final version"
	},
	"1.19.2": {
		"8.3.9": "final version"
	},
	"1.18.2": {
		"7.7.7": "final version"
	},
	"1.16.5": {
		"6.9.7": "final version"
	},
	"1.12.2": {
		"4.7.5": "final version"
	}
}
[15May2026 02:30:12.067] [Forge Version Check/INFO] [net.minecraftforge.fml.VersionChecker/]: [tombstone] Found status: UP_TO_DATE Current: 9.0.10 Target: null
[15May2026 02:30:12.067] [Forge Version Check/INFO] [net.minecraftforge.fml.VersionChecker/]: [atlaslib] Starting version check at https://raw.githubusercontent.com/SmileycorpMC/Atlas-Lib/1.20/update.json
[15May2026 02:30:12.082] [Forge Version Check/DEBUG] [net.minecraftforge.fml.VersionChecker/]: [atlaslib] Received version check data:
{
	"homepage": "https://www.curseforge.com/minecraft/mc-mods/atlas-lib",
	"1.20": {
		"1.1.9a": "fix translatable component generation, add copy file code",
		"1.1.10": "Update direction utils to use Vec3 and RandomSource",
		"1.1.10a": "Replace missing references to RandomSource insetad of Random",
		"1.1.10b": "Fix directionutils picking locations outside of world",
		"1.1.11": "update tabs to use suppliers in woodblock and shapedblock",
		"1.1.11a": "update tabs to use suppliers in toolsets and armoursets",
		"1.1.12": "add binary and unary operations"
	},
	"1.20.1": {
		"1.1.9a": "fix translatable component generation, add copy file code",
		"1.1.10": "Update direction utils to use Vec3 and RandomSource",
		"1.1.10a": "Replace missing references to RandomSource insetad of Random",
		"1.1.10b": "Fix directionutils picking locations outside of world",
		"1.1.11": "update tabs to use suppliers in woodblock and shapedblock",
		"1.1.11a": "update tabs to use suppliers in toolsets and armoursets",
		"1.1.12": "add binary and unary operations"
	},
	"promos": {
		"1.20-latest": "1.1.12",
		"1.20-recommended": "1.1.12",
		"1.20.1-latest": "1.1.12",
		"1.20.1-recommended": "1.1.12"
	}
}
[15May2026 02:30:12.082] [Forge Version Check/INFO] [net.minecraftforge.fml.VersionChecker/]: [atlaslib] Found status: UP_TO_DATE Current: 1.1.12 Target: null
[15May2026 02:30:12.082] [Forge Version Check/INFO] [net.minecraftforge.fml.VersionChecker/]: [nirvana] Starting version check at https://api.modrinth.com/updates/nirvana-mod/forge_updates.json
[15May2026 02:30:12.108] [main/INFO] [Framework/SYNCED_ENTITY_DATA]: Registered synced data key refurbished_furniture:lock_yaw for refurbished_furniture:seat
[15May2026 02:30:12.181] [main/INFO] [tacz/SYNCED_ENTITY_DATA_TAC_COPY]: Registered synced data key tacz:shoot_cool_down for minecraft:living_entity
[15May2026 02:30:12.182] [main/INFO] [tacz/SYNCED_ENTITY_DATA_TAC_COPY]: Registered synced data key tacz:melee_cool_down for minecraft:living_entity
[15May2026 02:30:12.182] [main/INFO] [tacz/SYNCED_ENTITY_DATA_TAC_COPY]: Registered synced data key tacz:reload_state for minecraft:living_entity
[15May2026 02:30:12.182] [main/INFO] [tacz/SYNCED_ENTITY_DATA_TAC_COPY]: Registered synced data key tacz:aiming_progress for minecraft:living_entity
[15May2026 02:30:12.182] [main/INFO] [tacz/SYNCED_ENTITY_DATA_TAC_COPY]: Registered synced data key tacz:draw_cool_down for minecraft:living_entity
[15May2026 02:30:12.182] [main/INFO] [tacz/SYNCED_ENTITY_DATA_TAC_COPY]: Registered synced data key tacz:is_aiming for minecraft:living_entity
[15May2026 02:30:12.182] [main/INFO] [tacz/SYNCED_ENTITY_DATA_TAC_COPY]: Registered synced data key tacz:sprint_time for minecraft:living_entity
[15May2026 02:30:12.182] [main/INFO] [tacz/SYNCED_ENTITY_DATA_TAC_COPY]: Registered synced data key tacz:is_bolting for minecraft:living_entity
[15May2026 02:30:12.182] [main/INFO] [tacz/SYNCED_ENTITY_DATA_TAC_COPY]: Registered synced data key tacz:throwable_using for minecraft:living_entity
[15May2026 02:30:12.191] [main/INFO] [terrablender/]: Registered region minecraft:overworld to index 0 for type OVERWORLD
[15May2026 02:30:12.192] [main/INFO] [terrablender/]: Registered region minecraft:nether to index 0 for type NETHER
[15May2026 02:30:12.192] [main/INFO] [terrablender/]: Registered region yungscavebiomes:overworld to index 1 for type OVERWORLD
[15May2026 02:30:12.230] [main/DEBUG] [net.minecraftforge.fml.DeferredWorkQueue/LOADING]: Synchronous work queue completed in 653.9 ms
[15May2026 02:30:12.231] [modloading-worker-0/INFO] [xaero.lib.XaeroLib/]: Loading XaeroLib server 1/2!
[15May2026 02:30:12.232] [modloading-worker-0/INFO] [xaero.minimap.XaeroMinimap/]: Loading Xaero's Minimap - Stage 1/2 (Server)
[15May2026 02:30:12.233] [modloading-worker-0/INFO] [xaero.map.server.WorldMapServer/]: Loading Xaero's World Map - Stage 1/2 (Server)
[15May2026 02:30:12.233] [main/DEBUG] [net.minecraftforge.fml.DeferredWorkQueue/LOADING]: Dispatching synchronous work for work queue SIDED_SETUP: 3 jobs
[15May2026 02:30:12.235] [main/INFO] [xaero.lib.XaeroLib/]: Loading XaeroLib common 2/2!
[15May2026 02:30:12.235] [main/INFO] [xaero.lib.XaeroLib/]: Loading XaeroLib server 2/2!
[15May2026 02:30:12.236] [main/INFO] [xaero.minimap.XaeroMinimap/]: Loading Xaero's Minimap - Stage 2/2 (Server)
[15May2026 02:30:12.236] [main/INFO] [xaero.map.server.WorldMapServer/]: Loading Xaero's World Map - Stage 2/2 (Server)
[15May2026 02:30:12.236] [main/DEBUG] [net.minecraftforge.fml.DeferredWorkQueue/LOADING]: Synchronous work queue completed in 2.157 ms
[15May2026 02:30:12.252] [main/DEBUG] [net.minecraftforge.fml.DeferredWorkQueue/LOADING]: Dispatching synchronous work for work queue ENQUEUE_IMC: 4 jobs
[15May2026 02:30:12.258] [main/DEBUG] [net.minecraftforge.fml.DeferredWorkQueue/LOADING]: Synchronous work queue completed in 4.997 ms
[15May2026 02:30:12.268] [Forge Version Check/DEBUG] [net.minecraftforge.fml.VersionChecker/]: [nirvana] Received version check data:
{"homepage":"https://modrinth.com/mod/nirvana-mod","promos":{"1.20.1-recommended":"1.2.5","1.20.1-latest":"1.2.5"}}
[15May2026 02:30:12.270] [Forge Version Check/INFO] [net.minecraftforge.fml.VersionChecker/]: [nirvana] Found status: UP_TO_DATE Current: 1.2.5 Target: null
[15May2026 02:30:12.272] [Forge Version Check/INFO] [net.minecraftforge.fml.VersionChecker/]: [mr_epicterrain] Starting version check at https://api.modrinth.com/updates/7qSJGSHp/forge_updates.json
[15May2026 02:30:12.322] [Forge Version Check/DEBUG] [net.minecraftforge.fml.VersionChecker/]: [mr_epicterrain] Received version check data:
{"homepage":"https://modrinth.com/mod/7qSJGSHp","promos":{"1.19.2-latest":"0.2.5+mod","1.21.2-latest":"0.1.4+mod","1.20.1-latest":"0.2.5+mod","1.21-latest":"0.1.4+mod","1.20.5-latest":"0.1.4+mod","1.21.1-latest":"0.1.4+mod","1.19.3-latest":"0.2.5+mod","1.21.3-latest":"0.1.4+mod","1.21.4-latest":"0.1.4+mod","1.20.3-latest":"0.2.5+mod","1.20.4-latest":"0.2.5+mod","1.20.2-latest":"0.2.5+mod","1.20-latest":"0.2.5+mod","1.20.6-latest":"0.1.4+mod","1.19.4-latest":"0.2.5+mod"}}
[15May2026 02:30:12.322] [Forge Version Check/INFO] [net.minecraftforge.fml.VersionChecker/]: [mr_epicterrain] Found status: BETA_OUTDATED Current: 0.2.5 Target: 0.2.5+mod
[15May2026 02:30:12.322] [Forge Version Check/INFO] [net.minecraftforge.fml.VersionChecker/]: [puzzlesaccessapi] Starting version check at https://raw.githubusercontent.com/Fuzss/modresources/main/update/puzzlesaccessapi.json
[15May2026 02:30:12.331] [modloading-worker-0/INFO] [net.xalcon.torchmaster.Torchmaster/]: Applying mega torch entity block list overrides...
[15May2026 02:30:12.332] [modloading-worker-0/INFO] [net.xalcon.torchmaster.Torchmaster/]: Applying dread lamp entity block list overrides...
[15May2026 02:30:12.335] [Forge Version Check/DEBUG] [net.minecraftforge.fml.VersionChecker/]: [puzzlesaccessapi] Received version check data:
{
    "homepage": "https://github.com/Fuzss/puzzlesaccessapi",
    "promos": {}
}
[15May2026 02:30:12.335] [Forge Version Check/INFO] [net.minecraftforge.fml.VersionChecker/]: [puzzlesaccessapi] Found status: BETA Current: 20.1.1 Target: null
[15May2026 02:30:12.335] [Forge Version Check/INFO] [net.minecraftforge.fml.VersionChecker/]: [forge] Starting version check at https://files.minecraftforge.net/net/minecraftforge/forge/promotions_slim.json
[15May2026 02:30:12.389] [modloading-worker-0/INFO] [Jade/]: Start loading plugin at net.blay09.mods.balm.forge.compat.hudinfo.ForgeJadeModCompat
[15May2026 02:30:12.408] [modloading-worker-0/INFO] [Jade/]: Start loading plugin at ovh.corail.tombstone.compatibility.IntegrationJade
[15May2026 02:30:12.408] [modloading-worker-0/INFO] [Jade/]: Start loading plugin at snownee.jade.addon.JadeAddonsBase
[15May2026 02:30:12.412] [modloading-worker-0/INFO] [Jade/]: Start loading plugin at me.chrr.camerapture.compat.JadePlugin
[15May2026 02:30:12.413] [modloading-worker-0/INFO] [Jade/]: Start loading plugin at com.unusualmodding.opposing_force.integration.jade.OPJadePlugin
[15May2026 02:30:12.413] [modloading-worker-0/INFO] [Jade/]: Start loading plugin at snownee.jade.addon.vanilla.VanillaPlugin
[15May2026 02:30:12.428] [modloading-worker-0/INFO] [Jade/]: Start loading plugin at snownee.jade.addon.universal.UniversalPlugin
[15May2026 02:30:12.434] [modloading-worker-0/INFO] [Jade/]: Start loading plugin at snownee.jade.addon.core.CorePlugin
[15May2026 02:30:12.437] [modloading-worker-0/INFO] [Jade/]: Start loading plugin at net.geforcemods.securitycraft.compat.hudmods.JadeDataProvider
[15May2026 02:30:12.451] [Forge Version Check/DEBUG] [net.minecraftforge.fml.VersionChecker/]: [forge] Received version check data:
{
  "homepage": "https://files.minecraftforge.net/net/minecraftforge/forge/",
  "promos": {
    "1.1-latest": "1.3.4.29",
    "1.2.3-latest": "1.4.1.64",
    "1.2.4-latest": "2.0.0.68",
    "1.2.5-latest": "3.4.9.171",
    "1.3.2-latest": "4.3.5.318",
    "1.4.0-latest": "5.0.0.326",
    "1.4.1-latest": "6.0.0.329",
    "1.4.2-latest": "6.0.1.355",
    "1.4.3-latest": "6.2.1.358",
    "1.4.4-latest": "6.3.0.378",
    "1.4.5-latest": "6.4.2.448",
    "1.4.6-latest": "6.5.0.489",
    "1.4.7-latest": "6.6.2.534",
    "1.5-latest": "7.7.0.598",
    "1.5.1-latest": "7.7.2.682",
    "1.5.2-latest": "7.8.1.738",
    "1.5.2-recommended": "7.8.1.738",
    "1.6.1-latest": "8.9.0.775",
    "1.6.2-latest": "9.10.1.871",
    "1.6.2-recommended": "9.10.1.871",
    "1.6.3-latest": "9.11.0.878",
    "1.6.4-latest": "9.11.1.1345",
    "1.6.4-recommended": "9.11.1.1345",
    "1.7.2-latest": "10.12.2.1161",
    "1.7.2-recommended": "10.12.2.1161",
    "1.7.10-latest": "10.13.4.1614",
    "1.7.10-recommended": "10.13.4.1614",
    "1.8-latest": "11.14.4.1577",
    "1.8-recommended": "11.14.4.1563",
    "1.8.8-latest": "11.15.0.1655",
    "1.8.9-latest": "11.15.1.2318",
    "1.8.9-recommended": "11.15.1.2318",
    "1.9-latest": "12.16.1.1938",
    "1.9-recommended": "12.16.1.1887",
    "1.9.4-latest": "12.17.0.2317",
    "1.9.4-recommended": "12.17.0.2317",
    "1.10-latest": "12.18.0.2000",
    "1.10.2-latest": "12.18.3.2511",
    "1.10.2-recommended": "12.18.3.2511",
    "1.11-latest": "13.19.1.2199",
    "1.11-recommended": "13.19.1.2189",
    "1.11.2-latest": "13.20.1.2588",
    "1.11.2-recommended": "13.20.1.2588",
    "1.12-latest": "14.21.1.2443",
    "1.12-recommended": "14.21.1.2387",
    "1.12.1-latest": "14.22.1.2485",
    "1.12.1-recommended": "14.22.1.2478",
    "1.12.2-latest": "14.23.5.2864",
    "1.12.2-recommended": "14.23.5.2859",
    "1.13.2-latest": "25.0.223",
    "1.14.2-latest": "26.0.63",
    "1.14.3-latest": "27.0.60",
    "1.14.4-latest": "28.2.28",
    "1.14.4-recommended": "28.2.26",
    "1.15-latest": "29.0.4",
    "1.15.1-latest": "30.0.51",
    "1.15.2-latest": "31.2.60",
    "1.15.2-recommended": "31.2.57",
    "1.16.1-latest": "32.0.108",
    "1.16.2-latest": "33.0.61",
    "1.16.3-latest": "34.1.42",
    "1.16.3-recommended": "34.1.0",
    "1.16.4-latest": "35.1.37",
    "1.16.4-recommended": "35.1.4",
    "1.16.5-latest": "36.2.42",
    "1.16.5-recommended": "36.2.34",
    "1.17.1-latest": "37.1.1",
    "1.17.1-recommended": "37.1.1",
    "1.18-latest": "38.0.17",
    "1.18.1-latest": "39.1.2",
    "1.18.1-recommended": "39.1.0",
    "1.18.2-recommended": "40.3.0",
    "1.18.2-latest": "40.3.12",
    "1.19-latest": "41.1.0",
    "1.19-recommended": "41.1.0",
    "1.19.1-latest": "42.0.9",
    "1.19.2-recommended": "43.5.0",
    "1.19.2-latest": "43.5.2",
    "1.19.3-latest": "44.1.23",
    "1.19.3-recommended": "44.1.0",
    "1.19.4-recommended": "45.4.0",
    "1.19.4-latest": "45.4.3",
    "1.20-latest": "46.0.14",
    "1.20.1-recommended": "47.4.10",
    "1.20.1-latest": "47.4.20",
    "1.20.2-latest": "48.1.0",
    "1.20.2-recommended": "48.1.0",
    "1.20.3-latest": "49.0.2",
    "1.20.4-latest": "49.2.7",
    "1.20.4-recommended": "49.2.0",
    "1.20.6-latest": "50.2.8",
    "1.20.6-recommended": "50.2.0",
    "1.21-latest": "51.0.33",
    "1.21.1-latest": "52.1.14",
    "1.21.1-recommended": "52.1.0",
    "1.21.3-latest": "53.1.10",
    "1.21.3-recommended": "53.1.0",
    "1.21.4-latest": "54.1.16",
    "1.21.4-recommended": "54.1.14",
    "1.21.5-latest": "55.1.10",
    "1.21.5-recommended": "55.1.0",
    "1.21.6-latest": "56.0.9",
    "1.21.7-latest": "57.0.3",
    "1.21.8-latest": "58.1.18",
    "1.21.8-recommended": "58.1.0",
    "1.21.9-latest": "59.0.5",
    "1.21.10-latest": "60.1.9",
    "1.21.10-recommended": "60.1.0",
    "1.21.11-latest": "61.1.5",
    "1.21.11-recommended": "61.1.0",
    "26.1-latest": "62.0.9",
    "26.1.1-latest": "63.0.2",
    "26.1.2-latest": "64.0.8"
  }
}
[15May2026 02:30:12.453] [Forge Version Check/INFO] [net.minecraftforge.fml.VersionChecker/]: [forge] Found status: OUTDATED Current: 47.3.7 Target: 47.4.10
[15May2026 02:30:12.454] [Forge Version Check/INFO] [net.minecraftforge.fml.VersionChecker/]: [securitycraft] Starting version check at https://www.github.com/Geforce132/SecurityCraft/raw/master/Updates/Forge.json
[15May2026 02:30:12.456] [main/DEBUG] [net.minecraftforge.fml.DeferredWorkQueue/LOADING]: Dispatching synchronous work for work queue COMPLETE: 3 jobs
[15May2026 02:30:12.459] [main/INFO] [citadel/]: adding citadel surface rules via terrablender...
[15May2026 02:30:12.461] [main/INFO] [citadel/]: Added 0 vanilla biome surface rule types via terrablender
[15May2026 02:30:12.462] [main/INFO] [citadel/]: Added 0 modded biome surface rule types via terrablender
[15May2026 02:30:12.462] [main/DEBUG] [net.minecraftforge.fml.DeferredWorkQueue/LOADING]: Synchronous work queue completed in 5.941 ms
[15May2026 02:30:12.671] [Forge Version Check/DEBUG] [net.minecraftforge.fml.VersionChecker/]: [securitycraft] Received version check data:
{
    "homepage": "https://www.curseforge.com/minecraft/mc-mods/security-craft/",
    "promos": {
        "1.7.10-latest": "v1.8.13",
        "1.7.10-recommended": "v1.8.13",
        "1.8-latest": "v1.8.12.1",
        "1.8-recommended": "v1.8.12.1",
        "1.8.8-latest": "v1.8.12.1",
        "1.8.8-recommended": "v1.8.12.1",
        "1.8.9-latest": "v1.8.12.1",
        "1.8.9-recommended": "v1.8.12.1",
        "1.9.4-latest": "v1.8.12",
        "1.9.4-recommended": "v1.8.12",
        "1.10.2-latest": "v1.8.12",
        "1.10.2-recommended": "v1.8.12",
        "1.11.2-latest": "v1.8.12.1",
        "1.11.2-recommended": "v1.8.12.1",
        "1.12-latest": "v1.8.8.1",
        "1.12-recommended": "v1.8.8.1",
        "1.12.1-latest": "v1.8.8.1",
        "1.12.1-recommended": "v1.8.8.1",
        "1.12.2-latest": "v1.10.1",
        "1.12.2-recommended": "v1.10.1",
        "1.13.2-latest": "v1.8.13",
        "1.13.2-recommended": "v1.8.13",
        "1.14.3-latest": "v1.8.12-beta2",
        "1.14.3-recommended": "v1.8.12-beta2",
        "1.14.4-latest": "v1.8.22.2",
        "1.14.4-recommended": "v1.8.22.2",
        "1.15.1-latest": "v1.8.15-beta2",
        "1.15.1-recommended": "v1.8.15-beta2",
        "1.15.2-latest": "v1.9.1",
        "1.15.2-recommended": "v1.9.1",
        "1.16.1-latest": "v1.8.19.3",
        "1.16.1-recommended": "v1.8.19.3",
        "1.16.2-latest": "v1.8.19.3",
        "1.16.2-recommended": "v1.8.19.3",
        "1.16.3-latest": "v1.8.21.1",
        "1.16.3-recommended": "v1.8.21.1",
        "1.16.4-latest": "v1.8.21.1",
        "1.16.4-recommended": "v1.8.21.1",
        "1.16.5-latest": "v1.10.1",
        "1.16.5-recommended": "v1.10.1",
        "1.17.1-latest": "1.9.5",
        "1.17.1-recommended": "1.9.5",
        "1.18.1-latest": "1.9.0.2-beta1",
        "1.18.1-recommended": "1.9.0.2-beta1",
        "1.18.2-latest": "1.10.1",
        "1.18.2-recommended": "1.10.1",
        "1.19-latest": "1.9.3.1",
        "1.19-recommended": "1.9.3.1",
        "1.19.1-latest": "1.9.3.1",
        "1.19.1-recommended": "1.9.3.1",
        "1.19.2-latest": "1.9.6.1",
        "1.19.2-recommended": "1.9.6.1",
        "1.19.3-latest": "1.9.8",
        "1.19.3-recommended": "1.9.8",
        "1.19.4-latest": "1.10.1",
        "1.19.4-recommended": "1.10.1",
        "1.20-latest": "1.9.7-beta2",
        "1.20-recommended": "1.9.7-beta2",
        "1.20.2-latest": "1.9.9",
        "1.20.2-recommended": "1.9.9",
        "1.20.4-latest": "1.10.1",
        "1.20.4-recommended": "1.10.1",
        "1.20.6-latest": "1.10.1",
        "1.20.6-recommended": "1.10.1",
        "1.21-latest": "1.9.10-beta7",
        "1.21-recommended": "1.9.10-beta7",
        "1.21.2-latest": "1.9.11-beta2",
        "1.21.2-recommended": "1.9.11-beta2",
        "1.21.3-latest": "1.10.1",
        "1.21.3-recommended": "1.10.1",
        "1.21.4-latest": "1.10.1",
        "1.21.4-recommended": "1.10.1",
        "1.21.5-latest": "1.10.1",
        "1.21.5-recommended": "1.10.1",
        "1.21.6-latest": "1.10-beta3",
        "1.21.6-recommended": "1.10-beta3",
        "1.21.7-latest": "1.10-beta1",
        "1.21.7-recommended": "1.10-beta1",
        "26.1-latest": "1.10.1-beta1",
        "26.1-recommended": "1.10.1-beta1",
        "26.1.1-latest": "1.10.1-beta2",
        "26.1.1-recommended": "1.10.1-beta2",

        "1.20.1-latest": "1.10.1",
        "1.20.1-recommended": "1.10.1",
        "1.21.1-latest": "1.10.1",
        "1.21.1-recommended": "1.10.1",
        "1.21.8-latest": "1.10.1",
        "1.21.8-recommended": "1.10.1",
        "1.21.10-latest": "1.10.1-beta2",
        "1.21.10-recommended": "1.10.1-beta2",
        "1.21.11-latest": "1.10.1-beta2",
        "1.21.11-recommended": "1.10.1-beta2",
        "26.1.2-latest": "1.10.1-beta3",
        "26.1.2-recommended": "1.10.1-beta3"
    },
    "1.7.10": {
        "v1.8.13": "https://github.com/Geforce132/SecurityCraft/blob/eol/1.7.10/Changelog%20v1.8.x.md"
    },
    "1.8": {
        "v1.8.12": "https://github.com/Geforce132/SecurityCraft/blob/eol/1.8/Changelog%20v1.8.x.md"
    },
    "1.8.8": {
        "v1.8.12.1": "https://github.com/Geforce132/SecurityCraft/blob/eol/1.8.9/Changelog%20v1.8.x.md"
    },
    "1.8.9": {
        "v1.8.12.1": "https://github.com/Geforce132/SecurityCraft/blob/eol/1.8.9/Changelog%20v1.8.x.md"
    },
    "1.9.4": {
        "v1.8.12": "https://github.com/Geforce132/SecurityCraft/blob/eol/1.9.4/Changelog%20v1.8.x.md"
    },
    "1.10.2": {
        "v1.8.12": "https://github.com/Geforce132/SecurityCraft/blob/eol/1.10.2/Changelog%20v1.8.x.md"
    },
    "1.11.2": {
        "v1.8.12.1": "https://github.com/Geforce132/SecurityCraft/blob/eol/1.11.2/Changelog%20v1.8.x.md"
    },
    "1.12": {
        "v1.8.8.1": "https://github.com/Geforce132/SecurityCraft/blob/54061f84f188c33db291770e550c4c84a927194c/Changelog%20v1.8.x.md"
    },
    "1.12.1": {
        "v1.8.8.1": "https://github.com/Geforce132/SecurityCraft/blob/54061f84f188c33db291770e550c4c84a927194c/Changelog%20v1.8.x.md"
    },
    "1.12.2": {
        "v1.10.1": "https://github.com/Geforce132/SecurityCraft/blob/eol/1.12.2/Changelog.md"
    },
    "1.13.2": {
        "v1.8.13": "https://github.com/Geforce132/SecurityCraft/blob/eol/1.13.2/Changelog%20v1.8.x.md"
    },
    "1.14.3": {
        "v1.8.12-beta2": "https://github.com/Geforce132/SecurityCraft/blob/b20ce0945abdccb8f2b6abaea5d26c28d0a3b916/Changelog%20v1.8.x.md"
    },
    "1.14.4": {
        "v1.8.22.2": "https://github.com/Geforce132/SecurityCraft/blob/eol/1.14.4/Changelog%20v1.8.x.md"
    },
    "1.15.1": {
        "v1.8.15-beta2": "https://github.com/Geforce132/SecurityCraft/blob/04f414232af5250193ed610da93696a830584cc9/Changelog%20v1.8.x.md"
    },
    "1.15.2": {
        "v1.9.1": "https://github.com/Geforce132/SecurityCraft/blob/eol/1.15.2/Changelog.md"
    },
    "1.16.1": {
        "v1.8.19.3": "https://github.com/Geforce132/SecurityCraft/blob/eol/1.16.1/Changelog%20v1.8.x.md"
    },
    "1.16.2": {
        "v1.8.19.3": "https://github.com/Geforce132/SecurityCraft/blob/2c1c0868dd26f8870bae1b8c0d57041cab3ba897/Changelog%20v1.8.x.md"
    },
    "1.16.3": {
        "v1.8.21.1": "https://github.com/Geforce132/SecurityCraft/blob/44460188b9bf30b94f122ba362092cba5e76e0d2/Changelog%20v1.8.x.md"
    },
    "1.16.4": {
        "v1.8.21.1": "https://github.com/Geforce132/SecurityCraft/blob/44460188b9bf30b94f122ba362092cba5e76e0d2/Changelog%20v1.8.x.md"
    },
    "1.16.5": {
        "v1.10.1": "https://github.com/Geforce132/SecurityCraft/blob/eol/1.16.5/Changelog.md"
    },
    "1.17.1": {
        "1.9.5": "https://github.com/Geforce132/SecurityCraft/blob/eol/1.17.1/Changelog.md"
    },
    "1.18.1": {
        "1.9.0.2-beta1": "https://github.com/Geforce132/SecurityCraft/blob/eol/1.18.1/Changelog.md"
    },
    "1.18.2": {
        "1.10.1": "https://github.com/Geforce132/SecurityCraft/blob/eol/1.18.2/Changelog.md"
    },
    "1.19": {
        "1.9.3.1": "https://github.com/Geforce132/SecurityCraft/blob/eol/1.19/Changelog.md"
    },
    "1.19.1": {
        "1.9.3.1": "https://github.com/Geforce132/SecurityCraft/blob/c60edcc5881fc8ca4394bfeae3254ab0d693ab5e/Changelog.md"
    },
    "1.19.2": {
        "1.9.6.1": "https://github.com/Geforce132/SecurityCraft/blob/eol/1.19.2/Changelog.md"
    },
    "1.19.3": {
        "1.9.8": "https://github.com/Geforce132/SecurityCraft/blob/eol/1.19.3/Changelog.md"
    },
    "1.19.4": {
        "1.10.1": "https://github.com/Geforce132/SecurityCraft/blob/eol/1.19.4/Changelog.md"
    },
    "1.20": {
        "1.9.7-beta2": "https://github.com/Geforce132/SecurityCraft/blob/2e41d10948280cfdfe693e52c3580adf5f0cb18c/Changelog.md"
    },
    "1.20.2": {
        "1.9.9": "https://github.com/Geforce132/SecurityCraft/blob/eol/1.20.2/Changelog.md"
    },
    "1.20.4": {
        "1.10.1": "https://github.com/Geforce132/SecurityCraft/blob/eol/1.20.4/Changelog.md"
    },
    "1.20.6": {
        "1.10.1": "https://github.com/Geforce132/SecurityCraft/blob/eol/1.20.6/Changelog.md"
    },
    "1.21": {
        "1.9.10-beta7": "https://github.com/Geforce132/SecurityCraft/blob/a74d63ec9796e54c5bd8d22c18a320146560a753/Changelog.md"
    },
    "1.21.2": {
        "1.9.11-beta2": "https://github.com/Geforce132/SecurityCraft/blob/63c87ccbc661cecac0e75d54b81b571a3d17a29e/Changelog.md"
    },
    "1.21.3": {
        "1.10.1": "https://github.com/Geforce132/SecurityCraft/blob/eol/1.21.3/Changelog.md"
    },
    "1.21.4": {
        "1.10.1": "https://github.com/Geforce132/SecurityCraft/blob/eol/1.21.4/Changelog.md"
    },
    "1.21.5": {
        "1.10.1": "https://github.com/Geforce132/SecurityCraft/blob/eol/1.21.5/Changelog.md"
    },
    "1.21.6": {
        "1.10-beta3": "https://github.com/Geforce132/SecurityCraft/blob/eol/1.21.6/Changelog.md"
    },
    "1.21.7": {
        "1.10-beta1": "https://github.com/Geforce132/SecurityCraft/blob/eol/1.21.7/Changelog.md"
    },
    "26.1": {
        "1.10.1-beta1": "https://github.com/Geforce132/SecurityCraft/blob/3530e3135264e6f50f5d80b66c18b62540250f2b/Changelog.md"
    },
    "26.1.1": {
        "1.10.1-beta2": "https://github.com/Geforce132/SecurityCraft/blob/fdc8e004b6dad213880d5b03d4562a5568b5c5f8/Changelog.md"
    },

    "1.20.1": {
        "1.10.1": "https://github.com/Geforce132/SecurityCraft/blob/1.20.1/Changelog.md"
    },
    "1.21.1": {
        "1.10.1": "https://github.com/Geforce132/SecurityCraft/blob/1.21.1/Changelog.md"
    },
    "1.21.8": {
        "1.10.1": "https://github.com/Geforce132/SecurityCraft/blob/1.21.8/Changelog.md"
    },
    "1.21.10": {
        "1.10.1-beta2": "https://github.com/Geforce132/SecurityCraft/blob/1.21.10/Changelog.md"
    },
    "1.21.11": {
        "1.10.1-beta2": "https://github.com/Geforce132/SecurityCraft/blob/1.21.11/Changelog.md"
    },
    "26.1.2": {
        "1.10.1-beta3": "https://github.com/Geforce132/SecurityCraft/blob/26.1/Changelog.md"
    }
}
[15May2026 02:30:12.676] [Forge Version Check/INFO] [net.minecraftforge.fml.VersionChecker/]: [securitycraft] Found status: UP_TO_DATE Current: 1.10.1 Target: null
[15May2026 02:30:12.684] [Forge Version Check/INFO] [net.minecraftforge.fml.VersionChecker/]: [puzzleslib] Starting version check at https://raw.githubusercontent.com/Fuzss/modresources/main/update/puzzleslib.json
[15May2026 02:30:12.713] [Forge Version Check/DEBUG] [net.minecraftforge.fml.VersionChecker/]: [puzzleslib] Received version check data:
{
    "homepage": "https://modrinth.com/mod/puzzles-lib",
    "promos": {
        "1.16.2-latest": "1.0.15",
        "1.16.2-recommended": "1.0.15",
        "1.16.3-latest": "1.0.15",
        "1.16.3-recommended": "1.0.15",
        "1.16.4-latest": "1.0.15",
        "1.16.4-recommended": "1.0.15",
        "1.16.5-latest": "1.0.15",
        "1.16.5-recommended": "1.0.15",
        "1.17.1-latest": "2.0.2",
        "1.17.1-recommended": "2.0.2",
        "1.18-latest": "3.2.1",
        "1.18-recommended": "3.2.1",
        "1.18.1-latest": "3.2.1",
        "1.18.1-recommended": "3.2.1",
        "1.18.2-latest": "3.5.10",
        "1.18.2-recommended": "3.5.10",
        "1.19-latest": "4.0.18",
        "1.19-recommended": "4.0.18",
        "1.19.1-latest": "4.2.4",
        "1.19.1-recommended": "4.2.4",
        "1.19.2-latest": "4.4.3",
        "1.19.2-recommended": "4.4.3",
        "1.19.3-latest": "5.0.33",
        "1.19.3-recommended": "5.0.33",
        "1.19.4-latest": "6.0.11",
        "1.19.4-recommended": "6.0.11",
        "1.20-latest": "7.0.9",
        "1.20-recommended": "7.0.9",
        "1.20.1-latest": "8.1.33",
        "1.20.1-recommended": "8.1.33",
        "1.20.4-latest": "20.4.53",
        "1.20.4-recommended": "20.4.53",
        "1.21-latest": "21.0.28",
        "1.21-recommended": "21.0.28",
        "1.21.1-latest": "21.1.39",
        "1.21.1-recommended": "21.1.39",
        "1.21.10-latest": "21.10.8",
        "1.21.10-recommended": "21.10.8",
        "1.21.11-latest": "21.11.1",
        "1.21.11-recommended": "21.11.1",
        "1.21.3-latest": "21.3.25",
        "1.21.3-recommended": "21.3.25",
        "1.21.4-latest": "21.4.14",
        "1.21.4-recommended": "21.4.14",
        "1.21.5-latest": "21.5.13",
        "1.21.5-recommended": "21.5.13",
        "1.21.6-latest": "21.6.6",
        "1.21.6-recommended": "21.6.6",
        "1.21.7-latest": "21.7.1",
        "1.21.7-recommended": "21.7.1",
        "1.21.8-latest": "21.8.9",
        "1.21.8-recommended": "21.8.9",
        "1.21.9-latest": "21.9.5",
        "1.21.9-recommended": "21.9.5"
    }
}
[15May2026 02:30:12.713] [Forge Version Check/INFO] [net.minecraftforge.fml.VersionChecker/]: [puzzleslib] Found status: UP_TO_DATE Current: 8.1.33 Target: null
[15May2026 02:30:15.152] [main/INFO] [com.mojang.authlib.yggdrasil.YggdrasilAuthenticationService/]: Environment: authHost='https://authserver.mojang.com', accountsHost='https://api.mojang.com', sessionHost='https://sessionserver.mojang.com', servicesHost='https://api.minecraftservices.com', name='PROD'
[15May2026 02:30:16.861] [main/WARN] [net.minecraft.server.packs.VanillaPackResourcesBuilder/]: Assets URL 'union:/workspaces/LaIslaPepa/servidor_minecraft/libraries/net/minecraft/server/1.20.1-20230612.114412/server-1.20.1-20230612.114412-srg.jar%23235!/assets/.mcassetsroot' uses unexpected schema
[15May2026 02:30:16.861] [main/WARN] [net.minecraft.server.packs.VanillaPackResourcesBuilder/]: Assets URL 'union:/workspaces/LaIslaPepa/servidor_minecraft/libraries/net/minecraft/server/1.20.1-20230612.114412/server-1.20.1-20230612.114412-srg.jar%23235!/data/.mcassetsroot' uses unexpected schema
[15May2026 02:30:16.889] [main/DEBUG] [mixin/]: Mixing ServerPlayerGameModeMixinForge from justhammers.mixins.json into net.minecraft.server.level.ServerPlayerGameMode
[15May2026 02:30:16.920] [main/DEBUG] [net.minecraftforge.fml.config.ConfigTracker/CONFIG]: Config file tacz-pre.toml for minecraft tracking
[15May2026 02:30:16.920] [main/DEBUG] [net.minecraftforge.fml.config.ConfigFileTypeHandler/CONFIG]: Built TOML config for /workspaces/LaIslaPepa/servidor_minecraft/tacz/tacz-pre.toml
[15May2026 02:30:16.921] [main/DEBUG] [net.minecraftforge.fml.config.ConfigFileTypeHandler/CONFIG]: Loaded TOML config file /workspaces/LaIslaPepa/servidor_minecraft/tacz/tacz-pre.toml
[15May2026 02:30:16.921] [main/DEBUG] [net.minecraftforge.fml.config.ConfigFileTypeHandler/CONFIG]: Watching TOML config file /workspaces/LaIslaPepa/servidor_minecraft/tacz/tacz-pre.toml for changes
[15May2026 02:30:16.922] [Thread-2/DEBUG] [net.minecraftforge.fml.config.ConfigFileTypeHandler/CONFIG]: Config file tacz-pre.toml changed, sending notifies
[15May2026 02:30:16.922] [Thread-2/DEBUG] [net.minecraftforge.fml.config.ConfigFileTypeHandler/CONFIG]: Config file tacz-pre.toml changed, sending notifies
[15May2026 02:30:22.378] [main/INFO] [tacz/GunPackFinder]: Start scanning for gun packs in /workspaces/LaIslaPepa/servidor_minecraft/tacz
[15May2026 02:30:22.384] [main/INFO] [tacz/GunPackFinder]: - tacz_default_gun, Main namespace: tacz
[15May2026 02:30:22.386] [main/INFO] [tacz/GunPackFinder]: Found 1 possible gunpack(s) and added them to resource set.
[15May2026 02:30:22.516] [main/DEBUG] [net.minecraftforge.server.ServerLifecycleHooks/CORE]: Generating PackInfo named mod:betterdungeons for mod file /workspaces/LaIslaPepa/servidor_minecraft/mods/YungsBetterDungeons-1.20-Forge-4.0.4.jar
[15May2026 02:30:22.516] [main/DEBUG] [net.minecraftforge.server.ServerLifecycleHooks/CORE]: Generating PackInfo named mod:kuma_api for mod file 
[15May2026 02:30:22.516] [main/DEBUG] [net.minecraftforge.server.ServerLifecycleHooks/CORE]: Generating PackInfo named mod:geckolib for mod file /workspaces/LaIslaPepa/servidor_minecraft/mods/geckolib-forge-1.20.1-4.8.3.jar
[15May2026 02:30:22.516] [main/DEBUG] [net.minecraftforge.server.ServerLifecycleHooks/CORE]: Generating PackInfo named mod:illagerinvasion for mod file /workspaces/LaIslaPepa/servidor_minecraft/mods/IllagerInvasion-v8.0.7-1.20.1-Forge.jar
[15May2026 02:30:22.517] [main/DEBUG] [net.minecraftforge.server.ServerLifecycleHooks/CORE]: Generating PackInfo named mod:dynamiclights for mod file /workspaces/LaIslaPepa/servidor_minecraft/mods/dynamiclights-1.20.1.2.jar
[15May2026 02:30:22.517] [main/DEBUG] [net.minecraftforge.server.ServerLifecycleHooks/CORE]: Generating PackInfo named mod:immersive_aircraft for mod file /workspaces/LaIslaPepa/servidor_minecraft/mods/immersive_aircraft-1.4.0+1.20.1-forge.jar
[15May2026 02:30:22.517] [main/DEBUG] [net.minecraftforge.server.ServerLifecycleHooks/CORE]: Generating PackInfo named mod:sophisticatedcore for mod file /workspaces/LaIslaPepa/servidor_minecraft/mods/sophisticatedcore-1.20.1-1.3.26.1759.jar
[15May2026 02:30:22.517] [main/DEBUG] [net.minecraftforge.server.ServerLifecycleHooks/CORE]: Generating PackInfo named mod:xaeroworldmap for mod file /workspaces/LaIslaPepa/servidor_minecraft/mods/xaeroworldmap-forge-1.20.1-1.40.11.jar
[15May2026 02:30:22.517] [main/DEBUG] [net.minecraftforge.server.ServerLifecycleHooks/CORE]: Generating PackInfo named mod:placebo for mod file /workspaces/LaIslaPepa/servidor_minecraft/mods/Placebo-1.20.1-8.6.3.jar
[15May2026 02:30:22.518] [main/DEBUG] [net.minecraftforge.server.ServerLifecycleHooks/CORE]: Generating PackInfo named mod:citadel for mod file /workspaces/LaIslaPepa/servidor_minecraft/mods/citadel-2.6.3-1.20.1.jar
[15May2026 02:30:22.518] [main/DEBUG] [net.minecraftforge.server.ServerLifecycleHooks/CORE]: Generating PackInfo named mod:alexsmobs for mod file /workspaces/LaIslaPepa/servidor_minecraft/mods/alexsmobs-1.22.9.jar
[15May2026 02:30:22.518] [main/DEBUG] [net.minecraftforge.server.ServerLifecycleHooks/CORE]: Generating PackInfo named mod:yungsapi for mod file /workspaces/LaIslaPepa/servidor_minecraft/mods/YungsApi-1.20-Forge-4.0.6.jar
[15May2026 02:30:22.518] [main/DEBUG] [net.minecraftforge.server.ServerLifecycleHooks/CORE]: Generating PackInfo named mod:mixinextras for mod file 
[15May2026 02:30:22.519] [main/DEBUG] [net.minecraftforge.server.ServerLifecycleHooks/CORE]: Generating PackInfo named mod:sophisticatedbackpacks for mod file /workspaces/LaIslaPepa/servidor_minecraft/mods/sophisticatedbackpacks-1.20.1-3.24.35.1675.jar
[15May2026 02:30:22.519] [main/DEBUG] [net.minecraftforge.server.ServerLifecycleHooks/CORE]: Generating PackInfo named mod:forgivingvoid for mod file /workspaces/LaIslaPepa/servidor_minecraft/mods/forgivingvoid-forge-1.20.1-10.0.3.jar
[15May2026 02:30:22.519] [main/DEBUG] [net.minecraftforge.server.ServerLifecycleHooks/CORE]: Generating PackInfo named mod:hordes for mod file /workspaces/LaIslaPepa/servidor_minecraft/mods/The-Hordes-1.20.1-1.6.3e-all.jar
[15May2026 02:30:22.519] [main/DEBUG] [net.minecraftforge.server.ServerLifecycleHooks/CORE]: Generating PackInfo named mod:balm for mod file /workspaces/LaIslaPepa/servidor_minecraft/mods/balm-forge-1.20.1-7.3.38-all.jar
[15May2026 02:30:22.519] [main/DEBUG] [net.minecraftforge.server.ServerLifecycleHooks/CORE]: Generating PackInfo named mod:immersive_armors for mod file /workspaces/LaIslaPepa/servidor_minecraft/mods/immersive_armors-1.7.1+1.20.1-forge.jar
[15May2026 02:30:22.520] [main/DEBUG] [net.minecraftforge.server.ServerLifecycleHooks/CORE]: Generating PackInfo named mod:carryon for mod file /workspaces/LaIslaPepa/servidor_minecraft/mods/carryon-forge-1.20.1-2.1.2.7.jar
[15May2026 02:30:22.520] [main/DEBUG] [net.minecraftforge.server.ServerLifecycleHooks/CORE]: Generating PackInfo named mod:betterfortresses for mod file /workspaces/LaIslaPepa/servidor_minecraft/mods/YungsBetterNetherFortresses-1.20-Forge-2.0.6.jar
[15May2026 02:30:22.520] [main/DEBUG] [net.minecraftforge.server.ServerLifecycleHooks/CORE]: Generating PackInfo named mod:paraglider for mod file /workspaces/LaIslaPepa/servidor_minecraft/mods/Paraglider-forge-20.1.3.jar
[15May2026 02:30:22.520] [main/DEBUG] [net.minecraftforge.server.ServerLifecycleHooks/CORE]: Generating PackInfo named mod:cloth_config for mod file /workspaces/LaIslaPepa/servidor_minecraft/mods/cloth-config-11.1.136-forge.jar
[15May2026 02:30:22.521] [main/DEBUG] [net.minecraftforge.server.ServerLifecycleHooks/CORE]: Generating PackInfo named mod:uniqueaccessories for mod file /workspaces/LaIslaPepa/servidor_minecraft/mods/uniqueaccessories-1.3.3-forge-mc1.20.1.jar
[15May2026 02:30:22.521] [main/DEBUG] [net.minecraftforge.server.ServerLifecycleHooks/CORE]: Generating PackInfo named mod:torchmaster for mod file /workspaces/LaIslaPepa/servidor_minecraft/mods/torchmaster-20.1.9.jar
[15May2026 02:30:22.521] [main/DEBUG] [net.minecraftforge.server.ServerLifecycleHooks/CORE]: Generating PackInfo named mod:clockwork for mod file /workspaces/LaIslaPepa/servidor_minecraft/mods/clockwork-forge-1.20.1-1.0.2.jar
[15May2026 02:30:22.521] [main/DEBUG] [net.minecraftforge.server.ServerLifecycleHooks/CORE]: Generating PackInfo named mod:resourcefulconfig for mod file /workspaces/LaIslaPepa/servidor_minecraft/mods/resourcefulconfig-forge-1.20.1-2.1.3.jar
[15May2026 02:30:22.521] [main/DEBUG] [net.minecraftforge.server.ServerLifecycleHooks/CORE]: Generating PackInfo named mod:curiouslanterns for mod file /workspaces/LaIslaPepa/servidor_minecraft/mods/curiouslanterns-1.20.1-1.3.7.jar
[15May2026 02:30:22.521] [main/DEBUG] [net.minecraftforge.server.ServerLifecycleHooks/CORE]: Generating PackInfo named mod:curios for mod file /workspaces/LaIslaPepa/servidor_minecraft/mods/curios-forge-5.14.1+1.20.1.jar
[15May2026 02:30:22.521] [main/DEBUG] [net.minecraftforge.server.ServerLifecycleHooks/CORE]: Generating PackInfo named mod:cerbons_api for mod file /workspaces/LaIslaPepa/servidor_minecraft/mods/CerbonsAPI-Forge-1.20.1-1.1.0.jar
[15May2026 02:30:22.522] [main/DEBUG] [net.minecraftforge.server.ServerLifecycleHooks/CORE]: Generating PackInfo named mod:attributeslib for mod file /workspaces/LaIslaPepa/servidor_minecraft/mods/ApothicAttributes-1.20.1-1.3.7.jar
[15May2026 02:30:22.522] [main/DEBUG] [net.minecraftforge.server.ServerLifecycleHooks/CORE]: Generating PackInfo named mod:tombstone for mod file /workspaces/LaIslaPepa/servidor_minecraft/mods/tombstone-1.20.1-9.0.10.jar
[15May2026 02:30:22.522] [main/DEBUG] [net.minecraftforge.server.ServerLifecycleHooks/CORE]: Generating PackInfo named mod:atlaslib for mod file /workspaces/LaIslaPepa/servidor_minecraft/mods/Atlas Lib-1.20.1-1.1.12.jar
[15May2026 02:30:22.522] [main/DEBUG] [net.minecraftforge.server.ServerLifecycleHooks/CORE]: Generating PackInfo named mod:resourcefullib for mod file 
[15May2026 02:30:22.522] [main/DEBUG] [net.minecraftforge.server.ServerLifecycleHooks/CORE]: Generating PackInfo named mod:architectury for mod file /workspaces/LaIslaPepa/servidor_minecraft/mods/architectury-9.2.14-forge.jar
[15May2026 02:30:22.522] [main/DEBUG] [net.minecraftforge.server.ServerLifecycleHooks/CORE]: Generating PackInfo named mod:blockpops for mod file /workspaces/LaIslaPepa/servidor_minecraft/mods/BlockPops - Forge - 1.20.1-1.5.0.jar
[15May2026 02:30:22.523] [main/DEBUG] [net.minecraftforge.server.ServerLifecycleHooks/CORE]: Generating PackInfo named mod:justhammers for mod file /workspaces/LaIslaPepa/servidor_minecraft/mods/justhammers-forge-2.0.3+mc1.20.1.jar
[15May2026 02:30:22.523] [main/DEBUG] [net.minecraftforge.server.ServerLifecycleHooks/CORE]: Generating PackInfo named mod:refurbished_furniture for mod file /workspaces/LaIslaPepa/servidor_minecraft/mods/refurbished_furniture-forge-1.20.1-1.0.20.jar
[15May2026 02:30:22.523] [main/DEBUG] [net.minecraftforge.server.ServerLifecycleHooks/CORE]: Generating PackInfo named mod:jadeaddons for mod file /workspaces/LaIslaPepa/servidor_minecraft/mods/JadeAddons-1.20.1-Forge-5.5.0.jar
[15May2026 02:30:22.523] [main/DEBUG] [net.minecraftforge.server.ServerLifecycleHooks/CORE]: Generating PackInfo named mod:framework for mod file /workspaces/LaIslaPepa/servidor_minecraft/mods/framework-forge-1.20.1-0.8.0.jar
[15May2026 02:30:22.523] [main/DEBUG] [net.minecraftforge.server.ServerLifecycleHooks/CORE]: Generating PackInfo named mod:fallingtree for mod file /workspaces/LaIslaPepa/servidor_minecraft/mods/FallingTree-1.20.1-4.3.4.jar
[15May2026 02:30:22.523] [main/DEBUG] [net.minecraftforge.server.ServerLifecycleHooks/CORE]: Generating PackInfo named mod:camerapture for mod file /workspaces/LaIslaPepa/servidor_minecraft/mods/Camerapture-1.10.12+mc1.20.1-forge.jar
[15May2026 02:30:22.524] [main/DEBUG] [net.minecraftforge.server.ServerLifecycleHooks/CORE]: Generating PackInfo named mod:galena_hats for mod file 
[15May2026 02:30:22.524] [main/DEBUG] [net.minecraftforge.server.ServerLifecycleHooks/CORE]: Generating PackInfo named mod:too_many_bows for mod file /workspaces/LaIslaPepa/servidor_minecraft/mods/too_many_bows-forge-4.0.1.jar
[15May2026 02:30:22.524] [main/DEBUG] [net.minecraftforge.server.ServerLifecycleHooks/CORE]: Generating PackInfo named mod:jei for mod file /workspaces/LaIslaPepa/servidor_minecraft/mods/jei-1.20.1-forge-15.20.0.130.jar
[15May2026 02:30:22.524] [main/DEBUG] [net.minecraftforge.server.ServerLifecycleHooks/CORE]: Generating PackInfo named mod:xaerolib for mod file 
[15May2026 02:30:22.524] [main/DEBUG] [net.minecraftforge.server.ServerLifecycleHooks/CORE]: Generating PackInfo named mod:tacz for mod file /workspaces/LaIslaPepa/servidor_minecraft/mods/tacz-1.20.1-1.1.7-hotfix2.jar
[15May2026 02:30:22.524] [main/DEBUG] [net.minecraftforge.server.ServerLifecycleHooks/CORE]: Generating PackInfo named mod:multikulti_core for mod file 
[15May2026 02:30:22.525] [main/DEBUG] [net.minecraftforge.server.ServerLifecycleHooks/CORE]: Generating PackInfo named mod:yungscavebiomes for mod file /workspaces/LaIslaPepa/servidor_minecraft/mods/YungsCaveBiomes-1.20.1-Forge-2.0.5.jar
[15May2026 02:30:22.525] [main/DEBUG] [net.minecraftforge.server.ServerLifecycleHooks/CORE]: Generating PackInfo named mod:nirvana for mod file /workspaces/LaIslaPepa/servidor_minecraft/mods/nirvana-forge-1.2.5.jar
[15May2026 02:30:22.525] [main/DEBUG] [net.minecraftforge.server.ServerLifecycleHooks/CORE]: Generating PackInfo named mod:knightlib for mod file /workspaces/LaIslaPepa/servidor_minecraft/mods/knightlib-forge-1.20.1-1.4.3.jar
[15May2026 02:30:22.525] [main/DEBUG] [net.minecraftforge.server.ServerLifecycleHooks/CORE]: Generating PackInfo named mod:mr_epicterrain for mod file /workspaces/LaIslaPepa/servidor_minecraft/mods/epicterrain-0.2.5.jar
[15May2026 02:30:22.525] [main/DEBUG] [net.minecraftforge.server.ServerLifecycleHooks/CORE]: Generating PackInfo named mod:multikulti_registrate for mod file 
[15May2026 02:30:22.526] [main/DEBUG] [net.minecraftforge.server.ServerLifecycleHooks/CORE]: Generating PackInfo named mod:bosses_of_mass_destruction for mod file /workspaces/LaIslaPepa/servidor_minecraft/mods/BOMD-Forge-1.20.1-1.1.2.jar
[15May2026 02:30:22.526] [main/DEBUG] [net.minecraftforge.server.ServerLifecycleHooks/CORE]: Generating PackInfo named mod:watut for mod file /workspaces/LaIslaPepa/servidor_minecraft/mods/watut-forge-1.20.1-1.2.3.jar
[15May2026 02:30:22.527] [main/DEBUG] [net.minecraftforge.server.ServerLifecycleHooks/CORE]: Generating PackInfo named mod:puzzlesaccessapi for mod file 
[15May2026 02:30:22.529] [main/DEBUG] [net.minecraftforge.server.ServerLifecycleHooks/CORE]: Generating PackInfo named mod:forge for mod file /workspaces/LaIslaPepa/servidor_minecraft/libraries/net/minecraftforge/forge/1.20.1-47.3.7/forge-1.20.1-47.3.7-universal.jar
[15May2026 02:30:22.530] [main/DEBUG] [net.minecraftforge.server.ServerLifecycleHooks/CORE]: Generating PackInfo named mod:travelerstitles for mod file /workspaces/LaIslaPepa/servidor_minecraft/mods/TravelersTitles-1.20-Forge-4.0.2.jar
[15May2026 02:30:22.530] [main/DEBUG] [net.minecraftforge.server.ServerLifecycleHooks/CORE]: Generating PackInfo named mod:dungeons_arise for mod file /workspaces/LaIslaPepa/servidor_minecraft/mods/DungeonsArise-1.20.x-2.1.58-release.jar
[15May2026 02:30:22.533] [main/DEBUG] [net.minecraftforge.server.ServerLifecycleHooks/CORE]: Generating PackInfo named mod:born_in_chaos_v1 for mod file /workspaces/LaIslaPepa/servidor_minecraft/mods/born_in_chaos_[Forge]1.20.1_1.7.5.jar
[15May2026 02:30:22.533] [main/DEBUG] [net.minecraftforge.server.ServerLifecycleHooks/CORE]: Generating PackInfo named mod:opposing_force for mod file /workspaces/LaIslaPepa/servidor_minecraft/mods/Opposing-Force-1.20.1-2.0.3.jar
[15May2026 02:30:22.533] [main/DEBUG] [net.minecraftforge.server.ServerLifecycleHooks/CORE]: Generating PackInfo named mod:doppelganger2 for mod file /workspaces/LaIslaPepa/servidor_minecraft/mods/Doppelganger II V1.02_1.20.1.jar
[15May2026 02:30:22.537] [main/DEBUG] [net.minecraftforge.server.ServerLifecycleHooks/CORE]: Generating PackInfo named mod:lucky for mod file /workspaces/LaIslaPepa/servidor_minecraft/mods/lucky-block-forge-1.20.1-13.0.jar
[15May2026 02:30:22.537] [main/DEBUG] [net.minecraftforge.server.ServerLifecycleHooks/CORE]: Generating PackInfo named mod:terrablender for mod file /workspaces/LaIslaPepa/servidor_minecraft/mods/TerraBlender-forge-1.20.1-3.0.1.10.jar
[15May2026 02:30:22.537] [main/DEBUG] [net.minecraftforge.server.ServerLifecycleHooks/CORE]: Generating PackInfo named mod:radiantgear for mod file /workspaces/LaIslaPepa/servidor_minecraft/mods/radiantgear-forge-2.2.0+1.20.1.jar
[15May2026 02:30:22.537] [main/DEBUG] [net.minecraftforge.server.ServerLifecycleHooks/CORE]: Generating PackInfo named mod:jade for mod file /workspaces/LaIslaPepa/servidor_minecraft/mods/Jade-1.20.1-Forge-11.13.2.jar
[15May2026 02:30:22.537] [main/DEBUG] [net.minecraftforge.server.ServerLifecycleHooks/CORE]: Generating PackInfo named mod:knightquest for mod file /workspaces/LaIslaPepa/servidor_minecraft/mods/knightquest-forge-1.20.1-1.9.3.jar
[15May2026 02:30:22.539] [main/DEBUG] [net.minecraftforge.server.ServerLifecycleHooks/CORE]: Generating PackInfo named mod:kotlinforforge for mod file 
[15May2026 02:30:22.539] [main/DEBUG] [net.minecraftforge.server.ServerLifecycleHooks/CORE]: Generating PackInfo named mod:ribbits for mod file /workspaces/LaIslaPepa/servidor_minecraft/mods/Ribbits-1.20.1-Forge-3.0.5.jar
[15May2026 02:30:22.540] [main/DEBUG] [net.minecraftforge.server.ServerLifecycleHooks/CORE]: Generating PackInfo named mod:xaerominimap for mod file /workspaces/LaIslaPepa/servidor_minecraft/mods/xaerominimap-forge-1.20.1-25.3.10.jar
[15May2026 02:30:22.541] [main/DEBUG] [net.minecraftforge.server.ServerLifecycleHooks/CORE]: Generating PackInfo named mod:brainrotprotocol for mod file /workspaces/LaIslaPepa/servidor_minecraft/mods/brainrotprotocol-1.1.0-forge-1.20.1.jar
[15May2026 02:30:22.541] [main/DEBUG] [net.minecraftforge.server.ServerLifecycleHooks/CORE]: Generating PackInfo named mod:securitycraft for mod file /workspaces/LaIslaPepa/servidor_minecraft/mods/[1.20.1] SecurityCraft v1.10.1.jar
[15May2026 02:30:22.541] [main/DEBUG] [net.minecraftforge.server.ServerLifecycleHooks/CORE]: Generating PackInfo named mod:armoroftheages for mod file /workspaces/LaIslaPepa/servidor_minecraft/mods/Armor of the Ages-forge-1.20.1-1.3.14.jar
[15May2026 02:30:22.541] [main/DEBUG] [net.minecraftforge.server.ServerLifecycleHooks/CORE]: Generating PackInfo named mod:coroutil for mod file /workspaces/LaIslaPepa/servidor_minecraft/mods/coroutil-forge-1.20.1-1.3.7.jar
[15May2026 02:30:22.542] [main/DEBUG] [net.minecraftforge.server.ServerLifecycleHooks/CORE]: Generating PackInfo named mod:creeperoverhaul for mod file /workspaces/LaIslaPepa/servidor_minecraft/mods/creeperoverhaul-3.0.2-forge.jar
[15May2026 02:30:22.542] [main/DEBUG] [net.minecraftforge.server.ServerLifecycleHooks/CORE]: Generating PackInfo named mod:yet_another_config_lib_v3 for mod file /workspaces/LaIslaPepa/servidor_minecraft/mods/yet_another_config_lib_v3-3.6.6+1.20.1-forge.jar
[15May2026 02:30:22.542] [main/DEBUG] [net.minecraftforge.server.ServerLifecycleHooks/CORE]: Generating PackInfo named mod:puzzleslib for mod file /workspaces/LaIslaPepa/servidor_minecraft/mods/PuzzlesLib-v8.1.33-1.20.1-Forge.jar
[15May2026 02:30:24.262] [main/DEBUG] [mixin/]: Mixing PrimaryLevelDataMixin from citadel.mixins.json into net.minecraft.world.level.storage.PrimaryLevelData
[15May2026 02:30:24.263] [main/DEBUG] [mixin/]: Mixing MixinPrimaryLevelData from terrablender.mixins.json into net.minecraft.world.level.storage.PrimaryLevelData
[15May2026 02:30:24.307] [main/DEBUG] [mixin/]: Mixing MixinDragonFightManager from paraglider.mixins.json into net.minecraft.world.level.dimension.end.EndDragonFight
[15May2026 02:30:24.586] [main/DEBUG] [mixin/]: Mixing LocateSmallNetherDungeonCommandMixin from betterdungeons.mixins.json into net.minecraft.server.commands.LocateCommand
[15May2026 02:30:24.588] [main/DEBUG] [mixin/]: Mixing LocateVanillaFortressCommandMixin from betterfortresses.mixins.json into net.minecraft.server.commands.LocateCommand
[15May2026 02:30:24.648] [main/DEBUG] [net.minecraftforge.coremod.transformer.CoreModBaseTransformer/COREMOD]: Transforming net/minecraft/server/commands/SummonCommand
[15May2026 02:30:24.955] [main/DEBUG] [atomicstryker.dynamiclights.server.DynamicLights/]: Adding reload listener for light level cache
[15May2026 02:30:24.958] [main/INFO] [com.github.alexthe666.alexsmobs.AlexsMobs/]: Adding datapack listener capsid_recipes
[15May2026 02:30:25.646] [Worker-Main-3/DEBUG] [net.minecraftforge.coremod.transformer.CoreModBaseTransformer/COREMOD]: Transforming net/minecraft/world/entity/raid/Raid
[15May2026 02:30:25.694] [Worker-Main-3/DEBUG] [mixin/]: Mixing MixinRaid from paraglider.mixins.json into net.minecraft.world.entity.raid.Raid
[15May2026 02:30:26.792] [Worker-Main-3/DEBUG] [tombstone/]: Updating LootTables
[15May2026 02:30:26.912] [main/WARN] [net.minecraft.world.level.storage.loot.LootDataManager/]: Found loot table element validation problem in {loot_tables:alexsmobs:gameplay/seal_reward}.pools[0].entries[0]->{minecraft:gameplay/fishing/junk}.pools[1].condition[1]: Parameters [<parameter minecraft:origin>] are not provided in this context
[15May2026 02:30:27.063] [main/ERROR] [net.minecraft.world.item.crafting.RecipeManager/]: Parsing error loading recipe opposing_force:opposing_force_mob_head_firework_star
com.google.gson.JsonSyntaxException: Invalid or unsupported recipe type 'opposing_force:opposing_force_mob_head_firework_star'
	at net.minecraft.world.item.crafting.RecipeManager.m_220253_(RecipeManager.java:170) ~[server-1.20.1-20230612.114412-srg.jar%23235!/:?]
	at java.util.Optional.orElseThrow(Optional.java:403) ~[?:?]
	at net.minecraft.world.item.crafting.RecipeManager.fromJson(RecipeManager.java:169) ~[server-1.20.1-20230612.114412-srg.jar%23235!/:?]
	at net.minecraft.world.item.crafting.RecipeManager.m_5787_(RecipeManager.java:67) ~[server-1.20.1-20230612.114412-srg.jar%23235!/:?]
	at net.minecraft.world.item.crafting.RecipeManager.m_5787_(RecipeManager.java:34) ~[server-1.20.1-20230612.114412-srg.jar%23235!/:?]
	at net.minecraft.server.packs.resources.SimplePreparableReloadListener.m_10789_(SimplePreparableReloadListener.java:13) ~[server-1.20.1-20230612.114412-srg.jar%23235!/:?]
	at java.util.concurrent.CompletableFuture$UniAccept.tryFire(CompletableFuture.java:718) ~[?:?]
	at java.util.concurrent.CompletableFuture$Completion.run(CompletableFuture.java:482) ~[?:?]
	at net.minecraft.server.packs.resources.SimpleReloadInstance.m_143940_(SimpleReloadInstance.java:69) ~[server-1.20.1-20230612.114412-srg.jar%23235!/:?]
	at net.minecraft.Util.m_214652_(Util.java:783) ~[server-1.20.1-20230612.114412-srg.jar%23235!/:?]
	at net.minecraft.Util.m_214679_(Util.java:772) ~[server-1.20.1-20230612.114412-srg.jar%23235!/:?]
	at net.minecraft.server.Main.main(Main.java:166) ~[server-1.20.1-20230612.114412-srg.jar%23235!/:?]
	at jdk.internal.reflect.NativeMethodAccessorImpl.invoke0(Native Method) ~[?:?]
	at jdk.internal.reflect.NativeMethodAccessorImpl.invoke(NativeMethodAccessorImpl.java:77) ~[?:?]
	at jdk.internal.reflect.DelegatingMethodAccessorImpl.invoke(DelegatingMethodAccessorImpl.java:43) ~[?:?]
	at java.lang.reflect.Method.invoke(Method.java:569) ~[?:?]
	at net.minecraftforge.fml.loading.targets.CommonLaunchHandler.runTarget(CommonLaunchHandler.java:111) ~[fmlloader-1.20.1-47.3.7.jar%2369!/:?]
	at net.minecraftforge.fml.loading.targets.CommonLaunchHandler.serverService(CommonLaunchHandler.java:103) ~[fmlloader-1.20.1-47.3.7.jar%2369!/:?]
	at net.minecraftforge.fml.loading.targets.CommonServerLaunchHandler.lambda$makeService$0(CommonServerLaunchHandler.java:27) ~[fmlloader-1.20.1-47.3.7.jar%2369!/:?]
	at cpw.mods.modlauncher.LaunchServiceHandlerDecorator.launch(LaunchServiceHandlerDecorator.java:30) ~[modlauncher-10.0.9.jar%2355!/:?]
	at cpw.mods.modlauncher.LaunchServiceHandler.launch(LaunchServiceHandler.java:53) ~[modlauncher-10.0.9.jar%2355!/:?]
	at cpw.mods.modlauncher.LaunchServiceHandler.launch(LaunchServiceHandler.java:71) ~[modlauncher-10.0.9.jar%2355!/:?]
	at cpw.mods.modlauncher.Launcher.run(Launcher.java:108) ~[modlauncher-10.0.9.jar%2355!/:?]
	at cpw.mods.modlauncher.Launcher.main(Launcher.java:78) ~[modlauncher-10.0.9.jar%2355!/:?]
	at cpw.mods.modlauncher.BootstrapLaunchConsumer.accept(BootstrapLaunchConsumer.java:26) ~[modlauncher-10.0.9.jar%2355!/:?]
	at cpw.mods.modlauncher.BootstrapLaunchConsumer.accept(BootstrapLaunchConsumer.java:23) ~[modlauncher-10.0.9.jar%2355!/:?]
	at cpw.mods.bootstraplauncher.BootstrapLauncher.main(BootstrapLauncher.java:141) ~[bootstraplauncher-1.1.2.jar:?]
[15May2026 02:30:27.070] [main/INFO] [net.minecraft.world.item.crafting.RecipeManager/]: Loaded 17 recipes
[15May2026 02:30:27.263] [main/ERROR] [net.minecraft.advancements.AdvancementList/]: Couldn't load advancement opposing_force:grow_slug: Task Advancement{parentId=opposing_force:tame_slug, display=net.minecraft.advancements.DisplayInfo@6bf473e0, rewards=AdvancementRewards{experience=0, loot=[], recipes=[], function=net.minecraft.commands.CommandFunction$CacheableFunction@41e7e3bf}, criteria={grow_slug=net.minecraft.advancements.Criterion@10608b52}, requirements=[[grow_slug]], sends_telemetry_event=true}
[15May2026 02:30:27.264] [main/ERROR] [net.minecraft.advancements.AdvancementList/]: Couldn't load advancement opposing_force:warden_challenge: Task Advancement{parentId=opposing_force:misc_root, display=net.minecraft.advancements.DisplayInfo@701076aa, rewards=AdvancementRewards{experience=0, loot=[], recipes=[], function=net.minecraft.commands.CommandFunction$CacheableFunction@41e7e3bf}, criteria={parry=net.minecraft.advancements.Criterion@643e59e1}, requirements=[[parry]], sends_telemetry_event=false}
[15May2026 02:30:27.265] [main/ERROR] [net.minecraft.advancements.AdvancementList/]: Couldn't load advancement opposing_force:tame_slug: Task Advancement{parentId=opposing_force:root, display=net.minecraft.advancements.DisplayInfo@68986bf6, rewards=AdvancementRewards{experience=0, loot=[], recipes=[], function=net.minecraft.commands.CommandFunction$CacheableFunction@41e7e3bf}, criteria={tame_slug=net.minecraft.advancements.Criterion@7effd655}, requirements=[[tame_slug]], sends_telemetry_event=true}
[15May2026 02:30:27.265] [main/INFO] [net.minecraft.advancements.AdvancementList/]: Loaded 3689 advancements
[15May2026 02:30:27.276] [main/INFO] [placebo/]: Registered 0 additional recipes.
[15May2026 02:30:27.276] [main/INFO] [atomicstryker.dynamiclights.server.ItemLightLevels/]: Clearing item tag to light level mapping cache
[15May2026 02:30:27.294] [main/DEBUG] [sophisticatedbackpacks/]: Started loading registry data from sophisticatedbackpacks:compat/woot/block_tools 
[15May2026 02:30:27.294] [main/DEBUG] [sophisticatedbackpacks/]: Started loading registry data from sophisticatedbackpacks:compat/fluxnetworks/block_tools 
[15May2026 02:30:27.294] [main/DEBUG] [sophisticatedbackpacks/]: Started loading registry data from sophisticatedbackpacks:compat/mob_grinding_utils/entity_tools 
[15May2026 02:30:27.294] [main/DEBUG] [sophisticatedbackpacks/]: Started loading registry data from sophisticatedbackpacks:compat/astralsorcery/block_tools 
[15May2026 02:30:27.294] [main/DEBUG] [sophisticatedbackpacks/]: Started loading registry data from sophisticatedbackpacks:compat/immersivepetroleum/block_tools 
[15May2026 02:30:27.294] [main/DEBUG] [sophisticatedbackpacks/]: Started loading registry data from sophisticatedbackpacks:compat/immersiveengineering/block_tools 
[15May2026 02:30:27.294] [main/DEBUG] [sophisticatedbackpacks/]: Started loading registry data from sophisticatedbackpacks:compat/pedestals/block_tools 
[15May2026 02:30:27.294] [main/DEBUG] [sophisticatedbackpacks/]: Started loading registry data from sophisticatedbackpacks:compat/platforms/block_tools 
[15May2026 02:30:27.294] [main/DEBUG] [sophisticatedbackpacks/]: Started loading registry data from sophisticatedbackpacks:compat/rftoolsutility/entity_tools 
[15May2026 02:30:27.294] [main/DEBUG] [sophisticatedbackpacks/]: Started loading registry data from sophisticatedbackpacks:compat/compactmachines/block_tools 
[15May2026 02:30:27.294] [main/DEBUG] [sophisticatedbackpacks/]: Started loading registry data from sophisticatedbackpacks:compat/mcwwindows/block_tools 
[15May2026 02:30:27.294] [main/DEBUG] [sophisticatedbackpacks/]: Started loading registry data from sophisticatedbackpacks:compat/integrateddynamics/block_tools 
[15May2026 02:30:27.294] [main/DEBUG] [sophisticatedbackpacks/]: Started loading registry data from sophisticatedbackpacks:entity_tools 
[15May2026 02:30:27.297] [main/DEBUG] [sophisticatedbackpacks/]: Finished loading registry data for sophisticatedbackpacks:entity_tools
[15May2026 02:30:27.297] [main/DEBUG] [sophisticatedbackpacks/]: Started loading registry data from sophisticatedbackpacks:compat/mekanism/block_tools 
[15May2026 02:30:27.297] [main/DEBUG] [sophisticatedbackpacks/]: Started loading registry data from sophisticatedbackpacks:compat/powah/block_tools 
[15May2026 02:30:27.297] [main/DEBUG] [sophisticatedbackpacks/]: Started loading registry data from sophisticatedbackpacks:compat/apotheosis/entity_tools 
[15May2026 02:30:27.297] [main/DEBUG] [sophisticatedbackpacks/]: Started loading registry data from sophisticatedbackpacks:compat/bloodmagic/block_tools 
[15May2026 02:30:27.297] [main/DEBUG] [sophisticatedbackpacks/]: Started loading registry data from sophisticatedbackpacks:compat/immersiveposts/block_tools 
[15May2026 02:30:27.297] [main/DEBUG] [sophisticatedbackpacks/]: Started loading registry data from sophisticatedbackpacks:compat/rats/entity_tools 
[15May2026 02:30:27.297] [main/DEBUG] [sophisticatedbackpacks/]: Started loading registry data from sophisticatedbackpacks:compat/framedcompactdrawers/block_tools 
[15May2026 02:30:27.297] [main/DEBUG] [sophisticatedbackpacks/]: Started loading registry data from sophisticatedbackpacks:compat/iceandfire/entity_tools 
[15May2026 02:30:27.297] [main/DEBUG] [sophisticatedbackpacks/]: Started loading registry data from sophisticatedbackpacks:compat/storagedrawers/block_tools 
[15May2026 02:30:27.297] [main/DEBUG] [sophisticatedbackpacks/]: Started loading registry data from sophisticatedbackpacks:compat/mcwroofs/block_tools 
[15May2026 02:30:27.297] [main/DEBUG] [sophisticatedbackpacks/]: Started loading registry data from sophisticatedbackpacks:compat/morphtool/block_tools 
[15May2026 02:30:27.297] [main/DEBUG] [sophisticatedbackpacks/]: Started loading registry data from sophisticatedbackpacks:compat/botania/block_tools 
[15May2026 02:30:27.297] [main/DEBUG] [sophisticatedbackpacks/]: Started loading registry data from sophisticatedbackpacks:compat/pneumaticraft/block_tools 
[15May2026 02:30:27.297] [main/DEBUG] [sophisticatedbackpacks/]: Started loading registry data from sophisticatedbackpacks:compat/shrink/entity_tools 
[15May2026 02:30:27.297] [main/DEBUG] [sophisticatedbackpacks/]: Started loading registry data from sophisticatedbackpacks:compat/blockcarpentry/block_tools 
[15May2026 02:30:27.297] [main/DEBUG] [sophisticatedbackpacks/]: Started loading registry data from sophisticatedbackpacks:compat/pipez/block_tools 
[15May2026 02:30:27.297] [main/DEBUG] [sophisticatedbackpacks/]: Started loading registry data from sophisticatedbackpacks:compat/transport/block_tools 
[15May2026 02:30:27.297] [main/DEBUG] [sophisticatedbackpacks/]: Started loading registry data from sophisticatedbackpacks:compat/thermal/block_tools 
[15May2026 02:30:27.297] [main/DEBUG] [sophisticatedbackpacks/]: Started loading registry data from sophisticatedbackpacks:block_tools 
[15May2026 02:30:27.297] [main/DEBUG] [sophisticatedbackpacks/]: Finished loading registry data for sophisticatedbackpacks:block_tools
[15May2026 02:30:27.297] [main/DEBUG] [sophisticatedbackpacks/]: Started loading registry data from sophisticatedbackpacks:compat/create/block_tools 
[15May2026 02:30:27.297] [main/DEBUG] [sophisticatedbackpacks/]: Started loading registry data from sophisticatedbackpacks:compat/farmersdelight/entity_tools 
[15May2026 02:30:27.297] [main/DEBUG] [sophisticatedbackpacks/]: Started loading registry data from sophisticatedbackpacks:compat/refinedstorage/block_tools 
[15May2026 02:30:27.297] [main/DEBUG] [sophisticatedbackpacks/]: Started loading registry data from sophisticatedbackpacks:compat/chiselsandbits/block_tools 
[15May2026 02:30:27.298] [main/DEBUG] [sophisticatedbackpacks/]: Started loading registry data from sophisticatedbackpacks:compat/farmersdelight/block_tools 
[15May2026 02:30:27.298] [main/DEBUG] [sophisticatedbackpacks/]: Started loading registry data from sophisticatedbackpacks:compat/resourcefulbees/entity_tools 
[15May2026 02:30:27.298] [main/DEBUG] [sophisticatedbackpacks/]: Started loading registry data from sophisticatedbackpacks:compat/tetra/swords 
[15May2026 02:30:27.298] [main/DEBUG] [sophisticatedbackpacks/]: Started loading registry data from sophisticatedbackpacks:swords 
[15May2026 02:30:27.298] [main/DEBUG] [sophisticatedbackpacks/]: Finished loading registry data for sophisticatedbackpacks:swords
[15May2026 02:30:27.298] [main/DEBUG] [sophisticatedbackpacks/]: Started loading registry data from sophisticatedbackpacks:compat/mythicbotany/block_tools 
[15May2026 02:30:27.298] [main/DEBUG] [sophisticatedbackpacks/]: Started loading registry data from sophisticatedbackpacks:compat/resourcefulbees/block_tools 
[15May2026 02:30:27.298] [main/DEBUG] [sophisticatedbackpacks/]: Started loading registry data from sophisticatedbackpacks:compat/syp/entity_tools 
[15May2026 02:30:27.298] [main/DEBUG] [sophisticatedbackpacks/]: Started loading registry data from sophisticatedbackpacks:compat/eidolon/block_tools 
[15May2026 02:30:27.298] [main/DEBUG] [sophisticatedbackpacks/]: Started loading registry data from sophisticatedbackpacks:compat/rftoolsbase/block_tools 
[15May2026 02:30:27.309] [main/INFO] [top.theillusivec4.curios.Curios/]: Loaded 14 curio slots
[15May2026 02:30:27.315] [main/ERROR] [top.theillusivec4.curios.Curios/]: talisman is not a registered slot type!
[15May2026 02:30:27.317] [main/INFO] [top.theillusivec4.curios.Curios/]: Loaded 1 curio entities
[15May2026 02:30:27.459] [main/WARN] [net.minecraftforge.common.loot.LootModifierManager/]: Could not decode GlobalLootModifier with json id uniqueaccessories:chest/waist_warmer_in_village_tqiga_house - error: Not a JSON object: null
[15May2026 02:30:27.464] [main/INFO] [placebo/]: Registered 0 gear_sets.
[15May2026 02:30:27.471] [main/INFO] [hordes/]: Loaded entity minecraft:zombie as entity.minecraft.zombie with weight 35, min day 0 and max day 20
[15May2026 02:30:27.471] [main/INFO] [hordes/]: Loaded entity minecraft:zombie_villager as entity.minecraft.zombie_villager with weight 1, min day 0 and max day 20
[15May2026 02:30:27.472] [main/INFO] [hordes/]: Loaded entity minecraft:zombie_horse as entity.minecraft.zombie_horse with weight 3, min day 20 and max day 40
[15May2026 02:30:27.472] [main/INFO] [hordes/]: Loaded entity minecraft:husk as entity.minecraft.husk with weight 40, min day 20 and max day 40
[15May2026 02:30:27.472] [main/INFO] [hordes/]: Loaded entity minecraft:drowned as entity.minecraft.drowned with weight 3, min day 30 and max day 40
[15May2026 02:30:27.472] [main/INFO] [hordes/]: Loaded entity minecraft:zoglin as entity.minecraft.zoglin with weight 3, min day 40 and max day 40
[15May2026 02:30:27.472] [main/INFO] [hordes/]: Loaded entity minecraft:zombified_piglin as entity.minecraft.zombified_piglin with weight 10, min day 40 and max day 0
[15May2026 02:30:27.473] [main/INFO] [hordes/]: Loaded entity minecraft:husk as entity.minecraft.husk with weight 25, min day 50 and max day 0
[15May2026 02:30:27.473] [main/INFO] [hordes/]: Loaded entity minecraft:zoglin as entity.minecraft.zoglin with weight 3, min day 50 and max day 0
[15May2026 02:30:27.473] [main/INFO] [hordes/]: Loaded entity minecraft:zombie_horse as entity.minecraft.zombie_horse with weight 3, min day 50 and max day 0
[15May2026 02:30:27.473] [main/INFO] [hordes/]: loaded horde table hordes:default
[15May2026 02:30:27.474] [main/INFO] [hordes/]: Loaded entity minecraft:drowned as entity.minecraft.drowned with weight 40, min day 0 and max day 20
[15May2026 02:30:27.474] [main/INFO] [hordes/]: Loaded entity minecraft:drowned as entity.minecraft.drowned with weight 3, min day 30 and max day 40
[15May2026 02:30:27.474] [main/INFO] [hordes/]: loaded horde table hordes:drowned
[15May2026 02:30:27.474] [main/INFO] [hordes/]: Loaded entity minecraft:zombie as entity.minecraft.zombie with weight 20, min day 0 and max day 20
[15May2026 02:30:27.475] [main/INFO] [hordes/]: Loaded entity minecraft:skeleton as entity.minecraft.skeleton with weight 10, min day 20 and max day 30
[15May2026 02:30:27.475] [main/INFO] [hordes/]: Loaded entity minecraft:spider as entity.minecraft.spider with weight 15, min day 20 and max day 30
[15May2026 02:30:27.476] [main/INFO] [hordes/]: Loaded entity minecraft:creeper as entity.minecraft.creeper with weight 5, min day 30 and max day 30
[15May2026 02:30:27.476] [main/INFO] [hordes/]: Loaded entity minecraft:husk as entity.minecraft.husk with weight 20, min day 30 and max day 50
[15May2026 02:30:27.476] [main/INFO] [hordes/]: Loaded entity minecraft:stray as entity.minecraft.stray with weight 15, min day 40 and max day 50
[15May2026 02:30:27.476] [main/INFO] [hordes/]: Loaded entity minecraft:cave_spider as entity.minecraft.cave_spider with weight 10, min day 40 and max day 50
[15May2026 02:30:27.476] [main/INFO] [hordes/]: Loaded entity minecraft:witch as entity.minecraft.witch with weight 5, min day 40 and max day 50
[15May2026 02:30:27.476] [main/INFO] [hordes/]: Loaded entity minecraft:pillager as entity.minecraft.pillager with weight 10, min day 40 and max day 50
[15May2026 02:30:27.477] [main/INFO] [hordes/]: Loaded entity minecraft:zombified_piglin as entity.minecraft.zombified_piglin with weight 10, min day 40 and max day 50
[15May2026 02:30:27.477] [main/INFO] [hordes/]: Loaded entity minecraft:zombie_horse as entity.minecraft.zombie_horse with weight 3, min day 40 and max day 50
[15May2026 02:30:27.477] [main/INFO] [hordes/]: Loaded entity minecraft:wither_skeleton as entity.minecraft.wither_skeleton with weight 10, min day 50 and max day 0
[15May2026 02:30:27.477] [main/INFO] [hordes/]: Loaded entity minecraft:phantom as entity.minecraft.phantom with weight 5, min day 50 and max day 50
[15May2026 02:30:27.478] [main/INFO] [hordes/]: Loaded entity minecraft:vindicator as entity.minecraft.vindicator with weight 10, min day 50 and max day 50
[15May2026 02:30:27.479] [main/INFO] [hordes/]: Loaded entity minecraft:zoglin as entity.minecraft.zoglin with weight 5, min day 40 and max day 40
[15May2026 02:30:27.479] [main/INFO] [hordes/]: Loaded entity minecraft:ravager as entity.minecraft.ravager with weight 5, min day 50 and max day 50
[15May2026 02:30:27.480] [main/INFO] [hordes/]: Loaded entity minecraft:evoker as entity.minecraft.evoker with weight 5, min day 50 and max day 50
[15May2026 02:30:27.480] [main/INFO] [hordes/]: Loaded entity minecraft:piglin_brute as entity.minecraft.piglin_brute with weight 10, min day 60 and max day 0
[15May2026 02:30:27.481] [main/INFO] [hordes/]: Loaded entity minecraft:skeleton_horse as entity.minecraft.skeleton_horse with weight 10, min day 60 and max day 0
[15May2026 02:30:27.481] [main/INFO] [hordes/]: Loaded entity minecraft:cave_spider as entity.minecraft.cave_spider with weight 10, min day 60 and max day 0
[15May2026 02:30:27.481] [main/INFO] [hordes/]: Loaded entity minecraft:zombie_horse as entity.minecraft.zombie_horse with weight 5, min day 60 and max day 0
[15May2026 02:30:27.481] [main/INFO] [hordes/]: Loaded entity minecraft:ravager as entity.minecraft.ravager with weight 3, min day 60 and max day 0
[15May2026 02:30:27.481] [main/INFO] [hordes/]: Loaded entity minecraft:phantom as entity.minecraft.phantom with weight 3, min day 60 and max day 0
[15May2026 02:30:27.482] [main/INFO] [hordes/]: loaded horde table hordes:mixed_mobs
[15May2026 02:30:27.482] [main/INFO] [hordes/]: Loaded entity minecraft:pillager as entity.minecraft.pillager with weight 15, min day 0 and max day 0
[15May2026 02:30:27.482] [main/INFO] [hordes/]: Loaded entity minecraft:vindicator as entity.minecraft.vindicator with weight 10, min day 0 and max day 0
[15May2026 02:30:27.482] [main/INFO] [hordes/]: Loaded entity minecraft:witch as entity.minecraft.witch with weight 5, min day 20 and max day 0
[15May2026 02:30:27.482] [main/INFO] [hordes/]: Loaded entity minecraft:ravager as entity.minecraft.ravager with weight 5, min day 30 and max day 40
[15May2026 02:30:27.482] [main/INFO] [hordes/]: Loaded entity minecraft:evoker as entity.minecraft.evoker with weight 3, min day 40 and max day 40
[15May2026 02:30:27.483] [main/INFO] [hordes/]: Loaded entity minecraft:illusioner as entity.minecraft.illusioner with weight 5, min day 50 and max day 0
[15May2026 02:30:27.483] [main/INFO] [hordes/]: Loaded entity minecraft:ravager as entity.minecraft.ravager with weight 3, min day 50 and max day 0
[15May2026 02:30:27.483] [main/INFO] [hordes/]: Loaded entity minecraft:ravager as entity.minecraft.ravager with weight 5, min day 50 and max day 0
[15May2026 02:30:27.483] [main/INFO] [hordes/]: loaded horde table hordes:illagers
[15May2026 02:30:27.484] [main/INFO] [hordes/]: Loaded entity minecraft:skeleton as entity.minecraft.skeleton with weight 10, min day 0 and max day 20
[15May2026 02:30:27.484] [main/INFO] [hordes/]: Loaded entity minecraft:skeleton as entity.minecraft.skeleton with weight 20, min day 0 and max day 30
[15May2026 02:30:27.485] [main/INFO] [hordes/]: Loaded entity minecraft:skeleton_horse as entity.minecraft.skeleton_horse with weight 5, min day 20 and max day 50
[15May2026 02:30:27.486] [main/INFO] [hordes/]: Loaded entity minecraft:stray as entity.minecraft.stray with weight 10, min day 20 and max day 0
[15May2026 02:30:27.486] [main/INFO] [hordes/]: Loaded entity minecraft:wither_skeleton as entity.minecraft.wither_skeleton with weight 10, min day 40 and max day 0
[15May2026 02:30:27.487] [main/INFO] [hordes/]: Loaded entity minecraft:skeleton_horse as entity.minecraft.skeleton_horse with weight 3, min day 40 and max day 0
[15May2026 02:30:27.488] [main/INFO] [hordes/]: Loaded entity minecraft:skeleton_horse as entity.minecraft.skeleton_horse with weight 2, min day 40 and max day 0
[15May2026 02:30:27.488] [main/INFO] [hordes/]: loaded horde table hordes:skeletons
[15May2026 02:30:27.489] [main/INFO] [hordes/]: Loaded entity minecraft:zombie as entity.minecraft.zombie with weight 30, min day 0 and max day 0
[15May2026 02:30:27.489] [main/INFO] [hordes/]: loaded horde table hordes:fallback
[15May2026 02:30:27.494] [main/INFO] [hordes/]: loaded horde script hordes:default
[15May2026 02:30:27.495] [main/INFO] [hordes/]: Loading conversion table hordes:infection_conversions
[15May2026 02:30:27.498] [main/INFO] [hordes/]: Loaded conversion entity.minecraft.villager to entity.minecraft.zombie_villager with an infection resistance of 0.15
[15May2026 02:30:27.498] [main/INFO] [hordes/]: Loaded conversion entity.minecraft.horse to entity.minecraft.zombie_horse with an infection resistance of 0.35
[15May2026 02:30:27.499] [main/INFO] [hordes/]: Loaded conversion entity.minecraft.piglin to entity.minecraft.zombified_piglin with an infection resistance of 0.15
[15May2026 02:30:27.501] [main/INFO] [hordes/]: Loaded conversion entity.minecraft.piglin_brute to entity.minecraft.zombified_piglin{Attributes:[{Base:50.0f,Name:"generic.max_health"}],chat_name:"entity.hordes.ZombifiedPiglinBrute.name",texture:"hordes:textures/entity/zombified_piglin_brute.png"} with an infection resistance of 0.65
[15May2026 02:30:27.501] [main/INFO] [hordes/]: Loaded conversion entity.minecraft.hoglin to entity.minecraft.zoglin with an infection resistance of 0.85
[15May2026 02:30:27.501] [main/INFO] [hordes/]: Loaded conversion entity.minecraft.wandering_trader to entity.minecraft.zombie_villager{VillagerData:{type:"none"},chat_name:"entity.hordes.ZombieWanderingTrader.name",texture:"hordes:textures/entity/zombie_wandering_trader.png"} with an infection resistance of 0.15
[15May2026 02:30:27.502] [main/INFO] [hordes/]: Loaded conversion entity.minecraft.pillager to entity.minecraft.zombie_villager{Attributes:[{Base:24.0f,Name:"generic.max_health"}],VillagerData:{type:"none"},chat_name:"entity.hordes.ZombiePillager.name",texture:"hordes:textures/entity/zombie_pillager.png"} with an infection resistance of 0.15
[15May2026 02:30:27.502] [main/INFO] [hordes/]: Loaded conversion entity.minecraft.vindicator to entity.minecraft.zombie_villager{Attributes:[{Base:24.0f,Name:"generic.max_health"}],VillagerData:{type:"none"},chat_name:"entity.hordes.ZombieVindicator.name",texture:"hordes:textures/entity/zombie_vindicator.png"} with an infection resistance of 0.65
[15May2026 02:30:27.502] [main/INFO] [hordes/]: Loaded conversion entity.minecraft.evoker to entity.minecraft.zombie_villager{Attributes:[{Base:24.0f,Name:"generic.max_health"}],VillagerData:{type:"none"},chat_name:"entity.hordes.ZombieEvoker.name",texture:"hordes:textures/entity/zombie_evoker.png"} with an infection resistance of 0.5
[15May2026 02:30:27.503] [main/INFO] [hordes/]: Loaded conversion entity.minecraft.illusioner to entity.minecraft.zombie_villager{Attributes:[{Base:32.0f,Name:"generic.max_health"}],VillagerData:{type:"none"},chat_name:"entity.hordes.ZombieIllusioner.name",texture:"hordes:textures/entity/zombie_illusioner.png"} with an infection resistance of 0.6
[15May2026 02:30:27.503] [main/INFO] [hordes/]: Loaded conversion entity.minecraft.witch to entity.minecraft.zombie_villager{Attributes:[{Base:26.0f,Name:"generic.max_health"}],VillagerData:{type:"none"},chat_name:"entity.hordes.ZombieWitch.name",texture:"hordes:textures/entity/zombie_witch.png"} with an infection resistance of 0.7
[15May2026 02:30:27.503] [main/INFO] [hordes/]: Loading immunity item list hordes:immunity_items
[15May2026 02:30:27.505] [main/INFO] [hordes/]: Loaded immunity item minecraft:enchanted_golden_apple with duration 150
[15May2026 02:30:27.506] [main/INFO] [hordes/]: Loading entity infection list hordes:infection_entities
[15May2026 02:30:27.508] [main/INFO] [hordes/]: Loaded infection entity minecraft:zombie with infect chance 0.75
[15May2026 02:30:27.508] [main/INFO] [hordes/]: Loaded infection entity minecraft:zombie_villager with infect chance 0.75
[15May2026 02:30:27.508] [main/INFO] [hordes/]: Loaded infection entity minecraft:husk with infect chance 0.8
[15May2026 02:30:27.509] [main/INFO] [hordes/]: Loaded infection entity minecraft:drowned with infect chance 0.7
[15May2026 02:30:27.509] [main/INFO] [hordes/]: Loaded infection entity minecraft:zombie_horse with infect chance 0.7
[15May2026 02:30:27.509] [main/INFO] [hordes/]: Loaded infection entity minecraft:zombified_piglin with infect chance 0.7
[15May2026 02:30:27.509] [main/INFO] [hordes/]: Loaded infection entity minecraft:zoglin with infect chance 0.5
[15May2026 02:30:27.509] [main/INFO] [hordes/]: Loaded infection entity hordes:zombie_player with infect chance 0.75
[15May2026 02:30:27.511] [main/INFO] [hordes/]: Loaded infection entity hordes:husk_player with infect chance 0.8
[15May2026 02:30:27.511] [main/INFO] [hordes/]: Loaded infection entity hordes:drowned_player with infect chance 0.7
[15May2026 02:30:28.987] [main/DEBUG] [net.minecraftforge.common.ForgeHooks/WP]: Gathering id map for writing to world save world
[15May2026 02:30:29.033] [main/DEBUG] [net.minecraftforge.common.ForgeHooks/WP]: ID Map collection complete world
[15May2026 02:30:29.092] [Server thread/INFO] [net.minecraft.server.dedicated.DedicatedServer/]: Starting minecraft server version 1.20.1
[15May2026 02:30:29.092] [Server thread/INFO] [net.minecraft.server.dedicated.DedicatedServer/]: Loading properties
[15May2026 02:30:29.092] [Server thread/INFO] [net.minecraft.server.dedicated.DedicatedServer/]: Default game type: SURVIVAL
[15May2026 02:30:29.093] [Server thread/INFO] [net.minecraft.server.MinecraftServer/]: Generating keypair
[15May2026 02:30:29.232] [Server thread/INFO] [net.minecraft.server.dedicated.DedicatedServer/]: Starting Minecraft server on *:25565
[15May2026 02:30:29.275] [Server thread/DEBUG] [net.minecraftforge.network.DualStackUtils/]: Detected IPv6 address: "0:0:0:0:0:0:0:0"
[15May2026 02:30:29.291] [Server thread/DEBUG] [io.netty.util.internal.NativeLibraryLoader/]: -Dio.netty.native.workdir: /tmp (io.netty.tmpdir)
[15May2026 02:30:29.292] [Server thread/DEBUG] [io.netty.util.internal.NativeLibraryLoader/]: -Dio.netty.native.deleteLibAfterLoading: true
[15May2026 02:30:29.292] [Server thread/DEBUG] [io.netty.util.internal.NativeLibraryLoader/]: -Dio.netty.native.tryPatchShadedId: true
[15May2026 02:30:29.292] [Server thread/DEBUG] [io.netty.util.internal.NativeLibraryLoader/]: -Dio.netty.native.detectNativeLibraryDuplicates: true
[15May2026 02:30:29.302] [Server thread/DEBUG] [io.netty.util.internal.NativeLibraryLoader/]: Successfully loaded the library /tmp/libnetty_transport_native_epoll_x86_646988493989590473771.so
[15May2026 02:30:29.307] [Server thread/DEBUG] [io.netty.util.NetUtil/]: -Djava.net.preferIPv4Stack: false
[15May2026 02:30:29.307] [Server thread/DEBUG] [io.netty.util.NetUtil/]: -Djava.net.preferIPv6Addresses: true
[15May2026 02:30:29.309] [Server thread/DEBUG] [io.netty.util.NetUtilInitializations/]: Loopback interface: lo (lo, 0:0:0:0:0:0:0:1%lo)
[15May2026 02:30:29.310] [Server thread/DEBUG] [io.netty.util.NetUtil/]: /proc/sys/net/core/somaxconn: 4096
[15May2026 02:30:29.314] [Server thread/INFO] [net.minecraft.server.network.ServerConnectionListener/]: Using epoll channel type
[15May2026 02:30:29.329] [Server thread/DEBUG] [io.netty.channel.MultithreadEventLoopGroup/]: -Dio.netty.eventLoopThreads: 8
[15May2026 02:30:29.343] [Server thread/DEBUG] [io.netty.util.internal.InternalThreadLocalMap/]: -Dio.netty.threadLocalMap.stringBuilder.initialSize: 1024
[15May2026 02:30:29.343] [Server thread/DEBUG] [io.netty.util.internal.InternalThreadLocalMap/]: -Dio.netty.threadLocalMap.stringBuilder.maxSize: 4096
[15May2026 02:30:29.359] [Server thread/DEBUG] [io.netty.util.internal.PlatformDependent/]: org.jctools-core.MpscChunkedArrayQueue: available
[15May2026 02:30:29.370] [Server thread/DEBUG] [io.netty.channel.DefaultChannelId/]: -Dio.netty.processId: 25040 (auto-detected)
[15May2026 02:30:29.371] [Server thread/DEBUG] [io.netty.channel.DefaultChannelId/]: -Dio.netty.machineId: 7c:1e:52:ff:fe:d3:d8:98 (auto-detected)
[15May2026 02:30:29.398] [Server thread/DEBUG] [io.netty.buffer.PooledByteBufAllocator/]: -Dio.netty.allocator.numHeapArenas: 8
[15May2026 02:30:29.398] [Server thread/DEBUG] [io.netty.buffer.PooledByteBufAllocator/]: -Dio.netty.allocator.numDirectArenas: 8
[15May2026 02:30:29.398] [Server thread/DEBUG] [io.netty.buffer.PooledByteBufAllocator/]: -Dio.netty.allocator.pageSize: 8192
[15May2026 02:30:29.398] [Server thread/DEBUG] [io.netty.buffer.PooledByteBufAllocator/]: -Dio.netty.allocator.maxOrder: 9
[15May2026 02:30:29.398] [Server thread/DEBUG] [io.netty.buffer.PooledByteBufAllocator/]: -Dio.netty.allocator.chunkSize: 4194304
[15May2026 02:30:29.398] [Server thread/DEBUG] [io.netty.buffer.PooledByteBufAllocator/]: -Dio.netty.allocator.smallCacheSize: 256
[15May2026 02:30:29.398] [Server thread/DEBUG] [io.netty.buffer.PooledByteBufAllocator/]: -Dio.netty.allocator.normalCacheSize: 64
[15May2026 02:30:29.399] [Server thread/DEBUG] [io.netty.buffer.PooledByteBufAllocator/]: -Dio.netty.allocator.maxCachedBufferCapacity: 32768
[15May2026 02:30:29.399] [Server thread/DEBUG] [io.netty.buffer.PooledByteBufAllocator/]: -Dio.netty.allocator.cacheTrimInterval: 8192
[15May2026 02:30:29.399] [Server thread/DEBUG] [io.netty.buffer.PooledByteBufAllocator/]: -Dio.netty.allocator.cacheTrimIntervalMillis: 0
[15May2026 02:30:29.399] [Server thread/DEBUG] [io.netty.buffer.PooledByteBufAllocator/]: -Dio.netty.allocator.useCacheForAllThreads: false
[15May2026 02:30:29.399] [Server thread/DEBUG] [io.netty.buffer.PooledByteBufAllocator/]: -Dio.netty.allocator.maxCachedByteBuffersPerChunk: 1023
[15May2026 02:30:29.407] [Server thread/DEBUG] [io.netty.buffer.ByteBufUtil/]: -Dio.netty.allocator.type: pooled
[15May2026 02:30:29.408] [Server thread/DEBUG] [io.netty.buffer.ByteBufUtil/]: -Dio.netty.threadLocalDirectBufferSize: 0
[15May2026 02:30:29.408] [Server thread/DEBUG] [io.netty.buffer.ByteBufUtil/]: -Dio.netty.maxThreadLocalCharBufferSize: 16384
[15May2026 02:30:29.418] [Server thread/WARN] [net.minecraft.server.dedicated.DedicatedServer/]: **** SERVER IS RUNNING IN OFFLINE/INSECURE MODE!
[15May2026 02:30:29.420] [Server thread/WARN] [net.minecraft.server.dedicated.DedicatedServer/]: The server will make no attempt to authenticate usernames. Beware.
[15May2026 02:30:29.420] [Server thread/WARN] [net.minecraft.server.dedicated.DedicatedServer/]: While this makes the game possible to play without internet access, it also opens up the ability for hackers to connect with any username they choose.
[15May2026 02:30:29.420] [Server thread/WARN] [net.minecraft.server.dedicated.DedicatedServer/]: To change this, set "online-mode" to "true" in the server.properties file.
[15May2026 02:30:29.436] [Server thread/DEBUG] [net.minecraftforge.fml.config.ConfigTracker/CONFIG]: Loading configs type SERVER
[15May2026 02:30:29.439] [Server thread/DEBUG] [fuzs.puzzleslib.impl.config.core.ForgeConfigFileTypeHandler/CONFIG]: Built TOML config for /workspaces/LaIslaPepa/servidor_minecraft/config/illagerinvasion-server.toml
[15May2026 02:30:29.439] [Server thread/DEBUG] [fuzs.puzzleslib.impl.config.core.ForgeConfigFileTypeHandler/CONFIG]: Loaded TOML config file /workspaces/LaIslaPepa/servidor_minecraft/config/illagerinvasion-server.toml
[15May2026 02:30:29.440] [Server thread/DEBUG] [fuzs.puzzleslib.impl.config.core.ForgeConfigFileTypeHandler/CONFIG]: Watching TOML config file /workspaces/LaIslaPepa/servidor_minecraft/config/illagerinvasion-server.toml for changes
[15May2026 02:30:29.441] [Server thread/INFO] [Puzzles Lib/]: Loading server config for illagerinvasion
[15May2026 02:30:29.442] [Server thread/DEBUG] [net.minecraftforge.fml.config.ConfigFileTypeHandler/CONFIG]: Built TOML config for ./world/serverconfig/sophisticatedbackpacks-server.toml
[15May2026 02:30:29.442] [Thread-2/DEBUG] [fuzs.puzzleslib.impl.config.core.ForgeConfigFileTypeHandler/CONFIG]: Config file illagerinvasion-server.toml changed, sending notifies
[15May2026 02:30:29.445] [Thread-2/INFO] [Puzzles Lib/]: Reloading server config for illagerinvasion
[15May2026 02:30:29.443] [Server thread/DEBUG] [net.minecraftforge.fml.config.ConfigFileTypeHandler/CONFIG]: Loaded TOML config file ./world/serverconfig/sophisticatedbackpacks-server.toml
[15May2026 02:30:29.447] [Server thread/DEBUG] [net.minecraftforge.fml.config.ConfigFileTypeHandler/CONFIG]: Watching TOML config file ./world/serverconfig/sophisticatedbackpacks-server.toml for changes
[15May2026 02:30:29.452] [Server thread/DEBUG] [net.minecraftforge.fml.config.ConfigFileTypeHandler/CONFIG]: Built TOML config for ./world/serverconfig/curios-server.toml
[15May2026 02:30:29.452] [Server thread/DEBUG] [net.minecraftforge.fml.config.ConfigFileTypeHandler/CONFIG]: Loaded TOML config file ./world/serverconfig/curios-server.toml
[15May2026 02:30:29.452] [Server thread/DEBUG] [net.minecraftforge.fml.config.ConfigFileTypeHandler/CONFIG]: Watching TOML config file ./world/serverconfig/curios-server.toml for changes
[15May2026 02:30:29.453] [Server thread/DEBUG] [net.minecraftforge.fml.config.ConfigFileTypeHandler/CONFIG]: Built TOML config for /workspaces/LaIslaPepa/servidor_minecraft/config/tombstone-server.toml
[15May2026 02:30:29.454] [Server thread/DEBUG] [net.minecraftforge.fml.config.ConfigFileTypeHandler/CONFIG]: Loaded TOML config file /workspaces/LaIslaPepa/servidor_minecraft/config/tombstone-server.toml
[15May2026 02:30:29.454] [Thread-2/DEBUG] [net.minecraftforge.fml.config.ConfigFileTypeHandler/CONFIG]: Config file sophisticatedbackpacks-server.toml changed, sending notifies
[15May2026 02:30:29.454] [Server thread/DEBUG] [net.minecraftforge.fml.config.ConfigFileTypeHandler/CONFIG]: Watching TOML config file /workspaces/LaIslaPepa/servidor_minecraft/config/tombstone-server.toml for changes
[15May2026 02:30:29.455] [Server thread/DEBUG] [net.minecraftforge.fml.config.ConfigFileTypeHandler/CONFIG]: Built TOML config for ./world/serverconfig/paraglider-server.toml
[15May2026 02:30:29.456] [Server thread/DEBUG] [net.minecraftforge.fml.config.ConfigFileTypeHandler/CONFIG]: Loaded TOML config file ./world/serverconfig/paraglider-server.toml
[15May2026 02:30:29.456] [Server thread/DEBUG] [net.minecraftforge.fml.config.ConfigFileTypeHandler/CONFIG]: Watching TOML config file ./world/serverconfig/paraglider-server.toml for changes
[15May2026 02:30:29.461] [Thread-2/DEBUG] [net.minecraftforge.fml.config.ConfigFileTypeHandler/CONFIG]: Config file paraglider-server.toml changed, sending notifies
[15May2026 02:30:29.462] [Server thread/DEBUG] [net.minecraftforge.fml.config.ConfigFileTypeHandler/CONFIG]: Built TOML config for ./world/serverconfig/jei-server.toml
[15May2026 02:30:29.462] [Server thread/DEBUG] [net.minecraftforge.fml.config.ConfigFileTypeHandler/CONFIG]: Loaded TOML config file ./world/serverconfig/jei-server.toml
[15May2026 02:30:29.462] [Server thread/DEBUG] [net.minecraftforge.fml.config.ConfigFileTypeHandler/CONFIG]: Watching TOML config file ./world/serverconfig/jei-server.toml for changes
[15May2026 02:30:29.463] [Server thread/DEBUG] [net.minecraftforge.fml.config.ConfigFileTypeHandler/CONFIG]: Built TOML config for ./world/serverconfig/tacz-server.toml
[15May2026 02:30:29.464] [Server thread/DEBUG] [net.minecraftforge.fml.config.ConfigFileTypeHandler/CONFIG]: Loaded TOML config file ./world/serverconfig/tacz-server.toml
[15May2026 02:30:29.462] [Thread-2/DEBUG] [net.minecraftforge.fml.config.ConfigFileTypeHandler/CONFIG]: Config file paraglider-server.toml changed, sending notifies
[15May2026 02:30:29.464] [Server thread/DEBUG] [net.minecraftforge.fml.config.ConfigFileTypeHandler/CONFIG]: Watching TOML config file ./world/serverconfig/tacz-server.toml for changes
[15May2026 02:30:29.468] [Thread-2/DEBUG] [net.minecraftforge.fml.config.ConfigFileTypeHandler/CONFIG]: Config file tacz-server.toml changed, sending notifies
[15May2026 02:30:29.468] [Server thread/DEBUG] [net.minecraftforge.fml.config.ConfigFileTypeHandler/CONFIG]: Built TOML config for ./world/serverconfig/forge-server.toml
[15May2026 02:30:29.469] [Server thread/DEBUG] [net.minecraftforge.fml.config.ConfigFileTypeHandler/CONFIG]: Loaded TOML config file ./world/serverconfig/forge-server.toml
[15May2026 02:30:29.469] [Server thread/DEBUG] [net.minecraftforge.fml.config.ConfigFileTypeHandler/CONFIG]: Watching TOML config file ./world/serverconfig/forge-server.toml for changes
[15May2026 02:30:29.469] [Server thread/DEBUG] [net.minecraftforge.common.ForgeConfig/FORGEMOD]: Loaded forge config file forge-server.toml
[15May2026 02:30:29.469] [Thread-2/DEBUG] [net.minecraftforge.fml.config.ConfigFileTypeHandler/CONFIG]: Config file tacz-server.toml changed, sending notifies
[15May2026 02:30:29.469] [Server thread/DEBUG] [net.minecraftforge.fml.config.ConfigFileTypeHandler/CONFIG]: Built TOML config for ./world/serverconfig/securitycraft-server.toml
[15May2026 02:30:29.470] [Server thread/DEBUG] [net.minecraftforge.fml.config.ConfigFileTypeHandler/CONFIG]: Loaded TOML config file ./world/serverconfig/securitycraft-server.toml
[15May2026 02:30:29.470] [Server thread/DEBUG] [net.minecraftforge.fml.config.ConfigFileTypeHandler/CONFIG]: Watching TOML config file ./world/serverconfig/securitycraft-server.toml for changes
[15May2026 02:30:29.470] [Thread-2/DEBUG] [net.minecraftforge.fml.config.ConfigFileTypeHandler/CONFIG]: Config file forge-server.toml changed, sending notifies
[15May2026 02:30:29.470] [Thread-2/DEBUG] [net.minecraftforge.common.ForgeConfig/FORGEMOD]: Forge config just got changed on the file system!
[15May2026 02:30:29.474] [Thread-2/DEBUG] [net.minecraftforge.fml.config.ConfigFileTypeHandler/CONFIG]: Config file securitycraft-server.toml changed, sending notifies
[15May2026 02:30:29.476] [Server thread/DEBUG] [mixin/]: Mixing accessor.BiomeSpecialEffectsBuilderForgeAccessor from puzzleslib.forge.mixins.json into net.minecraft.world.level.biome.BiomeSpecialEffects$Builder
[15May2026 02:30:29.667] [Server thread/INFO] [atomicstryker.dynamiclights.server.modules.PlayerSelfLightSource/]: item config parser identified itemstack 1 torch
[15May2026 02:30:29.668] [Server thread/INFO] [atomicstryker.dynamiclights.server.modules.PlayerSelfLightSource/]: item config parser identified itemstack 1 glowstone
[15May2026 02:30:29.668] [Server thread/INFO] [atomicstryker.dynamiclights.server.modules.PlayerSelfLightSource/]: item config parser finished, item count: 2
[15May2026 02:30:29.669] [Server thread/INFO] [atomicstryker.dynamiclights.server.modules.PlayerSelfLightSource/]: item config parser identified itemstack 1 torch
[15May2026 02:30:29.669] [Server thread/INFO] [atomicstryker.dynamiclights.server.modules.PlayerSelfLightSource/]: item config parser finished, item count: 1
[15May2026 02:30:29.669] [Server thread/INFO] [atomicstryker.dynamiclights.server.modules.DroppedItemsLightSource/]: item config parser identified itemstack 1 torch
[15May2026 02:30:29.670] [Server thread/INFO] [atomicstryker.dynamiclights.server.modules.DroppedItemsLightSource/]: item config parser identified itemstack 1 glowstone
[15May2026 02:30:29.670] [Server thread/INFO] [atomicstryker.dynamiclights.server.modules.DroppedItemsLightSource/]: item config parser finished, item count: 2
[15May2026 02:30:29.671] [Server thread/INFO] [atomicstryker.dynamiclights.server.modules.DroppedItemsLightSource/]: item config parser identified itemstack 1 torch
[15May2026 02:30:29.671] [Server thread/INFO] [atomicstryker.dynamiclights.server.modules.DroppedItemsLightSource/]: item config parser finished, item count: 1
[15May2026 02:30:29.673] [Server thread/DEBUG] [Paraglider/]: Start adding village structures
[15May2026 02:30:29.673] [Server thread/DEBUG] [Paraglider/]: Added 2 elements to template pool 'minecraft:village/desert/houses'
[15May2026 02:30:29.673] [Server thread/DEBUG] [Paraglider/]: Added 2 elements to template pool 'minecraft:village/plains/houses'
[15May2026 02:30:29.674] [Server thread/DEBUG] [Paraglider/]: Added 2 elements to template pool 'minecraft:village/savanna/houses'
[15May2026 02:30:29.674] [Server thread/DEBUG] [Paraglider/]: Added 1 elements to template pool 'minecraft:village/snowy/houses'
[15May2026 02:30:29.674] [Server thread/DEBUG] [Paraglider/]: Added 2 elements to template pool 'minecraft:village/taiga/houses'
[15May2026 02:30:29.674] [Server thread/DEBUG] [Paraglider/]: Finished adding village structures
[15May2026 02:30:29.675] [Server thread/INFO] [Framework/]: Loading server configs...
[15May2026 02:30:29.682] [Server thread/DEBUG] [Framework/]: Started watching config: /workspaces/LaIslaPepa/servidor_minecraft/config/refurbished_furniture.server.toml
[15May2026 02:30:29.702] [Server thread/INFO] [com.illusivesoulworks.radiantgear.integration.dynamiclights.DynamicLightsModule.CuriosLightSource/]: item config parser identified itemstack 1 torch
[15May2026 02:30:29.702] [Server thread/INFO] [com.illusivesoulworks.radiantgear.integration.dynamiclights.DynamicLightsModule.CuriosLightSource/]: item config parser identified itemstack 1 glowstone
[15May2026 02:30:29.702] [Server thread/INFO] [com.illusivesoulworks.radiantgear.integration.dynamiclights.DynamicLightsModule.CuriosLightSource/]: item config parser finished, item count: 2
[15May2026 02:30:29.703] [Server thread/INFO] [com.illusivesoulworks.radiantgear.integration.dynamiclights.DynamicLightsModule.CuriosLightSource/]: item config parser identified itemstack 1 torch
[15May2026 02:30:29.703] [Server thread/INFO] [com.illusivesoulworks.radiantgear.integration.dynamiclights.DynamicLightsModule.CuriosLightSource/]: item config parser finished, item count: 1
[15May2026 02:30:29.713] [Server thread/INFO] [terrablender/]: Initialized TerraBlender biomes for level stem minecraft:the_nether
[15May2026 02:30:30.174] [Server thread/INFO] [terrablender/]: Initialized TerraBlender biomes for level stem minecraft:overworld
[15May2026 02:30:30.184] [Server thread/INFO] [terrablender/]: Initialized TerraBlender biomes for level stem minecraft:overworld11
[15May2026 02:30:30.184] [Server thread/INFO] [net.minecraft.server.dedicated.DedicatedServer/]: Preparing level "world"
[15May2026 02:30:30.195] [Server thread/DEBUG] [net.minecraftforge.coremod.transformer.CoreModBaseTransformer/COREMOD]: Transforming net/minecraft/world/level/levelgen/PhantomSpawner
[15May2026 02:30:30.203] [Server thread/DEBUG] [net.minecraftforge.coremod.transformer.CoreModBaseTransformer/COREMOD]: Transforming net/minecraft/world/level/levelgen/PatrolSpawner
[15May2026 02:30:30.207] [Server thread/DEBUG] [mixin/]: Mixing PatrolSpawnerMixin from illagerinvasion.common.mixins.json into net.minecraft.world.level.levelgen.PatrolSpawner
[15May2026 02:30:30.210] [Server thread/DEBUG] [net.minecraftforge.coremod.transformer.CoreModBaseTransformer/COREMOD]: Transforming net/minecraft/world/entity/npc/CatSpawner
[15May2026 02:30:30.234] [Server thread/DEBUG] [mixin/]: Mixing DamageSourcesMixin from tombstone.mixins.json into net.minecraft.world.damagesource.DamageSources
[15May2026 02:30:30.304] [Server thread/DEBUG] [mixin/]: Mixing camera.ChunkMapMixin from securitycraft.mixins.json into net.minecraft.server.level.ChunkMap
[15May2026 02:30:30.305] [Server thread/DEBUG] [mixin/]: Renaming synthetic method lambda$securitycraft$onDropChunk$3(Lnet/minecraft/server/level/ServerPlayer;Lnet/minecraft/world/level/ChunkPos;Lnet/geforcemods/securitycraft/blockentities/SecurityCameraBlockEntity;)Z to mdbaff56$lambda$securitycraft$onDropChunk$3$0 in securitycraft.mixins.json:camera.ChunkMapMixin
[15May2026 02:30:30.305] [Server thread/DEBUG] [mixin/]: Renaming synthetic method lambda$securitycraft$sendChunksToCameras$2(Lnet/minecraft/server/level/ServerPlayer;Lnet/minecraft/world/level/ChunkPos;Lnet/geforcemods/securitycraft/blockentities/SecurityCameraBlockEntity;)Z to mdbaff56$lambda$securitycraft$sendChunksToCameras$2$1 in securitycraft.mixins.json:camera.ChunkMapMixin
[15May2026 02:30:30.306] [Server thread/DEBUG] [mixin/]: Renaming synthetic method lambda$securitycraft$trackCameraLoadedChunks$1(Lnet/minecraft/server/level/ServerPlayer;Lnet/minecraft/world/level/ChunkPos;Lnet/geforcemods/securitycraft/blockentities/SecurityCameraBlockEntity;)Z to mdbaff56$lambda$securitycraft$trackCameraLoadedChunks$1$2 in securitycraft.mixins.json:camera.ChunkMapMixin
[15May2026 02:30:30.306] [Server thread/DEBUG] [mixin/]: Renaming synthetic method lambda$securitycraft$trackCameraLoadedChunks$0(Lnet/minecraft/server/level/ServerPlayer;Lnet/geforcemods/securitycraft/blockentities/SecurityCameraBlockEntity;)Z to mdbaff56$lambda$securitycraft$trackCameraLoadedChunks$0$3 in securitycraft.mixins.json:camera.ChunkMapMixin
[15May2026 02:30:30.821] [Server thread/DEBUG] [mixin/]: Mixing reinforced.PortalForcerMixin from securitycraft.mixins.json into net.minecraft.world.level.portal.PortalForcer
[15May2026 02:30:30.833] [Server thread/DEBUG] [mixin/]: Mixing accessor.StructureManagerAccessor from betterfortresses.mixins.json into net.minecraft.world.level.StructureManager
[15May2026 02:30:30.834] [Server thread/DEBUG] [mixin/]: Mixing accessor.StructureManagerAccessor from yungscavebiomes.mixins.json into net.minecraft.world.level.StructureManager
[15May2026 02:30:30.834] [Server thread/DEBUG] [mixin/]: Unexpected: Registered method getLevel()Lnet/minecraft/world/level/LevelAccessor; in net.minecraft.world.level.StructureManager was not merged
[15May2026 02:30:31.410] [Server thread/DEBUG] [com.cerbon.cerbons_api.util.Constants/]: Loaded com.cerbon.cerbons_api.forge.platform.ForgePlatformHelper@54c0aa38 for service interface com.cerbon.cerbons_api.platform.services.IPlatformHelper
[15May2026 02:30:31.414] [Server thread/DEBUG] [com.cerbon.cerbons_api.util.Constants/]: Loaded com.cerbon.cerbons_api.forge.platform.ForgeRegistryHelper@5edf6973 for service interface com.cerbon.cerbons_api.platform.services.IRegistryHelper
[15May2026 02:30:31.414] [Server thread/DEBUG] [com.cerbon.cerbons_api.util.Constants/]: Loaded com.cerbon.cerbons_api.forge.platform.ForgeCapabilityHelper@30382742 for service interface com.cerbon.cerbons_api.platform.services.ICapabilityHelper
[15May2026 02:30:31.461] [Server thread/WARN] [net.minecraft.network.syncher.SynchedEntityData/]: defineId called for: class com.cerbon.bosses_of_mass_destruction.entity.custom.obsidilith.ObsidilithEntity from class com.cerbon.bosses_of_mass_destruction.entity.custom.obsidilith.ObsidilithUtils
[15May2026 02:30:31.465] [Server thread/WARN] [net.minecraft.network.syncher.SynchedEntityData/]: defineId called for: class com.cerbon.bosses_of_mass_destruction.entity.custom.gauntlet.GauntletEntity from class com.cerbon.bosses_of_mass_destruction.projectile.PetalBladeProjectile
[15May2026 02:30:31.472] [Server thread/WARN] [net.minecraft.network.syncher.SynchedEntityData/]: defineId called for: class com.cerbon.bosses_of_mass_destruction.entity.util.BaseEntity from class com.cerbon.bosses_of_mass_destruction.entity.custom.void_blossom.hitbox.NetworkedHitboxManager
[15May2026 02:30:31.566] [Server thread/DEBUG] [mixin/]: Mixing ProjectileUtilMixin from immersive_aircraft.mixins.json into net.minecraft.world.entity.projectile.ProjectileUtil
[15May2026 02:30:31.587] [Server thread/DEBUG] [mixin/]: Mixing debug.PathAccessor from yungscavebiomes.mixins.json into net.minecraft.world.level.pathfinder.Path
[15May2026 02:30:31.929] [Server thread/DEBUG] [mixin/]: Mixing MixinPiglinAi from hordes.mixin.json into net.minecraft.world.entity.monster.piglin.PiglinAi
[15May2026 02:30:31.931] [Server thread/DEBUG] [mixin/]: Mixing MixinPiglinAi from curios.mixins.json into net.minecraft.world.entity.monster.piglin.PiglinAi
[15May2026 02:30:42.116] [Server thread/INFO] [net.minecraft.server.MinecraftServer/]: Preparing start region for dimension minecraft:overworld
[15May2026 02:30:52.755] [Server thread/DEBUG] [mixin/]: Mixing MixinChunkSerializer from architectury.mixins.json into net.minecraft.world.level.chunk.storage.ChunkSerializer
[15May2026 02:30:53.035] [Server thread/DEBUG] [mixin/]: Mixing accessor.BoundingBoxAccessor from betterdungeons.mixins.json into net.minecraft.world.level.levelgen.structure.BoundingBox
[15May2026 02:30:53.036] [Server thread/DEBUG] [mixin/]: Mixing accessor.BoundingBoxAccessor from yungsapi.mixins.json into net.minecraft.world.level.levelgen.structure.BoundingBox
[15May2026 02:30:53.037] [Server thread/DEBUG] [mixin/]: Unexpected: Registered method setMaxZ(I)V in net.minecraft.world.level.levelgen.structure.BoundingBox was not merged
[15May2026 02:30:53.037] [Server thread/DEBUG] [mixin/]: Unexpected: Registered method setMaxY(I)V in net.minecraft.world.level.levelgen.structure.BoundingBox was not merged
[15May2026 02:30:53.037] [Server thread/DEBUG] [mixin/]: Unexpected: Registered method setMinX(I)V in net.minecraft.world.level.levelgen.structure.BoundingBox was not merged
[15May2026 02:30:53.037] [Server thread/DEBUG] [mixin/]: Unexpected: Registered method setMaxX(I)V in net.minecraft.world.level.levelgen.structure.BoundingBox was not merged
[15May2026 02:30:53.037] [Server thread/DEBUG] [mixin/]: Unexpected: Registered method setMinZ(I)V in net.minecraft.world.level.levelgen.structure.BoundingBox was not merged
[15May2026 02:30:53.037] [Server thread/DEBUG] [mixin/]: Unexpected: Registered method setMinY(I)V in net.minecraft.world.level.levelgen.structure.BoundingBox was not merged
[15May2026 02:30:58.499] [Worker-Main-3/INFO] [net.minecraft.server.level.progress.LoggerChunkProgressListener/]: Preparing spawn area: 0%
[15May2026 02:30:58.499] [Worker-Main-1/INFO] [net.minecraft.server.level.progress.LoggerChunkProgressListener/]: Preparing spawn area: 0%
[15May2026 02:30:58.500] [Worker-Main-3/INFO] [net.minecraft.server.level.progress.LoggerChunkProgressListener/]: Preparing spawn area: 0%
[15May2026 02:30:58.502] [Worker-Main-3/INFO] [net.minecraft.server.level.progress.LoggerChunkProgressListener/]: Preparing spawn area: 0%
[15May2026 02:30:58.503] [Worker-Main-3/INFO] [net.minecraft.server.level.progress.LoggerChunkProgressListener/]: Preparing spawn area: 0%
[15May2026 02:30:58.503] [Worker-Main-3/INFO] [net.minecraft.server.level.progress.LoggerChunkProgressListener/]: Preparing spawn area: 0%
[15May2026 02:30:58.504] [Worker-Main-3/INFO] [net.minecraft.server.level.progress.LoggerChunkProgressListener/]: Preparing spawn area: 0%
[15May2026 02:30:58.504] [Worker-Main-3/INFO] [net.minecraft.server.level.progress.LoggerChunkProgressListener/]: Preparing spawn area: 0%
[15May2026 02:30:58.506] [Worker-Main-1/INFO] [net.minecraft.server.level.progress.LoggerChunkProgressListener/]: Preparing spawn area: 0%
[15May2026 02:30:58.506] [Worker-Main-1/INFO] [net.minecraft.server.level.progress.LoggerChunkProgressListener/]: Preparing spawn area: 0%
[15May2026 02:30:58.507] [Worker-Main-1/INFO] [net.minecraft.server.level.progress.LoggerChunkProgressListener/]: Preparing spawn area: 0%
[15May2026 02:30:58.507] [Worker-Main-1/INFO] [net.minecraft.server.level.progress.LoggerChunkProgressListener/]: Preparing spawn area: 0%
[15May2026 02:30:58.508] [Worker-Main-2/INFO] [net.minecraft.server.level.progress.LoggerChunkProgressListener/]: Preparing spawn area: 0%
[15May2026 02:30:58.509] [Worker-Main-2/INFO] [net.minecraft.server.level.progress.LoggerChunkProgressListener/]: Preparing spawn area: 0%
[15May2026 02:30:58.510] [Worker-Main-1/INFO] [net.minecraft.server.level.progress.LoggerChunkProgressListener/]: Preparing spawn area: 0%
[15May2026 02:30:58.510] [Worker-Main-3/INFO] [net.minecraft.server.level.progress.LoggerChunkProgressListener/]: Preparing spawn area: 0%
[15May2026 02:30:58.511] [Worker-Main-1/INFO] [net.minecraft.server.level.progress.LoggerChunkProgressListener/]: Preparing spawn area: 0%
[15May2026 02:30:58.512] [Worker-Main-2/INFO] [net.minecraft.server.level.progress.LoggerChunkProgressListener/]: Preparing spawn area: 0%
[15May2026 02:30:58.512] [Worker-Main-3/INFO] [net.minecraft.server.level.progress.LoggerChunkProgressListener/]: Preparing spawn area: 0%
[15May2026 02:30:58.513] [Worker-Main-1/INFO] [net.minecraft.server.level.progress.LoggerChunkProgressListener/]: Preparing spawn area: 0%
[15May2026 02:30:58.513] [Worker-Main-3/INFO] [net.minecraft.server.level.progress.LoggerChunkProgressListener/]: Preparing spawn area: 0%
[15May2026 02:30:58.514] [Worker-Main-3/INFO] [net.minecraft.server.level.progress.LoggerChunkProgressListener/]: Preparing spawn area: 0%
[15May2026 02:30:58.514] [Worker-Main-1/INFO] [net.minecraft.server.level.progress.LoggerChunkProgressListener/]: Preparing spawn area: 0%
[15May2026 02:30:58.515] [Worker-Main-1/INFO] [net.minecraft.server.level.progress.LoggerChunkProgressListener/]: Preparing spawn area: 0%
[15May2026 02:30:58.515] [Worker-Main-2/INFO] [net.minecraft.server.level.progress.LoggerChunkProgressListener/]: Preparing spawn area: 0%
[15May2026 02:30:58.516] [Worker-Main-2/INFO] [net.minecraft.server.level.progress.LoggerChunkProgressListener/]: Preparing spawn area: 0%
[15May2026 02:30:58.516] [Worker-Main-3/INFO] [net.minecraft.server.level.progress.LoggerChunkProgressListener/]: Preparing spawn area: 0%
[15May2026 02:30:58.517] [Worker-Main-3/INFO] [net.minecraft.server.level.progress.LoggerChunkProgressListener/]: Preparing spawn area: 0%
[15May2026 02:30:58.518] [Worker-Main-1/INFO] [net.minecraft.server.level.progress.LoggerChunkProgressListener/]: Preparing spawn area: 0%
[15May2026 02:30:58.518] [Worker-Main-1/INFO] [net.minecraft.server.level.progress.LoggerChunkProgressListener/]: Preparing spawn area: 0%
[15May2026 02:30:58.524] [Worker-Main-1/INFO] [net.minecraft.server.level.progress.LoggerChunkProgressListener/]: Preparing spawn area: 0%
[15May2026 02:30:58.524] [Worker-Main-2/INFO] [net.minecraft.server.level.progress.LoggerChunkProgressListener/]: Preparing spawn area: 0%
[15May2026 02:30:58.525] [Worker-Main-2/INFO] [net.minecraft.server.level.progress.LoggerChunkProgressListener/]: Preparing spawn area: 0%
[15May2026 02:30:58.623] [Worker-Main-2/INFO] [net.minecraft.server.level.progress.LoggerChunkProgressListener/]: Preparing spawn area: 0%
[15May2026 02:30:59.123] [Worker-Main-1/INFO] [net.minecraft.server.level.progress.LoggerChunkProgressListener/]: Preparing spawn area: 23%
[15May2026 02:30:59.623] [Worker-Main-3/INFO] [net.minecraft.server.level.progress.LoggerChunkProgressListener/]: Preparing spawn area: 89%
[15May2026 02:30:59.692] [Server thread/INFO] [net.minecraft.server.level.progress.LoggerChunkProgressListener/]: Time elapsed: 17570 ms
[15May2026 02:30:59.693] [Server thread/INFO] [net.minecraft.server.dedicated.DedicatedServer/]: Done (30.257s)! For help, type "help"
[15May2026 02:30:59.702] [Server thread/DEBUG] [net.minecraftforge.network.DualStackUtils/]: Detected IPv6 address: "0:0:0:0:0:0:0:0"
[15May2026 02:30:59.762] [Server thread/DEBUG] [net.minecraftforge.common.ForgeI18n/CORE]: Loading I18N data entries: 11755
[15May2026 02:30:59.766] [Server thread/INFO] [net.minecraftforge.server.permission.PermissionAPI/]: Successfully initialized permission handler forge:default_handler
[15May2026 02:30:59.781] [Server thread/DEBUG] [blockpops/]: Loaded favorite color from disk for offline player JAGlitsh: original
[15May2026 02:30:59.781] [Server thread/DEBUG] [blockpops/]: Added player figure from .dat file: JAGlitsh (05b85bd4-b910-37c5-9442-5a63ff8d8151)
[15May2026 02:30:59.782] [Server thread/DEBUG] [blockpops/]: Loaded favorite color from disk for offline player elpepe: original
[15May2026 02:30:59.782] [Server thread/DEBUG] [blockpops/]: Added player figure from .dat file: elpepe (e45194f2-e467-3ac1-b172-9c37d9c2a312)
[15May2026 02:30:59.783] [Server thread/DEBUG] [blockpops/]: Loaded favorite color from disk for offline player Kingg9: original
[15May2026 02:30:59.783] [Server thread/DEBUG] [blockpops/]: Added player figure from .dat file: Kingg9 (3286e210-aae5-3f20-b572-1025f8e799b4)
[15May2026 02:30:59.784] [Server thread/DEBUG] [blockpops/]: Loaded favorite color from disk for offline player Misterchuwa: original
[15May2026 02:30:59.784] [Server thread/DEBUG] [blockpops/]: Added player figure from .dat file: Misterchuwa (89d9c300-0d03-391a-be16-f030cbad847a)
[15May2026 02:30:59.811] [Server thread/DEBUG] [io.netty.buffer.AbstractByteBuf/]: -Dio.netty.buffer.checkAccessible: true
[15May2026 02:30:59.811] [Server thread/DEBUG] [io.netty.buffer.AbstractByteBuf/]: -Dio.netty.buffer.checkBounds: true
[15May2026 02:30:59.812] [Server thread/DEBUG] [io.netty.util.ResourceLeakDetectorFactory/]: Loaded default ResourceLeakDetector: io.netty.util.ResourceLeakDetector@4b8351df
[15May2026 02:31:05.121] [Netty Epoll Server IO #1/DEBUG] [io.netty.util.Recycler/]: -Dio.netty.recycler.maxCapacityPerThread: 4096
[15May2026 02:31:05.121] [Netty Epoll Server IO #1/DEBUG] [io.netty.util.Recycler/]: -Dio.netty.recycler.ratio: 8
[15May2026 02:31:05.121] [Netty Epoll Server IO #1/DEBUG] [io.netty.util.Recycler/]: -Dio.netty.recycler.chunkSize: 32
[15May2026 02:31:05.121] [Netty Epoll Server IO #1/DEBUG] [io.netty.util.Recycler/]: -Dio.netty.recycler.blocking: false
[15May2026 02:31:05.187] [Netty Epoll Server IO #1/DEBUG] [net.minecraftforge.network.HandshakeHandler/FMLHANDSHAKE]: Starting new modded impl connection. Found 33 messages to dispatch.
[15May2026 02:31:05.242] [Server thread/DEBUG] [net.minecraftforge.network.HandshakeHandler/FMLHANDSHAKE]: Sending ticking packet info 'com.tacz.guns.network.message.handshake.ServerMessageSyncedEntityDataMapping' to 'tacz:handshake' sequence 0
[15May2026 02:31:05.292] [Server thread/DEBUG] [net.minecraftforge.network.HandshakeHandler/FMLHANDSHAKE]: Sending ticking packet info 'FrameworkConfig refurbished_furniture:server' to 'framework:handshake' sequence 1
[15May2026 02:31:05.329] [Netty Epoll Server IO #1/DEBUG] [net.minecraftforge.network.LoginWrapper/FMLHANDSHAKE]: Recieved login wrapper packet event for channel tacz:handshake with index 0
[15May2026 02:31:05.332] [Netty Epoll Server IO #1/DEBUG] [net.minecraftforge.network.HandshakeHandler/FMLHANDSHAKE]: Received client indexed reply 0 of type com.tacz.guns.network.message.handshake.Acknowledge
[15May2026 02:31:05.332] [Netty Epoll Server IO #1/DEBUG] [tacz/HANDSHAKE_ACKNOWLEDGE]: Received acknowledgement from client
[15May2026 02:31:05.342] [Server thread/DEBUG] [net.minecraftforge.network.HandshakeHandler/FMLHANDSHAKE]: Sending ticking packet info 'net.minecraftforge.network.HandshakeMessages$S2CModData' to 'fml:handshake' sequence 2
[15May2026 02:31:05.375] [Netty Epoll Server IO #1/DEBUG] [net.minecraftforge.network.LoginWrapper/FMLHANDSHAKE]: Recieved login wrapper packet event for channel framework:handshake with index 1
[15May2026 02:31:05.375] [Netty Epoll Server IO #1/DEBUG] [net.minecraftforge.network.HandshakeHandler/FMLHANDSHAKE]: Received client indexed reply 1 of type com.mrcrayfish.framework.api.network.message.HandshakeMessage$Acknowledge
[15May2026 02:31:05.375] [Netty Epoll Server IO #1/DEBUG] [Framework/FRAMEWORK_HANDSHAKE]: Received acknowledgement from client
[15May2026 02:31:05.392] [Server thread/DEBUG] [net.minecraftforge.network.HandshakeHandler/FMLHANDSHAKE]: Sending ticking packet info 'net.minecraftforge.network.HandshakeMessages$S2CModList' to 'fml:handshake' sequence 3
[15May2026 02:31:05.442] [Server thread/DEBUG] [net.minecraftforge.network.HandshakeHandler/FMLHANDSHAKE]: Sending ticking packet info 'Registry minecraft:command_argument_type' to 'fml:handshake' sequence 4
[15May2026 02:31:05.470] [Netty Epoll Server IO #1/DEBUG] [net.minecraftforge.network.LoginWrapper/FMLHANDSHAKE]: Recieved login wrapper packet event for channel fml:handshake with index 3
[15May2026 02:31:05.471] [Netty Epoll Server IO #1/DEBUG] [net.minecraftforge.network.HandshakeHandler/FMLHANDSHAKE]: Received client indexed reply 3 of type net.minecraftforge.network.HandshakeMessages$C2SModListReply
[15May2026 02:31:05.471] [Netty Epoll Server IO #1/DEBUG] [net.minecraftforge.network.HandshakeHandler/FMLHANDSHAKE]: Received client connection with modlist [betterdungeons, kuma_api, geckolib, illagerinvasion, dynamiclights, immersive_aircraft, sophisticatedcore, xaeroworldmap, placebo, citadel, alexsmobs, yungsapi, mixinextras, sophisticatedbackpacks, forgivingvoid, hordes, balm, immersive_armors, carryon, betterfortresses, paraglider, cloth_config, embeddium, rubidium, uniqueaccessories, torchmaster, clockwork, resourcefulconfig, curiouslanterns, curios, cerbons_api, attributeslib, tombstone, atlaslib, resourcefullib, architectury, blockpops, justhammers, refurbished_furniture, jadeaddons, framework, fallingtree, camerapture, galena_hats, too_many_bows, jei, xaerolib, tacz, multikulti_core, yungscavebiomes, nirvana, knightlib, multikulti_registrate, bosses_of_mass_destruction, watut, puzzlesaccessapi, forge, travelerstitles, dungeons_arise, minecraft, born_in_chaos_v1, opposing_force, doppelganger2, lucky, terrablender, radiantgear, jade, knightquest, kotlinforforge, ribbits, xaerominimap, brainrotprotocol, securitycraft, armoroftheages, figura, coroutil, creeperoverhaul, yet_another_config_lib_v3, puzzleslib]
[15May2026 02:31:05.473] [Netty Epoll Server IO #1/DEBUG] [net.minecraftforge.network.NetworkRegistry/NETREGISTRY]: Channel 'watut:main' : Version test of '4' from client : ACCEPTED
[15May2026 02:31:05.473] [Netty Epoll Server IO #1/DEBUG] [net.minecraftforge.network.NetworkRegistry/NETREGISTRY]: Channel 'torchmaster:main' : Version test of '1' from client : ACCEPTED
[15May2026 02:31:05.473] [Netty Epoll Server IO #1/DEBUG] [net.minecraftforge.network.NetworkRegistry/NETREGISTRY]: Channel 'ic_ia:main' : Version test of '1' from client : ACCEPTED
[15May2026 02:31:05.473] [Netty Epoll Server IO #1/DEBUG] [net.minecraftforge.network.NetworkRegistry/NETREGISTRY]: Channel 'jei:channel' : Version test of '1.0.0' from client : ACCEPTED
[15May2026 02:31:05.473] [Netty Epoll Server IO #1/DEBUG] [net.minecraftforge.network.NetworkRegistry/NETREGISTRY]: Channel 'minecraft:unregister' : Version test of 'FML3' from client : ACCEPTED
[15May2026 02:31:05.473] [Netty Epoll Server IO #1/DEBUG] [net.minecraftforge.network.NetworkRegistry/NETREGISTRY]: Channel 'xaerominimap:main' : Version test of '1.0' from client : ACCEPTED
[15May2026 02:31:05.473] [Netty Epoll Server IO #1/DEBUG] [net.minecraftforge.network.NetworkRegistry/NETREGISTRY]: Channel 'sophisticatedbackpacks:channel' : Version test of '1' from client : ACCEPTED
[15May2026 02:31:05.473] [Netty Epoll Server IO #1/DEBUG] [net.minecraftforge.network.NetworkRegistry/NETREGISTRY]: Channel 'armoroftheages:config_sync' : Version test of '1' from client : ACCEPTED
[15May2026 02:31:05.473] [Netty Epoll Server IO #1/DEBUG] [net.minecraftforge.network.NetworkRegistry/NETREGISTRY]: Channel 'framework:play' : Version test of '1' from client : ACCEPTED
[15May2026 02:31:05.473] [Netty Epoll Server IO #1/DEBUG] [net.minecraftforge.network.NetworkRegistry/NETREGISTRY]: Channel 'fallingtree:main' : Version test of '1' from client : ACCEPTED
[15May2026 02:31:05.473] [Netty Epoll Server IO #1/DEBUG] [net.minecraftforge.network.NetworkRegistry/NETREGISTRY]: Channel 'tacz:handshake' : Version test of '1.0.4' from client : ACCEPTED
[15May2026 02:31:05.473] [Netty Epoll Server IO #1/DEBUG] [net.minecraftforge.network.NetworkRegistry/NETREGISTRY]: Channel 'attributeslib:attributeslib' : Version test of '1.0.0' from client : ACCEPTED
[15May2026 02:31:05.473] [Netty Epoll Server IO #1/DEBUG] [net.minecraftforge.network.NetworkRegistry/NETREGISTRY]: Channel 'opposing_force:network' : Version test of '1.0' from client : ACCEPTED
[15May2026 02:31:05.473] [Netty Epoll Server IO #1/DEBUG] [net.minecraftforge.network.NetworkRegistry/NETREGISTRY]: Channel 'ribbits:messages' : Version test of '1.0' from client : ACCEPTED
[15May2026 02:31:05.473] [Netty Epoll Server IO #1/DEBUG] [net.minecraftforge.network.NetworkRegistry/NETREGISTRY]: Channel 'forge:tier_sorting' : Version test of '1.0' from client : ACCEPTED
[15May2026 02:31:05.473] [Netty Epoll Server IO #1/DEBUG] [net.minecraftforge.network.NetworkRegistry/NETREGISTRY]: Channel 'alexsmobs:main_channel' : Version test of '1' from client : ACCEPTED
[15May2026 02:31:05.473] [Netty Epoll Server IO #1/DEBUG] [net.minecraftforge.network.NetworkRegistry/NETREGISTRY]: Channel 'paraglider:master' : Version test of '2.0' from client : ACCEPTED
[15May2026 02:31:05.473] [Netty Epoll Server IO #1/DEBUG] [net.minecraftforge.network.NetworkRegistry/NETREGISTRY]: Channel 'fml:play' : Version test of 'FML3' from client : ACCEPTED
[15May2026 02:31:05.473] [Netty Epoll Server IO #1/DEBUG] [net.minecraftforge.network.NetworkRegistry/NETREGISTRY]: Channel 'hordes:infection' : Version test of '1' from client : ACCEPTED
[15May2026 02:31:05.473] [Netty Epoll Server IO #1/DEBUG] [net.minecraftforge.network.NetworkRegistry/NETREGISTRY]: Channel 'knightlib:main' : Version test of '1' from client : ACCEPTED
[15May2026 02:31:05.473] [Netty Epoll Server IO #1/DEBUG] [net.minecraftforge.network.NetworkRegistry/NETREGISTRY]: Channel 'camerapture:main' : Version test of '2' from client : ACCEPTED
[15May2026 02:31:05.473] [Netty Epoll Server IO #1/DEBUG] [net.minecraftforge.network.NetworkRegistry/NETREGISTRY]: Channel 'hordes:hordeevent' : Version test of '1' from client : ACCEPTED
[15May2026 02:31:05.473] [Netty Epoll Server IO #1/DEBUG] [net.minecraftforge.network.NetworkRegistry/NETREGISTRY]: Channel 'xaeroworldmap:main' : Version test of '1.0' from client : ACCEPTED
[15May2026 02:31:05.474] [Netty Epoll Server IO #1/DEBUG] [net.minecraftforge.network.NetworkRegistry/NETREGISTRY]: Channel 'minecraft:register' : Version test of 'FML3' from client : ACCEPTED
[15May2026 02:31:05.474] [Netty Epoll Server IO #1/DEBUG] [net.minecraftforge.network.NetworkRegistry/NETREGISTRY]: Channel 'brainrotprotocol:brainrotprotocol' : Version test of '1' from client : ACCEPTED
[15May2026 02:31:05.474] [Netty Epoll Server IO #1/DEBUG] [net.minecraftforge.network.NetworkRegistry/NETREGISTRY]: Channel 'geckolib:main' : Version test of '1' from client : ACCEPTED
[15May2026 02:31:05.474] [Netty Epoll Server IO #1/DEBUG] [net.minecraftforge.network.NetworkRegistry/NETREGISTRY]: Channel 'refurbished_furniture:play' : Version test of '1' from client : ACCEPTED
[15May2026 02:31:05.474] [Netty Epoll Server IO #1/DEBUG] [net.minecraftforge.network.NetworkRegistry/NETREGISTRY]: Channel 'doppelganger2:doppelganger2' : Version test of '1' from client : ACCEPTED
[15May2026 02:31:05.474] [Netty Epoll Server IO #1/DEBUG] [net.minecraftforge.network.NetworkRegistry/NETREGISTRY]: Channel 'galena_hats:network' : Version test of '1' from client : ACCEPTED
[15May2026 02:31:05.474] [Netty Epoll Server IO #1/DEBUG] [net.minecraftforge.network.NetworkRegistry/NETREGISTRY]: Channel 'architectury:network' : Version test of '1' from client : ACCEPTED
[15May2026 02:31:05.474] [Netty Epoll Server IO #1/DEBUG] [net.minecraftforge.network.NetworkRegistry/NETREGISTRY]: Channel 'brainrotprotocol:hammer_shake' : Version test of '1' from client : ACCEPTED
[15May2026 02:31:05.474] [Netty Epoll Server IO #1/DEBUG] [net.minecraftforge.network.NetworkRegistry/NETREGISTRY]: Channel 'carryon:carryonpackets' : Version test of '1.0' from client : ACCEPTED
[15May2026 02:31:05.474] [Netty Epoll Server IO #1/DEBUG] [net.minecraftforge.network.NetworkRegistry/NETREGISTRY]: Channel 'ic_air:main' : Version test of '1' from client : ACCEPTED
[15May2026 02:31:05.474] [Netty Epoll Server IO #1/DEBUG] [net.minecraftforge.network.NetworkRegistry/NETREGISTRY]: Channel 'citadel:main_channel' : Version test of '1' from client : ACCEPTED
[15May2026 02:31:05.474] [Netty Epoll Server IO #1/DEBUG] [net.minecraftforge.network.NetworkRegistry/NETREGISTRY]: Channel 'puzzleslib:1' : Version test of '1' from client : ACCEPTED
[15May2026 02:31:05.474] [Netty Epoll Server IO #1/DEBUG] [net.minecraftforge.network.NetworkRegistry/NETREGISTRY]: Channel 'securitycraft:securitycraft' : Version test of 'v1.10.1' from client : ACCEPTED
[15May2026 02:31:05.474] [Netty Epoll Server IO #1/DEBUG] [net.minecraftforge.network.NetworkRegistry/NETREGISTRY]: Channel 'brainrotprotocol:shake_tralalerotralala' : Version test of '1' from client : ACCEPTED
[15May2026 02:31:05.474] [Netty Epoll Server IO #1/DEBUG] [net.minecraftforge.network.NetworkRegistry/NETREGISTRY]: Channel 'born_in_chaos_v1:born_in_chaos_v1' : Version test of '1' from client : ACCEPTED
[15May2026 02:31:05.474] [Netty Epoll Server IO #1/DEBUG] [net.minecraftforge.network.NetworkRegistry/NETREGISTRY]: Channel 'brainrotprotocol:shake' : Version test of '1' from client : ACCEPTED
[15May2026 02:31:05.474] [Netty Epoll Server IO #1/DEBUG] [net.minecraftforge.network.NetworkRegistry/NETREGISTRY]: Channel 'bosses_of_mass_destruction:packets' : Version test of '1' from client : ACCEPTED
[15May2026 02:31:05.474] [Netty Epoll Server IO #1/DEBUG] [net.minecraftforge.network.NetworkRegistry/NETREGISTRY]: Channel 'curios:main' : Version test of '1' from client : ACCEPTED
[15May2026 02:31:05.474] [Netty Epoll Server IO #1/DEBUG] [net.minecraftforge.network.NetworkRegistry/NETREGISTRY]: Channel 'placebo:placebo' : Version test of '1.0.0' from client : ACCEPTED
[15May2026 02:31:05.474] [Netty Epoll Server IO #1/DEBUG] [net.minecraftforge.network.NetworkRegistry/NETREGISTRY]: Channel 'balm:network' : Version test of '1.0' from client : ACCEPTED
[15May2026 02:31:05.474] [Netty Epoll Server IO #1/DEBUG] [net.minecraftforge.network.NetworkRegistry/NETREGISTRY]: Channel 'framework:handshake' : Version test of '1' from client : ACCEPTED
[15May2026 02:31:05.474] [Netty Epoll Server IO #1/DEBUG] [net.minecraftforge.network.NetworkRegistry/NETREGISTRY]: Channel 'fml:loginwrapper' : Version test of 'FML3' from client : ACCEPTED
[15May2026 02:31:05.474] [Netty Epoll Server IO #1/DEBUG] [net.minecraftforge.network.NetworkRegistry/NETREGISTRY]: Channel 'cerbons_api:packets' : Version test of '1' from client : ACCEPTED
[15May2026 02:31:05.474] [Netty Epoll Server IO #1/DEBUG] [net.minecraftforge.network.NetworkRegistry/NETREGISTRY]: Channel 'tombstone:tombstone_channel' : Version test of 'tombstone-9.0.10' from client : ACCEPTED
[15May2026 02:31:05.474] [Netty Epoll Server IO #1/DEBUG] [net.minecraftforge.network.NetworkRegistry/NETREGISTRY]: Channel 'xaerolib:main' : Version test of '1.0' from client : ACCEPTED
[15May2026 02:31:05.474] [Netty Epoll Server IO #1/DEBUG] [net.minecraftforge.network.NetworkRegistry/NETREGISTRY]: Channel 'yungscavebiomes:messages' : Version test of '1.0' from client : ACCEPTED
[15May2026 02:31:05.474] [Netty Epoll Server IO #1/DEBUG] [net.minecraftforge.network.NetworkRegistry/NETREGISTRY]: Channel 'uniqueaccessories:main' : Version test of '1' from client : ACCEPTED
[15May2026 02:31:05.475] [Netty Epoll Server IO #1/DEBUG] [net.minecraftforge.network.NetworkRegistry/NETREGISTRY]: Channel 'sophisticatedcore:channel' : Version test of '1' from client : ACCEPTED
[15May2026 02:31:05.475] [Netty Epoll Server IO #1/DEBUG] [net.minecraftforge.network.NetworkRegistry/NETREGISTRY]: Channel 'brainrotprotocol:saw_bus' : Version test of '1' from client : ACCEPTED
[15May2026 02:31:05.475] [Netty Epoll Server IO #1/DEBUG] [net.minecraftforge.network.NetworkRegistry/NETREGISTRY]: Channel 'fml:handshake' : Version test of 'FML3' from client : ACCEPTED
[15May2026 02:31:05.475] [Netty Epoll Server IO #1/DEBUG] [net.minecraftforge.network.NetworkRegistry/NETREGISTRY]: Channel 'forge:split' : Version test of '1.1' from client : ACCEPTED
[15May2026 02:31:05.475] [Netty Epoll Server IO #1/DEBUG] [net.minecraftforge.network.NetworkRegistry/NETREGISTRY]: Channel 'tacz:network' : Version test of '1.0.4' from client : ACCEPTED
[15May2026 02:31:05.475] [Netty Epoll Server IO #1/DEBUG] [net.minecraftforge.network.NetworkRegistry/NETREGISTRY]: Channel 'jade:networking' : Version test of '2' from client : ACCEPTED
[15May2026 02:31:05.475] [Netty Epoll Server IO #1/DEBUG] [net.minecraftforge.network.NetworkRegistry/NETREGISTRY]: Accepting channel list from client
[15May2026 02:31:05.476] [Netty Epoll Server IO #1/DEBUG] [net.minecraftforge.network.HandshakeHandler/FMLHANDSHAKE]: Accepted client connection mod list
[15May2026 02:31:05.492] [Server thread/DEBUG] [net.minecraftforge.network.HandshakeHandler/FMLHANDSHAKE]: Sending ticking packet info 'Registry minecraft:recipe_serializer' to 'fml:handshake' sequence 5
[15May2026 02:31:05.521] [Netty Epoll Server IO #1/DEBUG] [net.minecraftforge.network.LoginWrapper/FMLHANDSHAKE]: Recieved login wrapper packet event for channel fml:handshake with index 4
[15May2026 02:31:05.522] [Netty Epoll Server IO #1/DEBUG] [net.minecraftforge.network.HandshakeHandler/FMLHANDSHAKE]: Received client indexed reply 4 of type net.minecraftforge.network.HandshakeMessages$C2SAcknowledge
[15May2026 02:31:05.522] [Netty Epoll Server IO #1/DEBUG] [net.minecraftforge.network.HandshakeHandler/FMLHANDSHAKE]: Received acknowledgement from client
[15May2026 02:31:05.542] [Server thread/DEBUG] [net.minecraftforge.network.HandshakeHandler/FMLHANDSHAKE]: Sending ticking packet info 'Registry minecraft:sound_event' to 'fml:handshake' sequence 6
[15May2026 02:31:05.572] [Netty Epoll Server IO #1/DEBUG] [net.minecraftforge.network.LoginWrapper/FMLHANDSHAKE]: Recieved login wrapper packet event for channel fml:handshake with index 5
[15May2026 02:31:05.572] [Netty Epoll Server IO #1/DEBUG] [net.minecraftforge.network.HandshakeHandler/FMLHANDSHAKE]: Received client indexed reply 5 of type net.minecraftforge.network.HandshakeMessages$C2SAcknowledge
[15May2026 02:31:05.572] [Netty Epoll Server IO #1/DEBUG] [net.minecraftforge.network.HandshakeHandler/FMLHANDSHAKE]: Received acknowledgement from client
[15May2026 02:31:05.592] [Server thread/DEBUG] [net.minecraftforge.network.HandshakeHandler/FMLHANDSHAKE]: Sending ticking packet info 'Registry minecraft:particle_type' to 'fml:handshake' sequence 7
[15May2026 02:31:05.642] [Server thread/DEBUG] [net.minecraftforge.network.HandshakeHandler/FMLHANDSHAKE]: Sending ticking packet info 'Registry minecraft:villager_profession' to 'fml:handshake' sequence 8
[15May2026 02:31:05.692] [Server thread/DEBUG] [net.minecraftforge.network.HandshakeHandler/FMLHANDSHAKE]: Sending ticking packet info 'Registry minecraft:item' to 'fml:handshake' sequence 9
[15May2026 02:31:05.716] [Netty Epoll Server IO #1/DEBUG] [net.minecraftforge.network.LoginWrapper/FMLHANDSHAKE]: Recieved login wrapper packet event for channel fml:handshake with index 6
[15May2026 02:31:05.716] [Netty Epoll Server IO #1/DEBUG] [net.minecraftforge.network.HandshakeHandler/FMLHANDSHAKE]: Received client indexed reply 6 of type net.minecraftforge.network.HandshakeMessages$C2SAcknowledge
[15May2026 02:31:05.716] [Netty Epoll Server IO #1/DEBUG] [net.minecraftforge.network.HandshakeHandler/FMLHANDSHAKE]: Received acknowledgement from client
[15May2026 02:31:05.742] [Server thread/DEBUG] [net.minecraftforge.network.HandshakeHandler/FMLHANDSHAKE]: Sending ticking packet info 'Registry minecraft:potion' to 'fml:handshake' sequence 10
[15May2026 02:31:05.761] [Netty Epoll Server IO #1/DEBUG] [net.minecraftforge.network.LoginWrapper/FMLHANDSHAKE]: Recieved login wrapper packet event for channel fml:handshake with index 7
[15May2026 02:31:05.761] [Netty Epoll Server IO #1/DEBUG] [net.minecraftforge.network.HandshakeHandler/FMLHANDSHAKE]: Received client indexed reply 7 of type net.minecraftforge.network.HandshakeMessages$C2SAcknowledge
[15May2026 02:31:05.761] [Netty Epoll Server IO #1/DEBUG] [net.minecraftforge.network.HandshakeHandler/FMLHANDSHAKE]: Received acknowledgement from client
[15May2026 02:31:05.762] [Netty Epoll Server IO #1/DEBUG] [net.minecraftforge.network.LoginWrapper/FMLHANDSHAKE]: Recieved login wrapper packet event for channel fml:handshake with index 8
[15May2026 02:31:05.762] [Netty Epoll Server IO #1/DEBUG] [net.minecraftforge.network.HandshakeHandler/FMLHANDSHAKE]: Received client indexed reply 8 of type net.minecraftforge.network.HandshakeMessages$C2SAcknowledge
[15May2026 02:31:05.762] [Netty Epoll Server IO #1/DEBUG] [net.minecraftforge.network.HandshakeHandler/FMLHANDSHAKE]: Received acknowledgement from client
[15May2026 02:31:05.792] [Server thread/DEBUG] [net.minecraftforge.network.HandshakeHandler/FMLHANDSHAKE]: Sending ticking packet info 'Registry minecraft:painting_variant' to 'fml:handshake' sequence 11
[15May2026 02:31:05.840] [Netty Epoll Server IO #1/DEBUG] [net.minecraftforge.network.LoginWrapper/FMLHANDSHAKE]: Recieved login wrapper packet event for channel fml:handshake with index 9
[15May2026 02:31:05.840] [Netty Epoll Server IO #1/DEBUG] [net.minecraftforge.network.HandshakeHandler/FMLHANDSHAKE]: Received client indexed reply 9 of type net.minecraftforge.network.HandshakeMessages$C2SAcknowledge
[15May2026 02:31:05.840] [Netty Epoll Server IO #1/DEBUG] [net.minecraftforge.network.HandshakeHandler/FMLHANDSHAKE]: Received acknowledgement from client
[15May2026 02:31:05.840] [Netty Epoll Server IO #1/DEBUG] [net.minecraftforge.network.LoginWrapper/FMLHANDSHAKE]: Recieved login wrapper packet event for channel fml:handshake with index 10
[15May2026 02:31:05.840] [Netty Epoll Server IO #1/DEBUG] [net.minecraftforge.network.HandshakeHandler/FMLHANDSHAKE]: Received client indexed reply 10 of type net.minecraftforge.network.HandshakeMessages$C2SAcknowledge
[15May2026 02:31:05.840] [Netty Epoll Server IO #1/DEBUG] [net.minecraftforge.network.HandshakeHandler/FMLHANDSHAKE]: Received acknowledgement from client
[15May2026 02:31:05.842] [Server thread/DEBUG] [net.minecraftforge.network.HandshakeHandler/FMLHANDSHAKE]: Sending ticking packet info 'Registry forge:fluid_type' to 'fml:handshake' sequence 12
[15May2026 02:31:05.866] [Netty Epoll Server IO #1/DEBUG] [net.minecraftforge.network.LoginWrapper/FMLHANDSHAKE]: Recieved login wrapper packet event for channel fml:handshake with index 11
[15May2026 02:31:05.866] [Netty Epoll Server IO #1/DEBUG] [net.minecraftforge.network.HandshakeHandler/FMLHANDSHAKE]: Received client indexed reply 11 of type net.minecraftforge.network.HandshakeMessages$C2SAcknowledge
[15May2026 02:31:05.866] [Netty Epoll Server IO #1/DEBUG] [net.minecraftforge.network.HandshakeHandler/FMLHANDSHAKE]: Received acknowledgement from client
[15May2026 02:31:05.892] [Server thread/DEBUG] [net.minecraftforge.network.HandshakeHandler/FMLHANDSHAKE]: Sending ticking packet info 'Registry minecraft:block_entity_type' to 'fml:handshake' sequence 13
[15May2026 02:31:05.914] [Netty Epoll Server IO #1/DEBUG] [net.minecraftforge.network.LoginWrapper/FMLHANDSHAKE]: Recieved login wrapper packet event for channel fml:handshake with index 12
[15May2026 02:31:05.914] [Netty Epoll Server IO #1/DEBUG] [net.minecraftforge.network.HandshakeHandler/FMLHANDSHAKE]: Received client indexed reply 12 of type net.minecraftforge.network.HandshakeMessages$C2SAcknowledge
[15May2026 02:31:05.914] [Netty Epoll Server IO #1/DEBUG] [net.minecraftforge.network.HandshakeHandler/FMLHANDSHAKE]: Received acknowledgement from client
[15May2026 02:31:05.942] [Server thread/DEBUG] [net.minecraftforge.network.HandshakeHandler/FMLHANDSHAKE]: Sending ticking packet info 'Registry forge:display_contexts' to 'fml:handshake' sequence 14
[15May2026 02:31:05.965] [Netty Epoll Server IO #1/DEBUG] [net.minecraftforge.network.LoginWrapper/FMLHANDSHAKE]: Recieved login wrapper packet event for channel fml:handshake with index 13
[15May2026 02:31:05.965] [Netty Epoll Server IO #1/DEBUG] [net.minecraftforge.network.HandshakeHandler/FMLHANDSHAKE]: Received client indexed reply 13 of type net.minecraftforge.network.HandshakeMessages$C2SAcknowledge
[15May2026 02:31:05.965] [Netty Epoll Server IO #1/DEBUG] [net.minecraftforge.network.HandshakeHandler/FMLHANDSHAKE]: Received acknowledgement from client
[15May2026 02:31:05.992] [Server thread/DEBUG] [net.minecraftforge.network.HandshakeHandler/FMLHANDSHAKE]: Sending ticking packet info 'Registry minecraft:block' to 'fml:handshake' sequence 15
[15May2026 02:31:06.024] [Netty Epoll Server IO #1/DEBUG] [net.minecraftforge.network.LoginWrapper/FMLHANDSHAKE]: Recieved login wrapper packet event for channel fml:handshake with index 14
[15May2026 02:31:06.024] [Netty Epoll Server IO #1/DEBUG] [net.minecraftforge.network.HandshakeHandler/FMLHANDSHAKE]: Received client indexed reply 14 of type net.minecraftforge.network.HandshakeMessages$C2SAcknowledge
[15May2026 02:31:06.024] [Netty Epoll Server IO #1/DEBUG] [net.minecraftforge.network.HandshakeHandler/FMLHANDSHAKE]: Received acknowledgement from client
[15May2026 02:31:06.042] [Server thread/DEBUG] [net.minecraftforge.network.HandshakeHandler/FMLHANDSHAKE]: Sending ticking packet info 'Registry forge:entity_data_serializers' to 'fml:handshake' sequence 16
[15May2026 02:31:06.089] [Netty Epoll Server IO #1/DEBUG] [net.minecraftforge.network.LoginWrapper/FMLHANDSHAKE]: Recieved login wrapper packet event for channel fml:handshake with index 15
[15May2026 02:31:06.089] [Netty Epoll Server IO #1/DEBUG] [net.minecraftforge.network.HandshakeHandler/FMLHANDSHAKE]: Received client indexed reply 15 of type net.minecraftforge.network.HandshakeMessages$C2SAcknowledge
[15May2026 02:31:06.089] [Netty Epoll Server IO #1/DEBUG] [net.minecraftforge.network.HandshakeHandler/FMLHANDSHAKE]: Received acknowledgement from client
[15May2026 02:31:06.092] [Server thread/DEBUG] [net.minecraftforge.network.HandshakeHandler/FMLHANDSHAKE]: Sending ticking packet info 'Registry minecraft:mob_effect' to 'fml:handshake' sequence 17
[15May2026 02:31:06.141] [Netty Epoll Server IO #1/DEBUG] [net.minecraftforge.network.LoginWrapper/FMLHANDSHAKE]: Recieved login wrapper packet event for channel fml:handshake with index 16
[15May2026 02:31:06.141] [Netty Epoll Server IO #1/DEBUG] [net.minecraftforge.network.HandshakeHandler/FMLHANDSHAKE]: Received client indexed reply 16 of type net.minecraftforge.network.HandshakeMessages$C2SAcknowledge
[15May2026 02:31:06.141] [Netty Epoll Server IO #1/DEBUG] [net.minecraftforge.network.HandshakeHandler/FMLHANDSHAKE]: Received acknowledgement from client
[15May2026 02:31:06.142] [Server thread/DEBUG] [net.minecraftforge.network.HandshakeHandler/FMLHANDSHAKE]: Sending ticking packet info 'Registry minecraft:stat_type' to 'fml:handshake' sequence 18
[15May2026 02:31:06.190] [Netty Epoll Server IO #1/DEBUG] [net.minecraftforge.network.LoginWrapper/FMLHANDSHAKE]: Recieved login wrapper packet event for channel fml:handshake with index 17
[15May2026 02:31:06.190] [Netty Epoll Server IO #1/DEBUG] [net.minecraftforge.network.HandshakeHandler/FMLHANDSHAKE]: Received client indexed reply 17 of type net.minecraftforge.network.HandshakeMessages$C2SAcknowledge
[15May2026 02:31:06.190] [Netty Epoll Server IO #1/DEBUG] [net.minecraftforge.network.HandshakeHandler/FMLHANDSHAKE]: Received acknowledgement from client
[15May2026 02:31:06.192] [Server thread/DEBUG] [net.minecraftforge.network.HandshakeHandler/FMLHANDSHAKE]: Sending ticking packet info 'Registry tombstone:perks' to 'fml:handshake' sequence 19
[15May2026 02:31:06.228] [Netty Epoll Server IO #1/DEBUG] [net.minecraftforge.network.LoginWrapper/FMLHANDSHAKE]: Recieved login wrapper packet event for channel fml:handshake with index 18
[15May2026 02:31:06.228] [Netty Epoll Server IO #1/DEBUG] [net.minecraftforge.network.HandshakeHandler/FMLHANDSHAKE]: Received client indexed reply 18 of type net.minecraftforge.network.HandshakeMessages$C2SAcknowledge
[15May2026 02:31:06.229] [Netty Epoll Server IO #1/DEBUG] [net.minecraftforge.network.HandshakeHandler/FMLHANDSHAKE]: Received acknowledgement from client
[15May2026 02:31:06.242] [Server thread/DEBUG] [net.minecraftforge.network.HandshakeHandler/FMLHANDSHAKE]: Sending ticking packet info 'Registry minecraft:menu' to 'fml:handshake' sequence 20
[15May2026 02:31:06.278] [Netty Epoll Server IO #1/DEBUG] [net.minecraftforge.network.LoginWrapper/FMLHANDSHAKE]: Recieved login wrapper packet event for channel fml:handshake with index 19
[15May2026 02:31:06.278] [Netty Epoll Server IO #1/DEBUG] [net.minecraftforge.network.HandshakeHandler/FMLHANDSHAKE]: Received client indexed reply 19 of type net.minecraftforge.network.HandshakeMessages$C2SAcknowledge
[15May2026 02:31:06.278] [Netty Epoll Server IO #1/DEBUG] [net.minecraftforge.network.HandshakeHandler/FMLHANDSHAKE]: Received acknowledgement from client
[15May2026 02:31:06.292] [Server thread/DEBUG] [net.minecraftforge.network.HandshakeHandler/FMLHANDSHAKE]: Sending ticking packet info 'Registry minecraft:enchantment' to 'fml:handshake' sequence 21
[15May2026 02:31:06.339] [Netty Epoll Server IO #1/DEBUG] [net.minecraftforge.network.LoginWrapper/FMLHANDSHAKE]: Recieved login wrapper packet event for channel fml:handshake with index 20
[15May2026 02:31:06.339] [Netty Epoll Server IO #1/DEBUG] [net.minecraftforge.network.HandshakeHandler/FMLHANDSHAKE]: Received client indexed reply 20 of type net.minecraftforge.network.HandshakeMessages$C2SAcknowledge
[15May2026 02:31:06.339] [Netty Epoll Server IO #1/DEBUG] [net.minecraftforge.network.HandshakeHandler/FMLHANDSHAKE]: Received acknowledgement from client
[15May2026 02:31:06.342] [Server thread/DEBUG] [net.minecraftforge.network.HandshakeHandler/FMLHANDSHAKE]: Sending ticking packet info 'Registry minecraft:fluid' to 'fml:handshake' sequence 22
[15May2026 02:31:06.386] [Netty Epoll Server IO #1/DEBUG] [net.minecraftforge.network.LoginWrapper/FMLHANDSHAKE]: Recieved login wrapper packet event for channel fml:handshake with index 21
[15May2026 02:31:06.386] [Netty Epoll Server IO #1/DEBUG] [net.minecraftforge.network.HandshakeHandler/FMLHANDSHAKE]: Received client indexed reply 21 of type net.minecraftforge.network.HandshakeMessages$C2SAcknowledge
[15May2026 02:31:06.386] [Netty Epoll Server IO #1/DEBUG] [net.minecraftforge.network.HandshakeHandler/FMLHANDSHAKE]: Received acknowledgement from client
[15May2026 02:31:06.392] [Server thread/DEBUG] [net.minecraftforge.network.HandshakeHandler/FMLHANDSHAKE]: Sending ticking packet info 'Registry minecraft:entity_type' to 'fml:handshake' sequence 23
[15May2026 02:31:06.432] [Netty Epoll Server IO #1/DEBUG] [net.minecraftforge.network.LoginWrapper/FMLHANDSHAKE]: Recieved login wrapper packet event for channel fml:handshake with index 22
[15May2026 02:31:06.432] [Netty Epoll Server IO #1/DEBUG] [net.minecraftforge.network.HandshakeHandler/FMLHANDSHAKE]: Received client indexed reply 22 of type net.minecraftforge.network.HandshakeMessages$C2SAcknowledge
[15May2026 02:31:06.432] [Netty Epoll Server IO #1/DEBUG] [net.minecraftforge.network.HandshakeHandler/FMLHANDSHAKE]: Received acknowledgement from client
[15May2026 02:31:06.442] [Server thread/DEBUG] [net.minecraftforge.network.HandshakeHandler/FMLHANDSHAKE]: Sending ticking packet info 'Config securitycraft-server.toml' to 'fml:handshake' sequence 24
[15May2026 02:31:06.492] [Server thread/DEBUG] [net.minecraftforge.network.HandshakeHandler/FMLHANDSHAKE]: Sending ticking packet info 'Config curios-server.toml' to 'fml:handshake' sequence 25
[15May2026 02:31:06.542] [Server thread/DEBUG] [net.minecraftforge.network.HandshakeHandler/FMLHANDSHAKE]: Sending ticking packet info 'Config illagerinvasion-server.toml' to 'fml:handshake' sequence 26
[15May2026 02:31:06.592] [Server thread/DEBUG] [net.minecraftforge.network.HandshakeHandler/FMLHANDSHAKE]: Sending ticking packet info 'Config paraglider-server.toml' to 'fml:handshake' sequence 27
[15May2026 02:31:06.642] [Server thread/DEBUG] [net.minecraftforge.network.HandshakeHandler/FMLHANDSHAKE]: Sending ticking packet info 'Config tombstone-server.toml' to 'fml:handshake' sequence 28
[15May2026 02:31:06.692] [Server thread/DEBUG] [net.minecraftforge.network.HandshakeHandler/FMLHANDSHAKE]: Sending ticking packet info 'Config sophisticatedbackpacks-server.toml' to 'fml:handshake' sequence 29
[15May2026 02:31:06.742] [Server thread/DEBUG] [net.minecraftforge.network.HandshakeHandler/FMLHANDSHAKE]: Sending ticking packet info 'Config jei-server.toml' to 'fml:handshake' sequence 30
[15May2026 02:31:06.792] [Server thread/DEBUG] [net.minecraftforge.network.HandshakeHandler/FMLHANDSHAKE]: Sending ticking packet info 'Config tacz-server.toml' to 'fml:handshake' sequence 31
[15May2026 02:31:06.842] [Server thread/DEBUG] [net.minecraftforge.network.HandshakeHandler/FMLHANDSHAKE]: Sending ticking packet info 'Config forge-server.toml' to 'fml:handshake' sequence 32
[15May2026 02:31:07.066] [Netty Epoll Server IO #1/DEBUG] [net.minecraftforge.network.LoginWrapper/FMLHANDSHAKE]: Recieved login wrapper packet event for channel fml:handshake with index 23
[15May2026 02:31:07.066] [Netty Epoll Server IO #1/DEBUG] [net.minecraftforge.network.HandshakeHandler/FMLHANDSHAKE]: Received client indexed reply 23 of type net.minecraftforge.network.HandshakeMessages$C2SAcknowledge
[15May2026 02:31:07.066] [Netty Epoll Server IO #1/DEBUG] [net.minecraftforge.network.HandshakeHandler/FMLHANDSHAKE]: Received acknowledgement from client
[15May2026 02:31:07.067] [Netty Epoll Server IO #1/DEBUG] [net.minecraftforge.network.LoginWrapper/FMLHANDSHAKE]: Recieved login wrapper packet event for channel fml:handshake with index 24
[15May2026 02:31:07.067] [Netty Epoll Server IO #1/DEBUG] [net.minecraftforge.network.HandshakeHandler/FMLHANDSHAKE]: Received client indexed reply 24 of type net.minecraftforge.network.HandshakeMessages$C2SAcknowledge
[15May2026 02:31:07.067] [Netty Epoll Server IO #1/DEBUG] [net.minecraftforge.network.HandshakeHandler/FMLHANDSHAKE]: Received acknowledgement from client
[15May2026 02:31:07.067] [Netty Epoll Server IO #1/DEBUG] [net.minecraftforge.network.LoginWrapper/FMLHANDSHAKE]: Recieved login wrapper packet event for channel fml:handshake with index 25
[15May2026 02:31:07.067] [Netty Epoll Server IO #1/DEBUG] [net.minecraftforge.network.HandshakeHandler/FMLHANDSHAKE]: Received client indexed reply 25 of type net.minecraftforge.network.HandshakeMessages$C2SAcknowledge
[15May2026 02:31:07.067] [Netty Epoll Server IO #1/DEBUG] [net.minecraftforge.network.HandshakeHandler/FMLHANDSHAKE]: Received acknowledgement from client
[15May2026 02:31:07.068] [Netty Epoll Server IO #1/DEBUG] [net.minecraftforge.network.LoginWrapper/FMLHANDSHAKE]: Recieved login wrapper packet event for channel fml:handshake with index 26
[15May2026 02:31:07.068] [Netty Epoll Server IO #1/DEBUG] [net.minecraftforge.network.HandshakeHandler/FMLHANDSHAKE]: Received client indexed reply 26 of type net.minecraftforge.network.HandshakeMessages$C2SAcknowledge
[15May2026 02:31:07.068] [Netty Epoll Server IO #1/DEBUG] [net.minecraftforge.network.HandshakeHandler/FMLHANDSHAKE]: Received acknowledgement from client
[15May2026 02:31:07.069] [Netty Epoll Server IO #1/DEBUG] [net.minecraftforge.network.LoginWrapper/FMLHANDSHAKE]: Recieved login wrapper packet event for channel fml:handshake with index 27
[15May2026 02:31:07.069] [Netty Epoll Server IO #1/DEBUG] [net.minecraftforge.network.HandshakeHandler/FMLHANDSHAKE]: Received client indexed reply 27 of type net.minecraftforge.network.HandshakeMessages$C2SAcknowledge
[15May2026 02:31:07.069] [Netty Epoll Server IO #1/DEBUG] [net.minecraftforge.network.HandshakeHandler/FMLHANDSHAKE]: Received acknowledgement from client
[15May2026 02:31:07.069] [Netty Epoll Server IO #1/DEBUG] [net.minecraftforge.network.LoginWrapper/FMLHANDSHAKE]: Recieved login wrapper packet event for channel fml:handshake with index 28
[15May2026 02:31:07.069] [Netty Epoll Server IO #1/DEBUG] [net.minecraftforge.network.HandshakeHandler/FMLHANDSHAKE]: Received client indexed reply 28 of type net.minecraftforge.network.HandshakeMessages$C2SAcknowledge
[15May2026 02:31:07.069] [Netty Epoll Server IO #1/DEBUG] [net.minecraftforge.network.HandshakeHandler/FMLHANDSHAKE]: Received acknowledgement from client
[15May2026 02:31:07.070] [Netty Epoll Server IO #1/DEBUG] [net.minecraftforge.network.LoginWrapper/FMLHANDSHAKE]: Recieved login wrapper packet event for channel fml:handshake with index 29
[15May2026 02:31:07.070] [Netty Epoll Server IO #1/DEBUG] [net.minecraftforge.network.HandshakeHandler/FMLHANDSHAKE]: Received client indexed reply 29 of type net.minecraftforge.network.HandshakeMessages$C2SAcknowledge
[15May2026 02:31:07.070] [Netty Epoll Server IO #1/DEBUG] [net.minecraftforge.network.HandshakeHandler/FMLHANDSHAKE]: Received acknowledgement from client
[15May2026 02:31:07.070] [Netty Epoll Server IO #1/DEBUG] [net.minecraftforge.network.LoginWrapper/FMLHANDSHAKE]: Recieved login wrapper packet event for channel fml:handshake with index 30
[15May2026 02:31:07.070] [Netty Epoll Server IO #1/DEBUG] [net.minecraftforge.network.HandshakeHandler/FMLHANDSHAKE]: Received client indexed reply 30 of type net.minecraftforge.network.HandshakeMessages$C2SAcknowledge
[15May2026 02:31:07.070] [Netty Epoll Server IO #1/DEBUG] [net.minecraftforge.network.HandshakeHandler/FMLHANDSHAKE]: Received acknowledgement from client
[15May2026 02:31:07.071] [Netty Epoll Server IO #1/DEBUG] [net.minecraftforge.network.LoginWrapper/FMLHANDSHAKE]: Recieved login wrapper packet event for channel fml:handshake with index 31
[15May2026 02:31:07.071] [Netty Epoll Server IO #1/DEBUG] [net.minecraftforge.network.HandshakeHandler/FMLHANDSHAKE]: Received client indexed reply 31 of type net.minecraftforge.network.HandshakeMessages$C2SAcknowledge
[15May2026 02:31:07.071] [Netty Epoll Server IO #1/DEBUG] [net.minecraftforge.network.HandshakeHandler/FMLHANDSHAKE]: Received acknowledgement from client
[15May2026 02:31:07.071] [Netty Epoll Server IO #1/DEBUG] [net.minecraftforge.network.LoginWrapper/FMLHANDSHAKE]: Recieved login wrapper packet event for channel fml:handshake with index 32
[15May2026 02:31:07.071] [Netty Epoll Server IO #1/DEBUG] [net.minecraftforge.network.HandshakeHandler/FMLHANDSHAKE]: Received client indexed reply 32 of type net.minecraftforge.network.HandshakeMessages$C2SAcknowledge
[15May2026 02:31:07.071] [Netty Epoll Server IO #1/DEBUG] [net.minecraftforge.network.HandshakeHandler/FMLHANDSHAKE]: Received acknowledgement from client
[15May2026 02:31:07.092] [Server thread/DEBUG] [net.minecraftforge.network.HandshakeHandler/FMLHANDSHAKE]: Handshake complete!
[15May2026 02:31:07.144] [Server thread/WARN] [net.minecraft.network.syncher.SynchedEntityData/]: defineId called for: class net.minecraft.world.entity.player.Player from class tschipp.carryon.common.carry.CarryOnDataManager
[15May2026 02:31:07.157] [Server thread/DEBUG] [mixin/]: Mixing FoodDataMixin from illagerinvasion.common.mixins.json into net.minecraft.world.food.FoodData
[15May2026 02:31:07.158] [Server thread/DEBUG] [mixin/]: Mixing FoodDataMixin from opposing_force.mixins.json into net.minecraft.world.food.FoodData
[15May2026 02:31:07.162] [Server thread/DEBUG] [mixin/]: Mixing AbilitiesMixin from attributeslib.mixins.json into net.minecraft.world.entity.player.Abilities
[15May2026 02:31:07.285] [Server thread/INFO] [net.minecraft.server.players.PlayerList/]: JAGlitsh[/100.92.193.35:62257] logged in with entity id 728 at (1020.0874921826277, 76.0, 943.0108484059955)
[15May2026 02:31:07.297] [Server thread/DEBUG] [net.minecraftforge.network.filters.NetworkFilters/]: Injected net.minecraftforge.network.filters.ForgeConnectionNetworkFilter@2aad59e6 into net.minecraft.network.Connection@73852d90
[15May2026 02:31:07.323] [Server thread/DEBUG] [Paraglider/]: Start adding village structures
[15May2026 02:31:07.323] [Server thread/DEBUG] [Paraglider/]: Added 2 elements to template pool 'minecraft:village/desert/houses'
[15May2026 02:31:07.324] [Server thread/DEBUG] [Paraglider/]: Added 2 elements to template pool 'minecraft:village/plains/houses'
[15May2026 02:31:07.324] [Server thread/DEBUG] [Paraglider/]: Added 2 elements to template pool 'minecraft:village/savanna/houses'
[15May2026 02:31:07.324] [Server thread/DEBUG] [Paraglider/]: Added 1 elements to template pool 'minecraft:village/snowy/houses'
[15May2026 02:31:07.324] [Server thread/DEBUG] [Paraglider/]: Added 2 elements to template pool 'minecraft:village/taiga/houses'
[15May2026 02:31:07.324] [Server thread/DEBUG] [Paraglider/]: Finished adding village structures
[15May2026 02:31:07.404] [Server thread/INFO] [net.minecraft.server.MinecraftServer/]: JAGlitsh joined the game
[15May2026 02:31:07.434] [Server thread/DEBUG] [mixin/]: Mixing camera.TrackedEntityMixin from securitycraft.mixins.json into net.minecraft.server.level.ChunkMap$TrackedEntity
[15May2026 02:31:07.488] [Server thread/DEBUG] [blockpops/]: Loaded favorite color from online player JAGlitsh: original
[15May2026 02:31:07.488] [Server thread/DEBUG] [blockpops/]: Added player figure from .dat file: JAGlitsh (05b85bd4-b910-37c5-9442-5a63ff8d8151)
[15May2026 02:31:07.489] [Server thread/DEBUG] [blockpops/]: Loaded favorite color from disk for offline player elpepe: original
[15May2026 02:31:07.489] [Server thread/DEBUG] [blockpops/]: Added player figure from .dat file: elpepe (e45194f2-e467-3ac1-b172-9c37d9c2a312)
[15May2026 02:31:07.490] [Server thread/DEBUG] [blockpops/]: Loaded favorite color from disk for offline player Kingg9: original
[15May2026 02:31:07.490] [Server thread/DEBUG] [blockpops/]: Added player figure from .dat file: Kingg9 (3286e210-aae5-3f20-b572-1025f8e799b4)
[15May2026 02:31:07.491] [Server thread/DEBUG] [blockpops/]: Loaded favorite color from disk for offline player Misterchuwa: original
[15May2026 02:31:07.491] [Server thread/DEBUG] [blockpops/]: Added player figure from .dat file: Misterchuwa (89d9c300-0d03-391a-be16-f030cbad847a)
[15May2026 02:31:07.491] [Server thread/DEBUG] [blockpops/]: Updated World Players collection after player join: JAGlitsh
[15May2026 02:31:07.543] [Server thread/DEBUG] [Galena Hats/]: Notifying 05b85bd4-b910-37c5-9442-5a63ff8d8151 about configs of already joined players
[15May2026 02:31:07.555] [Server thread/INFO] [Jade/]: Syncing config to JAGlitsh (05b85bd4-b910-37c5-9442-5a63ff8d8151)
[15May2026 02:31:07.569] [Server thread/DEBUG] [Galena Hats/]: Received HatConfigMessage from 05b85bd4-b910-37c5-9442-5a63ff8d8151
[15May2026 02:31:07.569] [Server thread/DEBUG] [Galena Hats/]: Skipping server validation for disabled config from 05b85bd4-b910-37c5-9442-5a63ff8d8151
[15May2026 02:31:07.570] [Server thread/DEBUG] [Galena Hats/]: Received remote config for player 05b85bd4-b910-37c5-9442-5a63ff8d8151
[15May2026 02:31:07.570] [Server thread/DEBUG] [Galena Hats/]: Distributing config of 05b85bd4-b910-37c5-9442-5a63ff8d8151
[15May2026 02:31:07.599] [Server thread/DEBUG] [mixin/]: Mixing debug.DebugPacketsMixin from yungscavebiomes.mixins.json into net.minecraft.network.protocol.game.DebugPackets
[15May2026 02:31:07.600] [Server thread/DEBUG] [mixin/]: Renaming synthetic method lambda$yungscavebiomes_debugSendGoalSelector$1(Lnet/minecraft/network/FriendlyByteBuf;Lnet/minecraft/world/entity/ai/goal/WrappedGoal;)V to mdbaff56$lambda$yungscavebiomes_debugSendGoalSelector$1$0 in yungscavebiomes.mixins.json:debug.DebugPacketsMixin
[15May2026 02:31:07.600] [Server thread/DEBUG] [mixin/]: Renaming synthetic method lambda$yungscavebiomes_debugSendGoalSelector$0(Lnet/minecraft/world/entity/ai/goal/WrappedGoal;Lnet/minecraft/world/entity/ai/goal/WrappedGoal;)I to mdbaff56$lambda$yungscavebiomes_debugSendGoalSelector$0$1 in yungscavebiomes.mixins.json:debug.DebugPacketsMixin
[15May2026 02:31:07.614] [Server thread/DEBUG] [net.minecraftforge.coremod.transformer.CoreModBaseTransformer/COREMOD]: Transforming net/minecraft/world/level/NaturalSpawner
[15May2026 02:31:07.630] [Server thread/DEBUG] [mixin/]: Mixing NaturalSpawnerMixin from mixins.bosses_of_mass_destruction.json into net.minecraft.world.level.NaturalSpawner
[15May2026 02:31:07.696] [Server thread/DEBUG] [Radiant Gear/]: Built new CuriosLightSourceContainer for player ServerPlayer['JAGlitsh'/728, l='ServerLevel[world]', x=1020.09, y=76.00, z=943.01]
[15May2026 02:31:10.116] [Server thread/DEBUG] [mixin/]: Mixing MixinEnchantmentHelper from immersive_armors.mixins.json into net.minecraft.world.item.enchantment.EnchantmentHelper
[15May2026 02:31:10.179] [Server thread/DEBUG] [tacz/SYNC_BASE_TIMESTAMP]: Update server base timestamp: 1778812267709
[15May2026 02:31:10.190] [Server thread/WARN] [net.minecraft.server.MinecraftServer/]: Can't keep up! Is the server overloaded? Running 2948ms or 58 ticks behind
[15May2026 02:31:11.028] [Server thread/DEBUG] [io.netty.util.internal.ThreadLocalRandom/]: -Dio.netty.initialSeedUniquifier: 0x64729ad1fee4cba5
[15May2026 02:31:11.499] [Netty Epoll Server IO #3/DEBUG] [net.minecraftforge.network.HandshakeHandler/FMLHANDSHAKE]: Starting new modded impl connection. Found 33 messages to dispatch.
[15May2026 02:31:11.515] [Server thread/DEBUG] [net.minecraftforge.network.HandshakeHandler/FMLHANDSHAKE]: Sending ticking packet info 'com.tacz.guns.network.message.handshake.ServerMessageSyncedEntityDataMapping' to 'tacz:handshake' sequence 0
[15May2026 02:31:11.572] [Server thread/DEBUG] [net.minecraftforge.network.HandshakeHandler/FMLHANDSHAKE]: Sending ticking packet info 'FrameworkConfig refurbished_furniture:server' to 'framework:handshake' sequence 1
[15May2026 02:31:11.598] [Netty Epoll Server IO #3/DEBUG] [net.minecraftforge.network.LoginWrapper/FMLHANDSHAKE]: Recieved login wrapper packet event for channel tacz:handshake with index 0
[15May2026 02:31:11.598] [Netty Epoll Server IO #3/DEBUG] [net.minecraftforge.network.HandshakeHandler/FMLHANDSHAKE]: Received client indexed reply 0 of type com.tacz.guns.network.message.handshake.Acknowledge
[15May2026 02:31:11.598] [Netty Epoll Server IO #3/DEBUG] [tacz/HANDSHAKE_ACKNOWLEDGE]: Received acknowledgement from client
[15May2026 02:31:11.608] [Server thread/DEBUG] [net.minecraftforge.network.HandshakeHandler/FMLHANDSHAKE]: Sending ticking packet info 'net.minecraftforge.network.HandshakeMessages$S2CModData' to 'fml:handshake' sequence 2
[15May2026 02:31:11.646] [Server thread/DEBUG] [net.minecraftforge.network.HandshakeHandler/FMLHANDSHAKE]: Sending ticking packet info 'net.minecraftforge.network.HandshakeMessages$S2CModList' to 'fml:handshake' sequence 3
[15May2026 02:31:11.648] [Netty Epoll Server IO #3/DEBUG] [net.minecraftforge.network.LoginWrapper/FMLHANDSHAKE]: Recieved login wrapper packet event for channel framework:handshake with index 1
[15May2026 02:31:11.649] [Netty Epoll Server IO #3/DEBUG] [net.minecraftforge.network.HandshakeHandler/FMLHANDSHAKE]: Received client indexed reply 1 of type com.mrcrayfish.framework.api.network.message.HandshakeMessage$Acknowledge
[15May2026 02:31:11.649] [Netty Epoll Server IO #3/DEBUG] [Framework/FRAMEWORK_HANDSHAKE]: Received acknowledgement from client
[15May2026 02:31:11.684] [Server thread/DEBUG] [net.minecraftforge.network.HandshakeHandler/FMLHANDSHAKE]: Sending ticking packet info 'Registry minecraft:command_argument_type' to 'fml:handshake' sequence 4
[15May2026 02:31:11.718] [Server thread/DEBUG] [net.minecraftforge.network.HandshakeHandler/FMLHANDSHAKE]: Sending ticking packet info 'Registry minecraft:recipe_serializer' to 'fml:handshake' sequence 5
[15May2026 02:31:11.721] [Netty Epoll Server IO #3/DEBUG] [net.minecraftforge.network.LoginWrapper/FMLHANDSHAKE]: Recieved login wrapper packet event for channel fml:handshake with index 3
[15May2026 02:31:11.722] [Netty Epoll Server IO #3/DEBUG] [net.minecraftforge.network.HandshakeHandler/FMLHANDSHAKE]: Received client indexed reply 3 of type net.minecraftforge.network.HandshakeMessages$C2SModListReply
[15May2026 02:31:11.722] [Netty Epoll Server IO #3/DEBUG] [net.minecraftforge.network.HandshakeHandler/FMLHANDSHAKE]: Received client connection with modlist [betterdungeons, kuma_api, geckolib, illagerinvasion, dynamiclights, immersive_aircraft, sophisticatedcore, xaeroworldmap, placebo, citadel, alexsmobs, yungsapi, sophisticatedbackpacks, forgivingvoid, hordes, balm, immersive_armors, carryon, betterfortresses, paraglider, cloth_config, embeddium, rubidium, uniqueaccessories, corpse, torchmaster, clockwork, resourcefulconfig, curiouslanterns, curios, cerbons_api, attributeslib, tombstone, atlaslib, resourcefullib, e4mc, architectury, blockpops, justhammers, refurbished_furniture, jadeaddons, framework, fallingtree, camerapture, galena_hats, too_many_bows, jei, xaerolib, tacz, multikulti_core, yungscavebiomes, nirvana, knightlib, multikulti_registrate, bosses_of_mass_destruction, watut, puzzlesaccessapi, forge, travelerstitles, dungeons_arise, minecraft, born_in_chaos_v1, opposing_force, doppelganger2, lucky, terrablender, radiantgear, jade, knightquest, kotlinforforge, ribbits, xaerominimap, brainrotprotocol, securitycraft, armoroftheages, figura, coroutil, creeperoverhaul, yet_another_config_lib_v3, puzzleslib]
[15May2026 02:31:11.722] [Netty Epoll Server IO #3/DEBUG] [net.minecraftforge.network.NetworkRegistry/NETREGISTRY]: Channel 'watut:main' : Version test of '4' from client : ACCEPTED
[15May2026 02:31:11.723] [Netty Epoll Server IO #3/DEBUG] [net.minecraftforge.network.NetworkRegistry/NETREGISTRY]: Channel 'torchmaster:main' : Version test of '1' from client : ACCEPTED
[15May2026 02:31:11.723] [Netty Epoll Server IO #3/DEBUG] [net.minecraftforge.network.NetworkRegistry/NETREGISTRY]: Channel 'ic_ia:main' : Version test of '1' from client : ACCEPTED
[15May2026 02:31:11.723] [Netty Epoll Server IO #3/DEBUG] [net.minecraftforge.network.NetworkRegistry/NETREGISTRY]: Channel 'jei:channel' : Version test of '1.0.0' from client : ACCEPTED
[15May2026 02:31:11.723] [Netty Epoll Server IO #3/DEBUG] [net.minecraftforge.network.NetworkRegistry/NETREGISTRY]: Channel 'minecraft:unregister' : Version test of 'FML3' from client : ACCEPTED
[15May2026 02:31:11.723] [Netty Epoll Server IO #3/DEBUG] [net.minecraftforge.network.NetworkRegistry/NETREGISTRY]: Channel 'xaerominimap:main' : Version test of '1.0' from client : ACCEPTED
[15May2026 02:31:11.723] [Netty Epoll Server IO #3/DEBUG] [net.minecraftforge.network.NetworkRegistry/NETREGISTRY]: Channel 'sophisticatedbackpacks:channel' : Version test of '1' from client : ACCEPTED
[15May2026 02:31:11.723] [Netty Epoll Server IO #3/DEBUG] [net.minecraftforge.network.NetworkRegistry/NETREGISTRY]: Channel 'armoroftheages:config_sync' : Version test of '1' from client : ACCEPTED
[15May2026 02:31:11.724] [Netty Epoll Server IO #3/DEBUG] [net.minecraftforge.network.NetworkRegistry/NETREGISTRY]: Channel 'framework:play' : Version test of '1' from client : ACCEPTED
[15May2026 02:31:11.724] [Netty Epoll Server IO #3/DEBUG] [net.minecraftforge.network.NetworkRegistry/NETREGISTRY]: Channel 'fallingtree:main' : Version test of '1' from client : ACCEPTED
[15May2026 02:31:11.724] [Netty Epoll Server IO #3/DEBUG] [net.minecraftforge.network.NetworkRegistry/NETREGISTRY]: Channel 'tacz:handshake' : Version test of '1.0.4' from client : ACCEPTED
[15May2026 02:31:11.724] [Netty Epoll Server IO #3/DEBUG] [net.minecraftforge.network.NetworkRegistry/NETREGISTRY]: Channel 'attributeslib:attributeslib' : Version test of '1.0.0' from client : ACCEPTED
[15May2026 02:31:11.724] [Netty Epoll Server IO #3/DEBUG] [net.minecraftforge.network.NetworkRegistry/NETREGISTRY]: Channel 'opposing_force:network' : Version test of '1.0' from client : ACCEPTED
[15May2026 02:31:11.724] [Netty Epoll Server IO #3/DEBUG] [net.minecraftforge.network.NetworkRegistry/NETREGISTRY]: Channel 'ribbits:messages' : Version test of '1.0' from client : ACCEPTED
[15May2026 02:31:11.724] [Netty Epoll Server IO #3/DEBUG] [net.minecraftforge.network.NetworkRegistry/NETREGISTRY]: Channel 'forge:tier_sorting' : Version test of '1.0' from client : ACCEPTED
[15May2026 02:31:11.724] [Netty Epoll Server IO #3/DEBUG] [net.minecraftforge.network.NetworkRegistry/NETREGISTRY]: Channel 'alexsmobs:main_channel' : Version test of '1' from client : ACCEPTED
[15May2026 02:31:11.724] [Netty Epoll Server IO #3/DEBUG] [net.minecraftforge.network.NetworkRegistry/NETREGISTRY]: Channel 'paraglider:master' : Version test of '2.0' from client : ACCEPTED
[15May2026 02:31:11.724] [Netty Epoll Server IO #3/DEBUG] [net.minecraftforge.network.NetworkRegistry/NETREGISTRY]: Channel 'fml:play' : Version test of 'FML3' from client : ACCEPTED
[15May2026 02:31:11.724] [Netty Epoll Server IO #3/DEBUG] [net.minecraftforge.network.NetworkRegistry/NETREGISTRY]: Channel 'hordes:infection' : Version test of '1' from client : ACCEPTED
[15May2026 02:31:11.725] [Netty Epoll Server IO #3/DEBUG] [net.minecraftforge.network.NetworkRegistry/NETREGISTRY]: Channel 'knightlib:main' : Version test of '1' from client : ACCEPTED
[15May2026 02:31:11.725] [Netty Epoll Server IO #3/DEBUG] [net.minecraftforge.network.NetworkRegistry/NETREGISTRY]: Channel 'camerapture:main' : Version test of '2' from client : ACCEPTED
[15May2026 02:31:11.725] [Netty Epoll Server IO #3/DEBUG] [net.minecraftforge.network.NetworkRegistry/NETREGISTRY]: Channel 'hordes:hordeevent' : Version test of '1' from client : ACCEPTED
[15May2026 02:31:11.725] [Netty Epoll Server IO #3/DEBUG] [net.minecraftforge.network.NetworkRegistry/NETREGISTRY]: Channel 'xaeroworldmap:main' : Version test of '1.0' from client : ACCEPTED
[15May2026 02:31:11.725] [Netty Epoll Server IO #3/DEBUG] [net.minecraftforge.network.NetworkRegistry/NETREGISTRY]: Channel 'minecraft:register' : Version test of 'FML3' from client : ACCEPTED
[15May2026 02:31:11.725] [Netty Epoll Server IO #3/DEBUG] [net.minecraftforge.network.NetworkRegistry/NETREGISTRY]: Channel 'brainrotprotocol:brainrotprotocol' : Version test of '1' from client : ACCEPTED
[15May2026 02:31:11.725] [Netty Epoll Server IO #3/DEBUG] [net.minecraftforge.network.NetworkRegistry/NETREGISTRY]: Channel 'geckolib:main' : Version test of '1' from client : ACCEPTED
[15May2026 02:31:11.725] [Netty Epoll Server IO #3/DEBUG] [net.minecraftforge.network.NetworkRegistry/NETREGISTRY]: Channel 'refurbished_furniture:play' : Version test of '1' from client : ACCEPTED
[15May2026 02:31:11.725] [Netty Epoll Server IO #3/DEBUG] [net.minecraftforge.network.NetworkRegistry/NETREGISTRY]: Channel 'doppelganger2:doppelganger2' : Version test of '1' from client : ACCEPTED
[15May2026 02:31:11.725] [Netty Epoll Server IO #3/DEBUG] [net.minecraftforge.network.NetworkRegistry/NETREGISTRY]: Channel 'galena_hats:network' : Version test of '1' from client : ACCEPTED
[15May2026 02:31:11.725] [Netty Epoll Server IO #3/DEBUG] [net.minecraftforge.network.NetworkRegistry/NETREGISTRY]: Channel 'architectury:network' : Version test of '1' from client : ACCEPTED
[15May2026 02:31:11.725] [Netty Epoll Server IO #3/DEBUG] [net.minecraftforge.network.NetworkRegistry/NETREGISTRY]: Channel 'brainrotprotocol:hammer_shake' : Version test of '1' from client : ACCEPTED
[15May2026 02:31:11.725] [Netty Epoll Server IO #3/DEBUG] [net.minecraftforge.network.NetworkRegistry/NETREGISTRY]: Channel 'carryon:carryonpackets' : Version test of '1.0' from client : ACCEPTED
[15May2026 02:31:11.725] [Netty Epoll Server IO #3/DEBUG] [net.minecraftforge.network.NetworkRegistry/NETREGISTRY]: Channel 'ic_air:main' : Version test of '1' from client : ACCEPTED
[15May2026 02:31:11.725] [Netty Epoll Server IO #3/DEBUG] [net.minecraftforge.network.NetworkRegistry/NETREGISTRY]: Channel 'citadel:main_channel' : Version test of '1' from client : ACCEPTED
[15May2026 02:31:11.725] [Netty Epoll Server IO #3/DEBUG] [net.minecraftforge.network.NetworkRegistry/NETREGISTRY]: Channel 'puzzleslib:1' : Version test of '1' from client : ACCEPTED
[15May2026 02:31:11.726] [Netty Epoll Server IO #3/DEBUG] [net.minecraftforge.network.NetworkRegistry/NETREGISTRY]: Channel 'securitycraft:securitycraft' : Version test of 'v1.10.1' from client : ACCEPTED
[15May2026 02:31:11.726] [Netty Epoll Server IO #3/DEBUG] [net.minecraftforge.network.NetworkRegistry/NETREGISTRY]: Channel 'brainrotprotocol:shake_tralalerotralala' : Version test of '1' from client : ACCEPTED
[15May2026 02:31:11.726] [Netty Epoll Server IO #3/DEBUG] [net.minecraftforge.network.NetworkRegistry/NETREGISTRY]: Channel 'born_in_chaos_v1:born_in_chaos_v1' : Version test of '1' from client : ACCEPTED
[15May2026 02:31:11.726] [Netty Epoll Server IO #3/DEBUG] [net.minecraftforge.network.NetworkRegistry/NETREGISTRY]: Channel 'brainrotprotocol:shake' : Version test of '1' from client : ACCEPTED
[15May2026 02:31:11.726] [Netty Epoll Server IO #3/DEBUG] [net.minecraftforge.network.NetworkRegistry/NETREGISTRY]: Channel 'bosses_of_mass_destruction:packets' : Version test of '1' from client : ACCEPTED
[15May2026 02:31:11.726] [Netty Epoll Server IO #3/DEBUG] [net.minecraftforge.network.NetworkRegistry/NETREGISTRY]: Channel 'curios:main' : Version test of '1' from client : ACCEPTED
[15May2026 02:31:11.726] [Netty Epoll Server IO #3/DEBUG] [net.minecraftforge.network.NetworkRegistry/NETREGISTRY]: Channel 'placebo:placebo' : Version test of '1.0.0' from client : ACCEPTED
[15May2026 02:31:11.726] [Netty Epoll Server IO #3/DEBUG] [net.minecraftforge.network.NetworkRegistry/NETREGISTRY]: Channel 'balm:network' : Version test of '1.0' from client : ACCEPTED
[15May2026 02:31:11.726] [Netty Epoll Server IO #3/DEBUG] [net.minecraftforge.network.NetworkRegistry/NETREGISTRY]: Channel 'framework:handshake' : Version test of '1' from client : ACCEPTED
[15May2026 02:31:11.726] [Netty Epoll Server IO #3/DEBUG] [net.minecraftforge.network.NetworkRegistry/NETREGISTRY]: Channel 'fml:loginwrapper' : Version test of 'FML3' from client : ACCEPTED
[15May2026 02:31:11.726] [Netty Epoll Server IO #3/DEBUG] [net.minecraftforge.network.NetworkRegistry/NETREGISTRY]: Channel 'cerbons_api:packets' : Version test of '1' from client : ACCEPTED
[15May2026 02:31:11.726] [Netty Epoll Server IO #3/DEBUG] [net.minecraftforge.network.NetworkRegistry/NETREGISTRY]: Channel 'tombstone:tombstone_channel' : Version test of 'tombstone-9.0.10' from client : ACCEPTED
[15May2026 02:31:11.726] [Netty Epoll Server IO #3/DEBUG] [net.minecraftforge.network.NetworkRegistry/NETREGISTRY]: Channel 'xaerolib:main' : Version test of '1.0' from client : ACCEPTED
[15May2026 02:31:11.726] [Netty Epoll Server IO #3/DEBUG] [net.minecraftforge.network.NetworkRegistry/NETREGISTRY]: Channel 'yungscavebiomes:messages' : Version test of '1.0' from client : ACCEPTED
[15May2026 02:31:11.726] [Netty Epoll Server IO #3/DEBUG] [net.minecraftforge.network.NetworkRegistry/NETREGISTRY]: Channel 'uniqueaccessories:main' : Version test of '1' from client : ACCEPTED
[15May2026 02:31:11.727] [Netty Epoll Server IO #3/DEBUG] [net.minecraftforge.network.NetworkRegistry/NETREGISTRY]: Channel 'sophisticatedcore:channel' : Version test of '1' from client : ACCEPTED
[15May2026 02:31:11.727] [Netty Epoll Server IO #3/DEBUG] [net.minecraftforge.network.NetworkRegistry/NETREGISTRY]: Channel 'brainrotprotocol:saw_bus' : Version test of '1' from client : ACCEPTED
[15May2026 02:31:11.727] [Netty Epoll Server IO #3/DEBUG] [net.minecraftforge.network.NetworkRegistry/NETREGISTRY]: Channel 'fml:handshake' : Version test of 'FML3' from client : ACCEPTED
[15May2026 02:31:11.727] [Netty Epoll Server IO #3/DEBUG] [net.minecraftforge.network.NetworkRegistry/NETREGISTRY]: Channel 'forge:split' : Version test of '1.1' from client : ACCEPTED
[15May2026 02:31:11.727] [Netty Epoll Server IO #3/DEBUG] [net.minecraftforge.network.NetworkRegistry/NETREGISTRY]: Channel 'tacz:network' : Version test of '1.0.4' from client : ACCEPTED
[15May2026 02:31:11.727] [Netty Epoll Server IO #3/DEBUG] [net.minecraftforge.network.NetworkRegistry/NETREGISTRY]: Channel 'jade:networking' : Version test of '2' from client : ACCEPTED
[15May2026 02:31:11.727] [Netty Epoll Server IO #3/DEBUG] [net.minecraftforge.network.NetworkRegistry/NETREGISTRY]: Accepting channel list from client
[15May2026 02:31:11.727] [Netty Epoll Server IO #3/DEBUG] [net.minecraftforge.network.HandshakeHandler/FMLHANDSHAKE]: Accepted client connection mod list
[15May2026 02:31:11.745] [Server thread/DEBUG] [net.minecraftforge.network.HandshakeHandler/FMLHANDSHAKE]: Sending ticking packet info 'Registry minecraft:sound_event' to 'fml:handshake' sequence 6
[15May2026 02:31:11.755] [Netty Epoll Server IO #3/DEBUG] [net.minecraftforge.network.LoginWrapper/FMLHANDSHAKE]: Recieved login wrapper packet event for channel fml:handshake with index 4
[15May2026 02:31:11.755] [Netty Epoll Server IO #3/DEBUG] [net.minecraftforge.network.HandshakeHandler/FMLHANDSHAKE]: Received client indexed reply 4 of type net.minecraftforge.network.HandshakeMessages$C2SAcknowledge
[15May2026 02:31:11.755] [Netty Epoll Server IO #3/DEBUG] [net.minecraftforge.network.HandshakeHandler/FMLHANDSHAKE]: Received acknowledgement from client
[15May2026 02:31:11.780] [Server thread/DEBUG] [net.minecraftforge.network.HandshakeHandler/FMLHANDSHAKE]: Sending ticking packet info 'Registry minecraft:particle_type' to 'fml:handshake' sequence 7
[15May2026 02:31:11.790] [Netty Epoll Server IO #3/DEBUG] [net.minecraftforge.network.LoginWrapper/FMLHANDSHAKE]: Recieved login wrapper packet event for channel fml:handshake with index 5
[15May2026 02:31:11.790] [Netty Epoll Server IO #3/DEBUG] [net.minecraftforge.network.HandshakeHandler/FMLHANDSHAKE]: Received client indexed reply 5 of type net.minecraftforge.network.HandshakeMessages$C2SAcknowledge
[15May2026 02:31:11.790] [Netty Epoll Server IO #3/DEBUG] [net.minecraftforge.network.HandshakeHandler/FMLHANDSHAKE]: Received acknowledgement from client
[15May2026 02:31:11.804] [Server thread/DEBUG] [net.minecraftforge.network.HandshakeHandler/FMLHANDSHAKE]: Sending ticking packet info 'Registry minecraft:villager_profession' to 'fml:handshake' sequence 8
[15May2026 02:31:11.828] [Server thread/DEBUG] [net.minecraftforge.network.HandshakeHandler/FMLHANDSHAKE]: Sending ticking packet info 'Registry minecraft:item' to 'fml:handshake' sequence 9
[15May2026 02:31:11.873] [Server thread/DEBUG] [net.minecraftforge.network.HandshakeHandler/FMLHANDSHAKE]: Sending ticking packet info 'Registry minecraft:potion' to 'fml:handshake' sequence 10
[15May2026 02:31:11.897] [Netty Epoll Server IO #3/DEBUG] [net.minecraftforge.network.LoginWrapper/FMLHANDSHAKE]: Recieved login wrapper packet event for channel fml:handshake with index 6
[15May2026 02:31:11.897] [Netty Epoll Server IO #3/DEBUG] [net.minecraftforge.network.HandshakeHandler/FMLHANDSHAKE]: Received client indexed reply 6 of type net.minecraftforge.network.HandshakeMessages$C2SAcknowledge
[15May2026 02:31:11.897] [Netty Epoll Server IO #3/DEBUG] [net.minecraftforge.network.HandshakeHandler/FMLHANDSHAKE]: Received acknowledgement from client
[15May2026 02:31:11.929] [Server thread/DEBUG] [net.minecraftforge.network.HandshakeHandler/FMLHANDSHAKE]: Sending ticking packet info 'Registry minecraft:painting_variant' to 'fml:handshake' sequence 11
[15May2026 02:31:11.929] [Netty Epoll Server IO #3/DEBUG] [net.minecraftforge.network.LoginWrapper/FMLHANDSHAKE]: Recieved login wrapper packet event for channel fml:handshake with index 7
[15May2026 02:31:11.930] [Netty Epoll Server IO #3/DEBUG] [net.minecraftforge.network.HandshakeHandler/FMLHANDSHAKE]: Received client indexed reply 7 of type net.minecraftforge.network.HandshakeMessages$C2SAcknowledge
[15May2026 02:31:11.932] [Netty Epoll Server IO #3/DEBUG] [net.minecraftforge.network.HandshakeHandler/FMLHANDSHAKE]: Received acknowledgement from client
[15May2026 02:31:11.933] [Netty Epoll Server IO #3/DEBUG] [net.minecraftforge.network.LoginWrapper/FMLHANDSHAKE]: Recieved login wrapper packet event for channel fml:handshake with index 8
[15May2026 02:31:11.933] [Netty Epoll Server IO #3/DEBUG] [net.minecraftforge.network.HandshakeHandler/FMLHANDSHAKE]: Received client indexed reply 8 of type net.minecraftforge.network.HandshakeMessages$C2SAcknowledge
[15May2026 02:31:11.933] [Netty Epoll Server IO #3/DEBUG] [net.minecraftforge.network.HandshakeHandler/FMLHANDSHAKE]: Received acknowledgement from client
[15May2026 02:31:11.975] [Server thread/DEBUG] [net.minecraftforge.network.HandshakeHandler/FMLHANDSHAKE]: Sending ticking packet info 'Registry forge:fluid_type' to 'fml:handshake' sequence 12
[15May2026 02:31:12.018] [Server thread/DEBUG] [net.minecraftforge.network.HandshakeHandler/FMLHANDSHAKE]: Sending ticking packet info 'Registry minecraft:block_entity_type' to 'fml:handshake' sequence 13
[15May2026 02:31:12.028] [Netty Epoll Server IO #3/DEBUG] [net.minecraftforge.network.LoginWrapper/FMLHANDSHAKE]: Recieved login wrapper packet event for channel fml:handshake with index 9
[15May2026 02:31:12.028] [Netty Epoll Server IO #3/DEBUG] [net.minecraftforge.network.HandshakeHandler/FMLHANDSHAKE]: Received client indexed reply 9 of type net.minecraftforge.network.HandshakeMessages$C2SAcknowledge
[15May2026 02:31:12.028] [Netty Epoll Server IO #3/DEBUG] [net.minecraftforge.network.HandshakeHandler/FMLHANDSHAKE]: Received acknowledgement from client
[15May2026 02:31:12.028] [Netty Epoll Server IO #3/DEBUG] [net.minecraftforge.network.LoginWrapper/FMLHANDSHAKE]: Recieved login wrapper packet event for channel fml:handshake with index 10
[15May2026 02:31:12.028] [Netty Epoll Server IO #3/DEBUG] [net.minecraftforge.network.HandshakeHandler/FMLHANDSHAKE]: Received client indexed reply 10 of type net.minecraftforge.network.HandshakeMessages$C2SAcknowledge
[15May2026 02:31:12.028] [Netty Epoll Server IO #3/DEBUG] [net.minecraftforge.network.HandshakeHandler/FMLHANDSHAKE]: Received acknowledgement from client
[15May2026 02:31:12.029] [Netty Epoll Server IO #3/DEBUG] [net.minecraftforge.network.LoginWrapper/FMLHANDSHAKE]: Recieved login wrapper packet event for channel fml:handshake with index 11
[15May2026 02:31:12.029] [Netty Epoll Server IO #3/DEBUG] [net.minecraftforge.network.HandshakeHandler/FMLHANDSHAKE]: Received client indexed reply 11 of type net.minecraftforge.network.HandshakeMessages$C2SAcknowledge
[15May2026 02:31:12.029] [Netty Epoll Server IO #3/DEBUG] [net.minecraftforge.network.HandshakeHandler/FMLHANDSHAKE]: Received acknowledgement from client
[15May2026 02:31:12.046] [Netty Epoll Server IO #3/DEBUG] [net.minecraftforge.network.LoginWrapper/FMLHANDSHAKE]: Recieved login wrapper packet event for channel fml:handshake with index 12
[15May2026 02:31:12.046] [Netty Epoll Server IO #3/DEBUG] [net.minecraftforge.network.HandshakeHandler/FMLHANDSHAKE]: Received client indexed reply 12 of type net.minecraftforge.network.HandshakeMessages$C2SAcknowledge
[15May2026 02:31:12.046] [Netty Epoll Server IO #3/DEBUG] [net.minecraftforge.network.HandshakeHandler/FMLHANDSHAKE]: Received acknowledgement from client
[15May2026 02:31:12.062] [Server thread/DEBUG] [net.minecraftforge.network.HandshakeHandler/FMLHANDSHAKE]: Sending ticking packet info 'Registry forge:display_contexts' to 'fml:handshake' sequence 14
[15May2026 02:31:12.098] [Netty Epoll Server IO #3/DEBUG] [net.minecraftforge.network.LoginWrapper/FMLHANDSHAKE]: Recieved login wrapper packet event for channel fml:handshake with index 13
[15May2026 02:31:12.099] [Netty Epoll Server IO #3/DEBUG] [net.minecraftforge.network.HandshakeHandler/FMLHANDSHAKE]: Received client indexed reply 13 of type net.minecraftforge.network.HandshakeMessages$C2SAcknowledge
[15May2026 02:31:12.099] [Netty Epoll Server IO #3/DEBUG] [net.minecraftforge.network.HandshakeHandler/FMLHANDSHAKE]: Received acknowledgement from client
[15May2026 02:31:12.119] [Server thread/DEBUG] [net.minecraftforge.network.HandshakeHandler/FMLHANDSHAKE]: Sending ticking packet info 'Registry minecraft:block' to 'fml:handshake' sequence 15
[15May2026 02:31:12.131] [Netty Epoll Server IO #3/DEBUG] [net.minecraftforge.network.LoginWrapper/FMLHANDSHAKE]: Recieved login wrapper packet event for channel fml:handshake with index 14
[15May2026 02:31:12.132] [Netty Epoll Server IO #3/DEBUG] [net.minecraftforge.network.HandshakeHandler/FMLHANDSHAKE]: Received client indexed reply 14 of type net.minecraftforge.network.HandshakeMessages$C2SAcknowledge
[15May2026 02:31:12.132] [Netty Epoll Server IO #3/DEBUG] [net.minecraftforge.network.HandshakeHandler/FMLHANDSHAKE]: Received acknowledgement from client
[15May2026 02:31:12.170] [Server thread/DEBUG] [net.minecraftforge.network.HandshakeHandler/FMLHANDSHAKE]: Sending ticking packet info 'Registry forge:entity_data_serializers' to 'fml:handshake' sequence 16
[15May2026 02:31:12.201] [Netty Epoll Server IO #3/DEBUG] [net.minecraftforge.network.LoginWrapper/FMLHANDSHAKE]: Recieved login wrapper packet event for channel fml:handshake with index 15
[15May2026 02:31:12.202] [Netty Epoll Server IO #3/DEBUG] [net.minecraftforge.network.HandshakeHandler/FMLHANDSHAKE]: Received client indexed reply 15 of type net.minecraftforge.network.HandshakeMessages$C2SAcknowledge
[15May2026 02:31:12.202] [Netty Epoll Server IO #3/DEBUG] [net.minecraftforge.network.HandshakeHandler/FMLHANDSHAKE]: Received acknowledgement from client
[15May2026 02:31:12.217] [Server thread/DEBUG] [net.minecraftforge.network.HandshakeHandler/FMLHANDSHAKE]: Sending ticking packet info 'Registry minecraft:mob_effect' to 'fml:handshake' sequence 17
[15May2026 02:31:12.241] [Netty Epoll Server IO #3/DEBUG] [net.minecraftforge.network.LoginWrapper/FMLHANDSHAKE]: Recieved login wrapper packet event for channel fml:handshake with index 16
[15May2026 02:31:12.241] [Netty Epoll Server IO #3/DEBUG] [net.minecraftforge.network.HandshakeHandler/FMLHANDSHAKE]: Received client indexed reply 16 of type net.minecraftforge.network.HandshakeMessages$C2SAcknowledge
[15May2026 02:31:12.242] [Netty Epoll Server IO #3/DEBUG] [net.minecraftforge.network.HandshakeHandler/FMLHANDSHAKE]: Received acknowledgement from client
[15May2026 02:31:12.267] [Server thread/DEBUG] [net.minecraftforge.network.HandshakeHandler/FMLHANDSHAKE]: Sending ticking packet info 'Registry minecraft:stat_type' to 'fml:handshake' sequence 18
[15May2026 02:31:12.287] [Netty Epoll Server IO #3/DEBUG] [net.minecraftforge.network.LoginWrapper/FMLHANDSHAKE]: Recieved login wrapper packet event for channel fml:handshake with index 17
[15May2026 02:31:12.287] [Netty Epoll Server IO #3/DEBUG] [net.minecraftforge.network.HandshakeHandler/FMLHANDSHAKE]: Received client indexed reply 17 of type net.minecraftforge.network.HandshakeMessages$C2SAcknowledge
[15May2026 02:31:12.288] [Netty Epoll Server IO #3/DEBUG] [net.minecraftforge.network.HandshakeHandler/FMLHANDSHAKE]: Received acknowledgement from client
[15May2026 02:31:12.319] [Server thread/DEBUG] [net.minecraftforge.network.HandshakeHandler/FMLHANDSHAKE]: Sending ticking packet info 'Registry tombstone:perks' to 'fml:handshake' sequence 19
[15May2026 02:31:12.338] [Netty Epoll Server IO #3/DEBUG] [net.minecraftforge.network.LoginWrapper/FMLHANDSHAKE]: Recieved login wrapper packet event for channel fml:handshake with index 18
[15May2026 02:31:12.338] [Netty Epoll Server IO #3/DEBUG] [net.minecraftforge.network.HandshakeHandler/FMLHANDSHAKE]: Received client indexed reply 18 of type net.minecraftforge.network.HandshakeMessages$C2SAcknowledge
[15May2026 02:31:12.338] [Netty Epoll Server IO #3/DEBUG] [net.minecraftforge.network.HandshakeHandler/FMLHANDSHAKE]: Received acknowledgement from client
[15May2026 02:31:12.367] [Server thread/DEBUG] [net.minecraftforge.network.HandshakeHandler/FMLHANDSHAKE]: Sending ticking packet info 'Registry minecraft:menu' to 'fml:handshake' sequence 20
[15May2026 02:31:12.389] [Netty Epoll Server IO #3/DEBUG] [net.minecraftforge.network.LoginWrapper/FMLHANDSHAKE]: Recieved login wrapper packet event for channel fml:handshake with index 19
[15May2026 02:31:12.391] [Netty Epoll Server IO #3/DEBUG] [net.minecraftforge.network.HandshakeHandler/FMLHANDSHAKE]: Received client indexed reply 19 of type net.minecraftforge.network.HandshakeMessages$C2SAcknowledge
[15May2026 02:31:12.391] [Netty Epoll Server IO #3/DEBUG] [net.minecraftforge.network.HandshakeHandler/FMLHANDSHAKE]: Received acknowledgement from client
[15May2026 02:31:12.414] [Server thread/DEBUG] [net.minecraftforge.network.HandshakeHandler/FMLHANDSHAKE]: Sending ticking packet info 'Registry minecraft:enchantment' to 'fml:handshake' sequence 21
[15May2026 02:31:12.438] [Netty Epoll Server IO #3/DEBUG] [net.minecraftforge.network.LoginWrapper/FMLHANDSHAKE]: Recieved login wrapper packet event for channel fml:handshake with index 20
[15May2026 02:31:12.440] [Netty Epoll Server IO #3/DEBUG] [net.minecraftforge.network.HandshakeHandler/FMLHANDSHAKE]: Received client indexed reply 20 of type net.minecraftforge.network.HandshakeMessages$C2SAcknowledge
[15May2026 02:31:12.441] [Netty Epoll Server IO #3/DEBUG] [net.minecraftforge.network.HandshakeHandler/FMLHANDSHAKE]: Received acknowledgement from client
[15May2026 02:31:12.467] [Server thread/DEBUG] [net.minecraftforge.network.HandshakeHandler/FMLHANDSHAKE]: Sending ticking packet info 'Registry minecraft:fluid' to 'fml:handshake' sequence 22
[15May2026 02:31:12.483] [Netty Epoll Server IO #3/DEBUG] [net.minecraftforge.network.LoginWrapper/FMLHANDSHAKE]: Recieved login wrapper packet event for channel fml:handshake with index 21
[15May2026 02:31:12.483] [Netty Epoll Server IO #3/DEBUG] [net.minecraftforge.network.HandshakeHandler/FMLHANDSHAKE]: Received client indexed reply 21 of type net.minecraftforge.network.HandshakeMessages$C2SAcknowledge
[15May2026 02:31:12.483] [Netty Epoll Server IO #3/DEBUG] [net.minecraftforge.network.HandshakeHandler/FMLHANDSHAKE]: Received acknowledgement from client
[15May2026 02:31:12.519] [Server thread/DEBUG] [net.minecraftforge.network.HandshakeHandler/FMLHANDSHAKE]: Sending ticking packet info 'Registry minecraft:entity_type' to 'fml:handshake' sequence 23
[15May2026 02:31:12.539] [Netty Epoll Server IO #3/DEBUG] [net.minecraftforge.network.LoginWrapper/FMLHANDSHAKE]: Recieved login wrapper packet event for channel fml:handshake with index 22
[15May2026 02:31:12.539] [Netty Epoll Server IO #3/DEBUG] [net.minecraftforge.network.HandshakeHandler/FMLHANDSHAKE]: Received client indexed reply 22 of type net.minecraftforge.network.HandshakeMessages$C2SAcknowledge
[15May2026 02:31:12.539] [Netty Epoll Server IO #3/DEBUG] [net.minecraftforge.network.HandshakeHandler/FMLHANDSHAKE]: Received acknowledgement from client
[15May2026 02:31:12.569] [Server thread/DEBUG] [net.minecraftforge.network.HandshakeHandler/FMLHANDSHAKE]: Sending ticking packet info 'Config securitycraft-server.toml' to 'fml:handshake' sequence 24
[15May2026 02:31:12.613] [Server thread/DEBUG] [net.minecraftforge.network.HandshakeHandler/FMLHANDSHAKE]: Sending ticking packet info 'Config curios-server.toml' to 'fml:handshake' sequence 25
[15May2026 02:31:12.662] [Server thread/DEBUG] [net.minecraftforge.network.HandshakeHandler/FMLHANDSHAKE]: Sending ticking packet info 'Config illagerinvasion-server.toml' to 'fml:handshake' sequence 26
[15May2026 02:31:12.717] [Server thread/DEBUG] [net.minecraftforge.network.HandshakeHandler/FMLHANDSHAKE]: Sending ticking packet info 'Config paraglider-server.toml' to 'fml:handshake' sequence 27
[15May2026 02:31:12.773] [Server thread/DEBUG] [net.minecraftforge.network.HandshakeHandler/FMLHANDSHAKE]: Sending ticking packet info 'Config tombstone-server.toml' to 'fml:handshake' sequence 28
[15May2026 02:31:12.823] [Server thread/DEBUG] [net.minecraftforge.network.HandshakeHandler/FMLHANDSHAKE]: Sending ticking packet info 'Config sophisticatedbackpacks-server.toml' to 'fml:handshake' sequence 29
[15May2026 02:31:12.871] [Server thread/DEBUG] [net.minecraftforge.network.HandshakeHandler/FMLHANDSHAKE]: Sending ticking packet info 'Config jei-server.toml' to 'fml:handshake' sequence 30
[15May2026 02:31:12.917] [Server thread/DEBUG] [net.minecraftforge.network.HandshakeHandler/FMLHANDSHAKE]: Sending ticking packet info 'Config tacz-server.toml' to 'fml:handshake' sequence 31
[15May2026 02:31:12.964] [Server thread/DEBUG] [net.minecraftforge.network.HandshakeHandler/FMLHANDSHAKE]: Sending ticking packet info 'Config forge-server.toml' to 'fml:handshake' sequence 32
[15May2026 02:31:14.192] [Netty Epoll Server IO #3/DEBUG] [net.minecraftforge.network.LoginWrapper/FMLHANDSHAKE]: Recieved login wrapper packet event for channel fml:handshake with index 23
[15May2026 02:31:14.192] [Netty Epoll Server IO #3/DEBUG] [net.minecraftforge.network.HandshakeHandler/FMLHANDSHAKE]: Received client indexed reply 23 of type net.minecraftforge.network.HandshakeMessages$C2SAcknowledge
[15May2026 02:31:14.192] [Netty Epoll Server IO #3/DEBUG] [net.minecraftforge.network.HandshakeHandler/FMLHANDSHAKE]: Received acknowledgement from client
[15May2026 02:31:14.197] [Netty Epoll Server IO #3/DEBUG] [net.minecraftforge.network.LoginWrapper/FMLHANDSHAKE]: Recieved login wrapper packet event for channel fml:handshake with index 24
[15May2026 02:31:14.197] [Netty Epoll Server IO #3/DEBUG] [net.minecraftforge.network.HandshakeHandler/FMLHANDSHAKE]: Received client indexed reply 24 of type net.minecraftforge.network.HandshakeMessages$C2SAcknowledge
[15May2026 02:31:14.197] [Netty Epoll Server IO #3/DEBUG] [net.minecraftforge.network.HandshakeHandler/FMLHANDSHAKE]: Received acknowledgement from client
[15May2026 02:31:14.198] [Netty Epoll Server IO #3/DEBUG] [net.minecraftforge.network.LoginWrapper/FMLHANDSHAKE]: Recieved login wrapper packet event for channel fml:handshake with index 25
[15May2026 02:31:14.198] [Netty Epoll Server IO #3/DEBUG] [net.minecraftforge.network.HandshakeHandler/FMLHANDSHAKE]: Received client indexed reply 25 of type net.minecraftforge.network.HandshakeMessages$C2SAcknowledge
[15May2026 02:31:14.199] [Netty Epoll Server IO #3/DEBUG] [net.minecraftforge.network.HandshakeHandler/FMLHANDSHAKE]: Received acknowledgement from client
[15May2026 02:31:14.202] [Netty Epoll Server IO #3/DEBUG] [net.minecraftforge.network.LoginWrapper/FMLHANDSHAKE]: Recieved login wrapper packet event for channel fml:handshake with index 26
[15May2026 02:31:14.202] [Netty Epoll Server IO #3/DEBUG] [net.minecraftforge.network.HandshakeHandler/FMLHANDSHAKE]: Received client indexed reply 26 of type net.minecraftforge.network.HandshakeMessages$C2SAcknowledge
[15May2026 02:31:14.203] [Netty Epoll Server IO #3/DEBUG] [net.minecraftforge.network.HandshakeHandler/FMLHANDSHAKE]: Received acknowledgement from client
[15May2026 02:31:14.203] [Netty Epoll Server IO #3/DEBUG] [net.minecraftforge.network.LoginWrapper/FMLHANDSHAKE]: Recieved login wrapper packet event for channel fml:handshake with index 27
[15May2026 02:31:14.204] [Netty Epoll Server IO #3/DEBUG] [net.minecraftforge.network.HandshakeHandler/FMLHANDSHAKE]: Received client indexed reply 27 of type net.minecraftforge.network.HandshakeMessages$C2SAcknowledge
[15May2026 02:31:14.204] [Netty Epoll Server IO #3/DEBUG] [net.minecraftforge.network.HandshakeHandler/FMLHANDSHAKE]: Received acknowledgement from client
[15May2026 02:31:14.206] [Netty Epoll Server IO #3/DEBUG] [net.minecraftforge.network.LoginWrapper/FMLHANDSHAKE]: Recieved login wrapper packet event for channel fml:handshake with index 28
[15May2026 02:31:14.206] [Netty Epoll Server IO #3/DEBUG] [net.minecraftforge.network.HandshakeHandler/FMLHANDSHAKE]: Received client indexed reply 28 of type net.minecraftforge.network.HandshakeMessages$C2SAcknowledge
[15May2026 02:31:14.206] [Netty Epoll Server IO #3/DEBUG] [net.minecraftforge.network.HandshakeHandler/FMLHANDSHAKE]: Received acknowledgement from client
[15May2026 02:31:14.211] [Netty Epoll Server IO #3/DEBUG] [net.minecraftforge.network.LoginWrapper/FMLHANDSHAKE]: Recieved login wrapper packet event for channel fml:handshake with index 29
[15May2026 02:31:14.211] [Netty Epoll Server IO #3/DEBUG] [net.minecraftforge.network.HandshakeHandler/FMLHANDSHAKE]: Received client indexed reply 29 of type net.minecraftforge.network.HandshakeMessages$C2SAcknowledge
[15May2026 02:31:14.211] [Netty Epoll Server IO #3/DEBUG] [net.minecraftforge.network.HandshakeHandler/FMLHANDSHAKE]: Received acknowledgement from client
[15May2026 02:31:14.211] [Netty Epoll Server IO #3/DEBUG] [net.minecraftforge.network.LoginWrapper/FMLHANDSHAKE]: Recieved login wrapper packet event for channel fml:handshake with index 30
[15May2026 02:31:14.211] [Netty Epoll Server IO #3/DEBUG] [net.minecraftforge.network.HandshakeHandler/FMLHANDSHAKE]: Received client indexed reply 30 of type net.minecraftforge.network.HandshakeMessages$C2SAcknowledge
[15May2026 02:31:14.212] [Netty Epoll Server IO #3/DEBUG] [net.minecraftforge.network.HandshakeHandler/FMLHANDSHAKE]: Received acknowledgement from client
[15May2026 02:31:14.212] [Netty Epoll Server IO #3/DEBUG] [net.minecraftforge.network.LoginWrapper/FMLHANDSHAKE]: Recieved login wrapper packet event for channel fml:handshake with index 31
[15May2026 02:31:14.212] [Netty Epoll Server IO #3/DEBUG] [net.minecraftforge.network.HandshakeHandler/FMLHANDSHAKE]: Received client indexed reply 31 of type net.minecraftforge.network.HandshakeMessages$C2SAcknowledge
[15May2026 02:31:14.212] [Netty Epoll Server IO #3/DEBUG] [net.minecraftforge.network.HandshakeHandler/FMLHANDSHAKE]: Received acknowledgement from client
[15May2026 02:31:14.213] [Netty Epoll Server IO #3/DEBUG] [net.minecraftforge.network.LoginWrapper/FMLHANDSHAKE]: Recieved login wrapper packet event for channel fml:handshake with index 32
[15May2026 02:31:14.213] [Netty Epoll Server IO #3/DEBUG] [net.minecraftforge.network.HandshakeHandler/FMLHANDSHAKE]: Received client indexed reply 32 of type net.minecraftforge.network.HandshakeMessages$C2SAcknowledge
[15May2026 02:31:14.213] [Netty Epoll Server IO #3/DEBUG] [net.minecraftforge.network.HandshakeHandler/FMLHANDSHAKE]: Received acknowledgement from client
[15May2026 02:31:14.214] [Server thread/DEBUG] [net.minecraftforge.network.HandshakeHandler/FMLHANDSHAKE]: Handshake complete!
[15May2026 02:31:14.291] [Server thread/INFO] [net.minecraft.server.players.PlayerList/]: elpepe[/100.82.216.72:56911] logged in with entity id 824 at (1040.1409908195133, 74.7531999805212, 964.7877091735218)
[15May2026 02:31:14.291] [Server thread/DEBUG] [net.minecraftforge.network.filters.NetworkFilters/]: Injected net.minecraftforge.network.filters.ForgeConnectionNetworkFilter@3d2930d8 into net.minecraft.network.Connection@69892976
[15May2026 02:31:14.292] [Server thread/DEBUG] [Paraglider/]: Start adding village structures
[15May2026 02:31:14.292] [Server thread/DEBUG] [Paraglider/]: Added 2 elements to template pool 'minecraft:village/desert/houses'
[15May2026 02:31:14.293] [Server thread/DEBUG] [Paraglider/]: Added 2 elements to template pool 'minecraft:village/plains/houses'
[15May2026 02:31:14.293] [Server thread/DEBUG] [Paraglider/]: Added 2 elements to template pool 'minecraft:village/savanna/houses'
[15May2026 02:31:14.293] [Server thread/DEBUG] [Paraglider/]: Added 1 elements to template pool 'minecraft:village/snowy/houses'
[15May2026 02:31:14.293] [Server thread/DEBUG] [Paraglider/]: Added 2 elements to template pool 'minecraft:village/taiga/houses'
[15May2026 02:31:14.293] [Server thread/DEBUG] [Paraglider/]: Finished adding village structures
[15May2026 02:31:14.300] [Server thread/INFO] [net.minecraft.server.MinecraftServer/]: elpepe joined the game
[15May2026 02:31:14.348] [Server thread/DEBUG] [blockpops/]: Loaded favorite color from online player JAGlitsh: original
[15May2026 02:31:14.348] [Server thread/DEBUG] [blockpops/]: Added player figure from .dat file: JAGlitsh (05b85bd4-b910-37c5-9442-5a63ff8d8151)
[15May2026 02:31:14.348] [Server thread/DEBUG] [blockpops/]: Loaded favorite color from online player elpepe: original
[15May2026 02:31:14.348] [Server thread/DEBUG] [blockpops/]: Added player figure from .dat file: elpepe (e45194f2-e467-3ac1-b172-9c37d9c2a312)
[15May2026 02:31:14.349] [Server thread/DEBUG] [blockpops/]: Loaded favorite color from disk for offline player Kingg9: original
[15May2026 02:31:14.349] [Server thread/DEBUG] [blockpops/]: Added player figure from .dat file: Kingg9 (3286e210-aae5-3f20-b572-1025f8e799b4)
[15May2026 02:31:14.350] [Server thread/DEBUG] [blockpops/]: Loaded favorite color from disk for offline player Misterchuwa: original
[15May2026 02:31:14.351] [Server thread/DEBUG] [blockpops/]: Added player figure from .dat file: Misterchuwa (89d9c300-0d03-391a-be16-f030cbad847a)
[15May2026 02:31:14.351] [Server thread/DEBUG] [blockpops/]: Updated World Players collection after player join: elpepe
[15May2026 02:31:14.367] [Server thread/DEBUG] [Galena Hats/]: Notifying e45194f2-e467-3ac1-b172-9c37d9c2a312 about configs of already joined players
[15May2026 02:31:14.368] [Server thread/INFO] [Jade/]: Syncing config to elpepe (e45194f2-e467-3ac1-b172-9c37d9c2a312)
[15May2026 02:31:14.430] [Server thread/DEBUG] [Radiant Gear/]: Built new CuriosLightSourceContainer for player ServerPlayer['elpepe'/824, l='ServerLevel[world]', x=1040.14, y=74.75, z=964.79]
[15May2026 02:31:14.537] [Server thread/DEBUG] [Galena Hats/]: Received HatConfigMessage from e45194f2-e467-3ac1-b172-9c37d9c2a312
[15May2026 02:31:14.537] [Server thread/DEBUG] [Galena Hats/]: Skipping server validation for disabled config from e45194f2-e467-3ac1-b172-9c37d9c2a312
[15May2026 02:31:14.537] [Server thread/DEBUG] [Galena Hats/]: Received remote config for player e45194f2-e467-3ac1-b172-9c37d9c2a312
[15May2026 02:31:14.537] [Server thread/DEBUG] [Galena Hats/]: Distributing config of e45194f2-e467-3ac1-b172-9c37d9c2a312
[15May2026 02:31:14.640] [Server thread/DEBUG] [tacz/SYNC_BASE_TIMESTAMP]: Update server base timestamp: 1778812274632
[15May2026 02:31:14.717] [Server thread/DEBUG] [blockpops/]: Granted regular token to elpepe. Total: 1/3
[15May2026 02:31:21.985] [Server thread/DEBUG] [blockpops/]: Loaded favorite color from online player JAGlitsh: original
[15May2026 02:31:21.985] [Server thread/DEBUG] [blockpops/]: Added player figure from .dat file: JAGlitsh (05b85bd4-b910-37c5-9442-5a63ff8d8151)
[15May2026 02:31:21.985] [Server thread/DEBUG] [blockpops/]: Loaded favorite color from online player elpepe: original
[15May2026 02:31:21.985] [Server thread/DEBUG] [blockpops/]: Added player figure from .dat file: elpepe (e45194f2-e467-3ac1-b172-9c37d9c2a312)
[15May2026 02:31:21.986] [Server thread/DEBUG] [blockpops/]: Loaded favorite color from disk for offline player Kingg9: original
[15May2026 02:31:21.986] [Server thread/DEBUG] [blockpops/]: Added player figure from .dat file: Kingg9 (3286e210-aae5-3f20-b572-1025f8e799b4)
[15May2026 02:31:21.988] [Server thread/DEBUG] [blockpops/]: Loaded favorite color from disk for offline player Misterchuwa: original
[15May2026 02:31:21.988] [Server thread/DEBUG] [blockpops/]: Added player figure from .dat file: Misterchuwa (89d9c300-0d03-391a-be16-f030cbad847a)
[15May2026 02:31:43.160] [Server thread/DEBUG] [atomicstryker.dynamiclights.server.DynamicLights/]: Calling addLightSource on entity ServerPlayer['JAGlitsh'/728, l='ServerLevel[world]', x=1021.06, y=76.00, z=940.07], dimensionLocationPath overworld
[15May2026 02:31:43.207] [Server thread/DEBUG] [atomicstryker.dynamiclights.server.DynamicLights/]: Removing Dynamic Light attached to ServerPlayer['JAGlitsh'/728, l='ServerLevel[world]', x=1021.08, y=76.00, z=940.09]
[15May2026 02:34:17.557] [Server thread/DEBUG] [atomicstryker.dynamiclights.server.DynamicLights/]: Calling addLightSource on entity ServerPlayer['JAGlitsh'/728, l='ServerLevel[world]', x=1025.02, y=76.00, z=934.27], dimensionLocationPath overworld
[15May2026 02:34:17.557] [Server thread/DEBUG] [atomicstryker.dynamiclights.server.DynamicLights/]: Successfully registered DynamicLight on Entity: ServerPlayer['JAGlitsh'/728, l='ServerLevel[world]', x=1025.02, y=76.00, z=934.27] in list []
[15May2026 02:34:17.609] [Server thread/DEBUG] [atomicstryker.dynamiclights.server.DynamicLights/]: Removing Dynamic Light attached to ServerPlayer['JAGlitsh'/728, l='ServerLevel[world]', x=1025.02, y=76.00, z=934.27]
[15May2026 02:34:20.755] [Server thread/DEBUG] [atomicstryker.dynamiclights.server.DynamicLights/]: Calling addLightSource on entity ServerPlayer['JAGlitsh'/728, l='ServerLevel[world]', x=1025.02, y=76.00, z=934.27], dimensionLocationPath overworld
[15May2026 02:34:20.756] [Server thread/DEBUG] [atomicstryker.dynamiclights.server.DynamicLights/]: Successfully registered DynamicLight on Entity: ServerPlayer['JAGlitsh'/728, l='ServerLevel[world]', x=1025.02, y=76.00, z=934.27] in list []
[15May2026 02:34:20.804] [Server thread/DEBUG] [atomicstryker.dynamiclights.server.DynamicLights/]: Removing Dynamic Light attached to ServerPlayer['JAGlitsh'/728, l='ServerLevel[world]', x=1025.02, y=76.00, z=934.27]
[15May2026 02:36:02.742] [Server thread/DEBUG] [net.minecraftforge.common.ForgeHooks/WP]: Gathering id map for writing to world save world
[15May2026 02:36:02.756] [Server thread/DEBUG] [net.minecraftforge.common.ForgeHooks/WP]: ID Map collection complete world
[15May2026 02:37:39.359] [Server thread/DEBUG] [atomicstryker.dynamiclights.server.DynamicLights/]: Calling addLightSource on entity ServerPlayer['JAGlitsh'/728, l='ServerLevel[world]', x=1002.18, y=75.00, z=896.10], dimensionLocationPath overworld
[15May2026 02:37:39.359] [Server thread/DEBUG] [atomicstryker.dynamiclights.server.DynamicLights/]: Successfully registered DynamicLight on Entity: ServerPlayer['JAGlitsh'/728, l='ServerLevel[world]', x=1002.18, y=75.00, z=896.10] in list []
[15May2026 02:37:39.404] [Server thread/DEBUG] [atomicstryker.dynamiclights.server.DynamicLights/]: Removing Dynamic Light attached to ServerPlayer['JAGlitsh'/728, l='ServerLevel[world]', x=1002.20, y=75.00, z=896.16]
[15May2026 02:38:07.855] [Server thread/DEBUG] [atomicstryker.dynamiclights.server.DynamicLights/]: Calling addLightSource on entity ServerPlayer['JAGlitsh'/728, l='ServerLevel[world]', x=1014.76, y=74.00, z=909.89], dimensionLocationPath overworld
[15May2026 02:38:07.855] [Server thread/DEBUG] [atomicstryker.dynamiclights.server.DynamicLights/]: Successfully registered DynamicLight on Entity: ServerPlayer['JAGlitsh'/728, l='ServerLevel[world]', x=1014.76, y=74.00, z=909.89] in list []
[15May2026 02:38:07.906] [Server thread/DEBUG] [atomicstryker.dynamiclights.server.DynamicLights/]: Removing Dynamic Light attached to ServerPlayer['JAGlitsh'/728, l='ServerLevel[world]', x=1014.76, y=74.00, z=909.89]
[15May2026 02:39:53.411] [Server thread/DEBUG] [atomicstryker.dynamiclights.server.DynamicLights/]: Calling addLightSource on entity ServerPlayer['elpepe'/824, l='ServerLevel[world]', x=1003.23, y=76.50, z=863.43], dimensionLocationPath overworld
[15May2026 02:39:53.411] [Server thread/DEBUG] [atomicstryker.dynamiclights.server.DynamicLights/]: Successfully registered DynamicLight on Entity: ServerPlayer['elpepe'/824, l='ServerLevel[world]', x=1003.23, y=76.50, z=863.43] in list []
[15May2026 02:39:53.412] [Server thread/DEBUG] [atomicstryker.dynamiclights.server.DynamicLights/]: Removing Dynamic Light attached to ServerPlayer['elpepe'/824, l='ServerLevel[world]', x=1003.45, y=76.19, z=863.77]
[15May2026 02:39:53.460] [Server thread/DEBUG] [atomicstryker.dynamiclights.server.DynamicLights/]: Calling addLightSource on entity ServerPlayer['elpepe'/824, l='ServerLevel[world]', x=1003.12, y=76.12, z=863.40], dimensionLocationPath overworld
[15May2026 02:39:53.460] [Server thread/DEBUG] [atomicstryker.dynamiclights.server.DynamicLights/]: Successfully registered DynamicLight on Entity: ServerPlayer['elpepe'/824, l='ServerLevel[world]', x=1003.12, y=76.12, z=863.40] in list []
[15May2026 02:39:53.460] [Server thread/DEBUG] [atomicstryker.dynamiclights.server.DynamicLights/]: Removing Dynamic Light attached to ServerPlayer['elpepe'/824, l='ServerLevel[world]', x=1003.32, y=76.00, z=863.70]
[15May2026 02:39:53.509] [Server thread/DEBUG] [atomicstryker.dynamiclights.server.DynamicLights/]: Calling addLightSource on entity ServerPlayer['elpepe'/824, l='ServerLevel[world]', x=1003.02, y=76.00, z=863.36], dimensionLocationPath overworld
[15May2026 02:39:53.509] [Server thread/DEBUG] [atomicstryker.dynamiclights.server.DynamicLights/]: Successfully registered DynamicLight on Entity: ServerPlayer['elpepe'/824, l='ServerLevel[world]', x=1003.02, y=76.00, z=863.36] in list []
[15May2026 02:39:53.509] [Server thread/DEBUG] [atomicstryker.dynamiclights.server.DynamicLights/]: Removing Dynamic Light attached to ServerPlayer['elpepe'/824, l='ServerLevel[world]', x=1003.20, y=76.00, z=863.64]
[15May2026 02:39:53.569] [Server thread/DEBUG] [atomicstryker.dynamiclights.server.DynamicLights/]: Calling addLightSource on entity ServerPlayer['elpepe'/824, l='ServerLevel[world]', x=1002.93, y=76.00, z=863.33], dimensionLocationPath overworld
[15May2026 02:39:53.569] [Server thread/DEBUG] [atomicstryker.dynamiclights.server.DynamicLights/]: Successfully registered DynamicLight on Entity: ServerPlayer['elpepe'/824, l='ServerLevel[world]', x=1002.93, y=76.00, z=863.33] in list []
[15May2026 02:39:53.570] [Server thread/DEBUG] [atomicstryker.dynamiclights.server.DynamicLights/]: Removing Dynamic Light attached to ServerPlayer['elpepe'/824, l='ServerLevel[world]', x=1002.99, y=76.00, z=863.42]
[15May2026 02:39:53.609] [Server thread/DEBUG] [atomicstryker.dynamiclights.server.DynamicLights/]: Calling addLightSource on entity ServerPlayer['elpepe'/824, l='ServerLevel[world]', x=1003.13, y=76.00, z=863.64], dimensionLocationPath overworld
[15May2026 02:39:53.609] [Server thread/DEBUG] [atomicstryker.dynamiclights.server.DynamicLights/]: Successfully registered DynamicLight on Entity: ServerPlayer['elpepe'/824, l='ServerLevel[world]', x=1003.13, y=76.00, z=863.64] in list []
[15May2026 02:39:53.610] [Server thread/DEBUG] [atomicstryker.dynamiclights.server.DynamicLights/]: Removing Dynamic Light attached to ServerPlayer['elpepe'/824, l='ServerLevel[world]', x=1003.16, y=76.00, z=863.69]
[15May2026 02:39:53.660] [Server thread/DEBUG] [atomicstryker.dynamiclights.server.DynamicLights/]: Calling addLightSource on entity ServerPlayer['elpepe'/824, l='ServerLevel[world]', x=1003.24, y=76.00, z=863.80], dimensionLocationPath overworld
[15May2026 02:39:53.661] [Server thread/DEBUG] [atomicstryker.dynamiclights.server.DynamicLights/]: Successfully registered DynamicLight on Entity: ServerPlayer['elpepe'/824, l='ServerLevel[world]', x=1003.24, y=76.00, z=863.80] in list []
[15May2026 02:39:53.661] [Server thread/DEBUG] [atomicstryker.dynamiclights.server.DynamicLights/]: Removing Dynamic Light attached to ServerPlayer['elpepe'/824, l='ServerLevel[world]', x=1003.26, y=76.00, z=863.83]
[15May2026 02:39:53.708] [Server thread/DEBUG] [atomicstryker.dynamiclights.server.DynamicLights/]: Calling addLightSource on entity ServerPlayer['elpepe'/824, l='ServerLevel[world]', x=1003.30, y=76.00, z=863.90], dimensionLocationPath overworld
[15May2026 02:39:53.709] [Server thread/DEBUG] [atomicstryker.dynamiclights.server.DynamicLights/]: Successfully registered DynamicLight on Entity: ServerPlayer['elpepe'/824, l='ServerLevel[world]', x=1003.30, y=76.00, z=863.90] in list []
[15May2026 02:39:53.709] [Server thread/DEBUG] [atomicstryker.dynamiclights.server.DynamicLights/]: Removing Dynamic Light attached to ServerPlayer['elpepe'/824, l='ServerLevel[world]', x=1003.31, y=76.00, z=863.91]
[15May2026 02:39:53.758] [Server thread/DEBUG] [atomicstryker.dynamiclights.server.DynamicLights/]: Calling addLightSource on entity ServerPlayer['elpepe'/824, l='ServerLevel[world]', x=1003.33, y=76.00, z=863.94], dimensionLocationPath overworld
[15May2026 02:39:53.758] [Server thread/DEBUG] [atomicstryker.dynamiclights.server.DynamicLights/]: Successfully registered DynamicLight on Entity: ServerPlayer['elpepe'/824, l='ServerLevel[world]', x=1003.33, y=76.00, z=863.94] in list []
[15May2026 02:39:53.759] [Server thread/DEBUG] [atomicstryker.dynamiclights.server.DynamicLights/]: Removing Dynamic Light attached to ServerPlayer['elpepe'/824, l='ServerLevel[world]', x=1003.34, y=76.00, z=863.95]
[15May2026 02:39:53.809] [Server thread/DEBUG] [atomicstryker.dynamiclights.server.DynamicLights/]: Calling addLightSource on entity ServerPlayer['elpepe'/824, l='ServerLevel[world]', x=1003.35, y=76.00, z=863.97], dimensionLocationPath overworld
[15May2026 02:39:53.809] [Server thread/DEBUG] [atomicstryker.dynamiclights.server.DynamicLights/]: Successfully registered DynamicLight on Entity: ServerPlayer['elpepe'/824, l='ServerLevel[world]', x=1003.35, y=76.00, z=863.97] in list []
[15May2026 02:39:53.810] [Server thread/DEBUG] [atomicstryker.dynamiclights.server.DynamicLights/]: Removing Dynamic Light attached to ServerPlayer['elpepe'/824, l='ServerLevel[world]', x=1003.35, y=76.00, z=863.98]
[15May2026 02:39:53.860] [Server thread/DEBUG] [atomicstryker.dynamiclights.server.DynamicLights/]: Calling addLightSource on entity ServerPlayer['elpepe'/824, l='ServerLevel[world]', x=1003.36, y=76.00, z=863.99], dimensionLocationPath overworld
[15May2026 02:39:53.860] [Server thread/DEBUG] [atomicstryker.dynamiclights.server.DynamicLights/]: Successfully registered DynamicLight on Entity: ServerPlayer['elpepe'/824, l='ServerLevel[world]', x=1003.36, y=76.00, z=863.99] in list []
[15May2026 02:39:53.861] [Server thread/DEBUG] [atomicstryker.dynamiclights.server.DynamicLights/]: Removing Dynamic Light attached to ServerPlayer['elpepe'/824, l='ServerLevel[world]', x=1003.36, y=76.00, z=863.99]
[15May2026 02:39:53.907] [Server thread/DEBUG] [atomicstryker.dynamiclights.server.DynamicLights/]: Calling addLightSource on entity ServerPlayer['elpepe'/824, l='ServerLevel[world]', x=1003.43, y=76.00, z=864.06], dimensionLocationPath overworld
[15May2026 02:39:53.908] [Server thread/DEBUG] [atomicstryker.dynamiclights.server.DynamicLights/]: Successfully registered DynamicLight on Entity: ServerPlayer['elpepe'/824, l='ServerLevel[world]', x=1003.43, y=76.00, z=864.06] in list []
[15May2026 02:39:53.908] [Server thread/DEBUG] [atomicstryker.dynamiclights.server.DynamicLights/]: Removing Dynamic Light attached to ServerPlayer['elpepe'/824, l='ServerLevel[world]', x=1003.43, y=76.00, z=864.06]
[15May2026 02:39:53.962] [Server thread/DEBUG] [atomicstryker.dynamiclights.server.DynamicLights/]: Calling addLightSource on entity ServerPlayer['elpepe'/824, l='ServerLevel[world]', x=1003.53, y=76.42, z=864.18], dimensionLocationPath overworld
[15May2026 02:39:53.962] [Server thread/DEBUG] [atomicstryker.dynamiclights.server.DynamicLights/]: Successfully registered DynamicLight on Entity: ServerPlayer['elpepe'/824, l='ServerLevel[world]', x=1003.53, y=76.42, z=864.18] in list []
[15May2026 02:39:53.963] [Server thread/DEBUG] [atomicstryker.dynamiclights.server.DynamicLights/]: Removing Dynamic Light attached to ServerPlayer['elpepe'/824, l='ServerLevel[world]', x=1003.53, y=76.84, z=864.18]
[15May2026 02:39:54.008] [Server thread/DEBUG] [atomicstryker.dynamiclights.server.DynamicLights/]: Calling addLightSource on entity ServerPlayer['elpepe'/824, l='ServerLevel[world]', x=1003.60, y=76.75, z=864.26], dimensionLocationPath overworld
[15May2026 02:39:54.009] [Server thread/DEBUG] [atomicstryker.dynamiclights.server.DynamicLights/]: Successfully registered DynamicLight on Entity: ServerPlayer['elpepe'/824, l='ServerLevel[world]', x=1003.60, y=76.75, z=864.26] in list []
[15May2026 02:39:54.009] [Server thread/DEBUG] [atomicstryker.dynamiclights.server.DynamicLights/]: Removing Dynamic Light attached to ServerPlayer['elpepe'/824, l='ServerLevel[world]', x=1003.60, y=77.09, z=864.26]
[15May2026 02:39:54.058] [Server thread/DEBUG] [atomicstryker.dynamiclights.server.DynamicLights/]: Calling addLightSource on entity ServerPlayer['elpepe'/824, l='ServerLevel[world]', x=1003.67, y=77.00, z=864.35], dimensionLocationPath overworld
[15May2026 02:39:54.058] [Server thread/DEBUG] [atomicstryker.dynamiclights.server.DynamicLights/]: Successfully registered DynamicLight on Entity: ServerPlayer['elpepe'/824, l='ServerLevel[world]', x=1003.67, y=77.00, z=864.35] in list []
[15May2026 02:39:54.058] [Server thread/DEBUG] [atomicstryker.dynamiclights.server.DynamicLights/]: Removing Dynamic Light attached to ServerPlayer['elpepe'/824, l='ServerLevel[world]', x=1003.67, y=77.25, z=864.35]
[15May2026 02:39:54.113] [Server thread/DEBUG] [atomicstryker.dynamiclights.server.DynamicLights/]: Calling addLightSource on entity ServerPlayer['elpepe'/824, l='ServerLevel[world]', x=1003.75, y=77.17, z=864.45], dimensionLocationPath overworld
[15May2026 02:39:54.113] [Server thread/DEBUG] [atomicstryker.dynamiclights.server.DynamicLights/]: Successfully registered DynamicLight on Entity: ServerPlayer['elpepe'/824, l='ServerLevel[world]', x=1003.75, y=77.17, z=864.45] in list []
[15May2026 02:39:54.113] [Server thread/DEBUG] [atomicstryker.dynamiclights.server.DynamicLights/]: Removing Dynamic Light attached to ServerPlayer['elpepe'/824, l='ServerLevel[world]', x=1003.75, y=77.33, z=864.45]
[15May2026 02:39:54.162] [Server thread/DEBUG] [atomicstryker.dynamiclights.server.DynamicLights/]: Calling addLightSource on entity ServerPlayer['elpepe'/824, l='ServerLevel[world]', x=1003.84, y=77.25, z=864.55], dimensionLocationPath overworld
[15May2026 02:39:54.163] [Server thread/DEBUG] [atomicstryker.dynamiclights.server.DynamicLights/]: Successfully registered DynamicLight on Entity: ServerPlayer['elpepe'/824, l='ServerLevel[world]', x=1003.84, y=77.25, z=864.55] in list []
[15May2026 02:39:54.163] [Server thread/DEBUG] [atomicstryker.dynamiclights.server.DynamicLights/]: Removing Dynamic Light attached to ServerPlayer['elpepe'/824, l='ServerLevel[world]', x=1003.84, y=77.33, z=864.55]
[15May2026 02:39:54.212] [Server thread/DEBUG] [atomicstryker.dynamiclights.server.DynamicLights/]: Calling addLightSource on entity ServerPlayer['elpepe'/824, l='ServerLevel[world]', x=1003.92, y=77.25, z=864.66], dimensionLocationPath overworld
[15May2026 02:39:54.212] [Server thread/DEBUG] [atomicstryker.dynamiclights.server.DynamicLights/]: Successfully registered DynamicLight on Entity: ServerPlayer['elpepe'/824, l='ServerLevel[world]', x=1003.92, y=77.25, z=864.66] in list []
[15May2026 02:39:54.212] [Server thread/DEBUG] [atomicstryker.dynamiclights.server.DynamicLights/]: Removing Dynamic Light attached to ServerPlayer['elpepe'/824, l='ServerLevel[world]', x=1003.92, y=77.26, z=864.66]
[15May2026 02:39:54.260] [Server thread/DEBUG] [atomicstryker.dynamiclights.server.DynamicLights/]: Calling addLightSource on entity ServerPlayer['elpepe'/824, l='ServerLevel[world]', x=1004.01, y=77.18, z=864.78], dimensionLocationPath overworld
[15May2026 02:39:54.260] [Server thread/DEBUG] [atomicstryker.dynamiclights.server.DynamicLights/]: Successfully registered DynamicLight on Entity: ServerPlayer['elpepe'/824, l='ServerLevel[world]', x=1004.01, y=77.18, z=864.78] in list []
[15May2026 02:39:54.261] [Server thread/DEBUG] [atomicstryker.dynamiclights.server.DynamicLights/]: Removing Dynamic Light attached to ServerPlayer['elpepe'/824, l='ServerLevel[world]', x=1004.01, y=77.10, z=864.78]
[15May2026 02:39:54.309] [Server thread/DEBUG] [atomicstryker.dynamiclights.server.DynamicLights/]: Calling addLightSource on entity ServerPlayer['elpepe'/824, l='ServerLevel[world]', x=1004.10, y=77.02, z=864.88], dimensionLocationPath overworld
[15May2026 02:39:54.309] [Server thread/DEBUG] [atomicstryker.dynamiclights.server.DynamicLights/]: Successfully registered DynamicLight on Entity: ServerPlayer['elpepe'/824, l='ServerLevel[world]', x=1004.10, y=77.02, z=864.88] in list []
[15May2026 02:39:54.310] [Server thread/DEBUG] [atomicstryker.dynamiclights.server.DynamicLights/]: Removing Dynamic Light attached to ServerPlayer['elpepe'/824, l='ServerLevel[world]', x=1004.10, y=76.87, z=864.88]
[15May2026 02:39:54.358] [Server thread/DEBUG] [atomicstryker.dynamiclights.server.DynamicLights/]: Calling addLightSource on entity ServerPlayer['elpepe'/824, l='ServerLevel[world]', x=1004.17, y=76.80, z=864.98], dimensionLocationPath overworld
[15May2026 02:39:54.358] [Server thread/DEBUG] [atomicstryker.dynamiclights.server.DynamicLights/]: Successfully registered DynamicLight on Entity: ServerPlayer['elpepe'/824, l='ServerLevel[world]', x=1004.17, y=76.80, z=864.98] in list []
[15May2026 02:39:54.359] [Server thread/DEBUG] [atomicstryker.dynamiclights.server.DynamicLights/]: Removing Dynamic Light attached to ServerPlayer['elpepe'/824, l='ServerLevel[world]', x=1004.17, y=76.57, z=864.98]
[15May2026 02:39:54.409] [Server thread/DEBUG] [atomicstryker.dynamiclights.server.DynamicLights/]: Calling addLightSource on entity ServerPlayer['elpepe'/824, l='ServerLevel[world]', x=1004.24, y=76.50, z=865.07], dimensionLocationPath overworld
[15May2026 02:39:54.410] [Server thread/DEBUG] [atomicstryker.dynamiclights.server.DynamicLights/]: Successfully registered DynamicLight on Entity: ServerPlayer['elpepe'/824, l='ServerLevel[world]', x=1004.24, y=76.50, z=865.07] in list []
[15May2026 02:39:54.410] [Server thread/DEBUG] [atomicstryker.dynamiclights.server.DynamicLights/]: Removing Dynamic Light attached to ServerPlayer['elpepe'/824, l='ServerLevel[world]', x=1004.24, y=76.19, z=865.07]
[15May2026 02:39:54.457] [Server thread/DEBUG] [atomicstryker.dynamiclights.server.DynamicLights/]: Calling addLightSource on entity ServerPlayer['elpepe'/824, l='ServerLevel[world]', x=1004.30, y=76.12, z=865.15], dimensionLocationPath overworld
[15May2026 02:39:54.457] [Server thread/DEBUG] [atomicstryker.dynamiclights.server.DynamicLights/]: Successfully registered DynamicLight on Entity: ServerPlayer['elpepe'/824, l='ServerLevel[world]', x=1004.30, y=76.12, z=865.15] in list []
[15May2026 02:39:54.458] [Server thread/DEBUG] [atomicstryker.dynamiclights.server.DynamicLights/]: Removing Dynamic Light attached to ServerPlayer['elpepe'/824, l='ServerLevel[world]', x=1004.30, y=76.00, z=865.15]
[15May2026 02:39:54.506] [Server thread/DEBUG] [atomicstryker.dynamiclights.server.DynamicLights/]: Calling addLightSource on entity ServerPlayer['elpepe'/824, l='ServerLevel[world]', x=1004.36, y=76.00, z=865.22], dimensionLocationPath overworld
[15May2026 02:39:54.506] [Server thread/DEBUG] [atomicstryker.dynamiclights.server.DynamicLights/]: Successfully registered DynamicLight on Entity: ServerPlayer['elpepe'/824, l='ServerLevel[world]', x=1004.36, y=76.00, z=865.22] in list []
[15May2026 02:39:54.507] [Server thread/DEBUG] [atomicstryker.dynamiclights.server.DynamicLights/]: Removing Dynamic Light attached to ServerPlayer['elpepe'/824, l='ServerLevel[world]', x=1004.36, y=76.00, z=865.22]
[15May2026 02:39:54.557] [Server thread/DEBUG] [atomicstryker.dynamiclights.server.DynamicLights/]: Calling addLightSource on entity ServerPlayer['elpepe'/824, l='ServerLevel[world]', x=1004.41, y=76.00, z=865.29], dimensionLocationPath overworld
[15May2026 02:39:54.557] [Server thread/DEBUG] [atomicstryker.dynamiclights.server.DynamicLights/]: Successfully registered DynamicLight on Entity: ServerPlayer['elpepe'/824, l='ServerLevel[world]', x=1004.41, y=76.00, z=865.29] in list []
[15May2026 02:39:54.558] [Server thread/DEBUG] [atomicstryker.dynamiclights.server.DynamicLights/]: Removing Dynamic Light attached to ServerPlayer['elpepe'/824, l='ServerLevel[world]', x=1004.41, y=76.00, z=865.29]
[15May2026 02:39:54.607] [Server thread/DEBUG] [atomicstryker.dynamiclights.server.DynamicLights/]: Calling addLightSource on entity ServerPlayer['elpepe'/824, l='ServerLevel[world]', x=1004.41, y=76.00, z=865.29], dimensionLocationPath overworld
[15May2026 02:39:54.607] [Server thread/DEBUG] [atomicstryker.dynamiclights.server.DynamicLights/]: Successfully registered DynamicLight on Entity: ServerPlayer['elpepe'/824, l='ServerLevel[world]', x=1004.41, y=76.00, z=865.29] in list []
[15May2026 02:39:54.608] [Server thread/DEBUG] [atomicstryker.dynamiclights.server.DynamicLights/]: Removing Dynamic Light attached to ServerPlayer['elpepe'/824, l='ServerLevel[world]', x=1004.41, y=76.00, z=865.29]
[15May2026 02:39:54.659] [Server thread/DEBUG] [atomicstryker.dynamiclights.server.DynamicLights/]: Calling addLightSource on entity ServerPlayer['elpepe'/824, l='ServerLevel[world]', x=1004.38, y=76.42, z=865.19], dimensionLocationPath overworld
[15May2026 02:39:54.659] [Server thread/DEBUG] [atomicstryker.dynamiclights.server.DynamicLights/]: Successfully registered DynamicLight on Entity: ServerPlayer['elpepe'/824, l='ServerLevel[world]', x=1004.38, y=76.42, z=865.19] in list []
[15May2026 02:39:54.660] [Server thread/DEBUG] [atomicstryker.dynamiclights.server.DynamicLights/]: Removing Dynamic Light attached to ServerPlayer['elpepe'/824, l='ServerLevel[world]', x=1004.38, y=76.84, z=865.19]
[15May2026 02:39:54.705] [Server thread/DEBUG] [atomicstryker.dynamiclights.server.DynamicLights/]: Calling addLightSource on entity ServerPlayer['elpepe'/824, l='ServerLevel[world]', x=1004.36, y=76.75, z=865.12], dimensionLocationPath overworld
[15May2026 02:39:54.705] [Server thread/DEBUG] [atomicstryker.dynamiclights.server.DynamicLights/]: Successfully registered DynamicLight on Entity: ServerPlayer['elpepe'/824, l='ServerLevel[world]', x=1004.36, y=76.75, z=865.12] in list []
[15May2026 02:39:54.706] [Server thread/DEBUG] [atomicstryker.dynamiclights.server.DynamicLights/]: Removing Dynamic Light attached to ServerPlayer['elpepe'/824, l='ServerLevel[world]', x=1004.36, y=77.09, z=865.12]
[15May2026 02:39:54.757] [Server thread/DEBUG] [atomicstryker.dynamiclights.server.DynamicLights/]: Calling addLightSource on entity ServerPlayer['elpepe'/824, l='ServerLevel[world]', x=1004.33, y=77.00, z=865.04], dimensionLocationPath overworld
[15May2026 02:39:54.758] [Server thread/DEBUG] [atomicstryker.dynamiclights.server.DynamicLights/]: Successfully registered DynamicLight on Entity: ServerPlayer['elpepe'/824, l='ServerLevel[world]', x=1004.33, y=77.00, z=865.04] in list []
[15May2026 02:39:54.758] [Server thread/DEBUG] [atomicstryker.dynamiclights.server.DynamicLights/]: Removing Dynamic Light attached to ServerPlayer['elpepe'/824, l='ServerLevel[world]', x=1004.33, y=77.25, z=865.04]
[15May2026 02:39:54.809] [Server thread/DEBUG] [atomicstryker.dynamiclights.server.DynamicLights/]: Calling addLightSource on entity ServerPlayer['elpepe'/824, l='ServerLevel[world]', x=1004.30, y=77.17, z=864.95], dimensionLocationPath overworld
[15May2026 02:39:54.809] [Server thread/DEBUG] [atomicstryker.dynamiclights.server.DynamicLights/]: Successfully registered DynamicLight on Entity: ServerPlayer['elpepe'/824, l='ServerLevel[world]', x=1004.30, y=77.17, z=864.95] in list []
[15May2026 02:39:54.810] [Server thread/DEBUG] [atomicstryker.dynamiclights.server.DynamicLights/]: Removing Dynamic Light attached to ServerPlayer['elpepe'/824, l='ServerLevel[world]', x=1004.30, y=77.33, z=864.95]
[15May2026 02:39:54.857] [Server thread/DEBUG] [atomicstryker.dynamiclights.server.DynamicLights/]: Calling addLightSource on entity ServerPlayer['elpepe'/824, l='ServerLevel[world]', x=1004.26, y=77.25, z=864.85], dimensionLocationPath overworld
[15May2026 02:39:54.858] [Server thread/DEBUG] [atomicstryker.dynamiclights.server.DynamicLights/]: Successfully registered DynamicLight on Entity: ServerPlayer['elpepe'/824, l='ServerLevel[world]', x=1004.26, y=77.25, z=864.85] in list []
[15May2026 02:39:54.858] [Server thread/DEBUG] [atomicstryker.dynamiclights.server.DynamicLights/]: Removing Dynamic Light attached to ServerPlayer['elpepe'/824, l='ServerLevel[world]', x=1004.26, y=77.33, z=864.85]
[15May2026 02:39:54.907] [Server thread/DEBUG] [atomicstryker.dynamiclights.server.DynamicLights/]: Calling addLightSource on entity ServerPlayer['elpepe'/824, l='ServerLevel[world]', x=1004.22, y=77.25, z=864.76], dimensionLocationPath overworld
[15May2026 02:39:54.907] [Server thread/DEBUG] [atomicstryker.dynamiclights.server.DynamicLights/]: Successfully registered DynamicLight on Entity: ServerPlayer['elpepe'/824, l='ServerLevel[world]', x=1004.22, y=77.25, z=864.76] in list []
[15May2026 02:39:54.907] [Server thread/DEBUG] [atomicstryker.dynamiclights.server.DynamicLights/]: Removing Dynamic Light attached to ServerPlayer['elpepe'/824, l='ServerLevel[world]', x=1004.22, y=77.26, z=864.76]
[15May2026 02:39:54.957] [Server thread/DEBUG] [atomicstryker.dynamiclights.server.DynamicLights/]: Calling addLightSource on entity ServerPlayer['elpepe'/824, l='ServerLevel[world]', x=1004.19, y=77.18, z=864.67], dimensionLocationPath overworld
[15May2026 02:39:54.957] [Server thread/DEBUG] [atomicstryker.dynamiclights.server.DynamicLights/]: Successfully registered DynamicLight on Entity: ServerPlayer['elpepe'/824, l='ServerLevel[world]', x=1004.19, y=77.18, z=864.67] in list []
[15May2026 02:39:54.957] [Server thread/DEBUG] [atomicstryker.dynamiclights.server.DynamicLights/]: Removing Dynamic Light attached to ServerPlayer['elpepe'/824, l='ServerLevel[world]', x=1004.19, y=77.10, z=864.67]
[15May2026 02:39:55.009] [Server thread/DEBUG] [atomicstryker.dynamiclights.server.DynamicLights/]: Calling addLightSource on entity ServerPlayer['elpepe'/824, l='ServerLevel[world]', x=1004.16, y=77.02, z=864.60], dimensionLocationPath overworld
[15May2026 02:39:55.009] [Server thread/DEBUG] [atomicstryker.dynamiclights.server.DynamicLights/]: Successfully registered DynamicLight on Entity: ServerPlayer['elpepe'/824, l='ServerLevel[world]', x=1004.16, y=77.02, z=864.60] in list []
[15May2026 02:39:55.009] [Server thread/DEBUG] [atomicstryker.dynamiclights.server.DynamicLights/]: Removing Dynamic Light attached to ServerPlayer['elpepe'/824, l='ServerLevel[world]', x=1004.16, y=76.87, z=864.60]
[15May2026 02:39:55.065] [Server thread/DEBUG] [atomicstryker.dynamiclights.server.DynamicLights/]: Calling addLightSource on entity ServerPlayer['elpepe'/824, l='ServerLevel[world]', x=1004.13, y=76.80, z=864.53], dimensionLocationPath overworld
[15May2026 02:39:55.065] [Server thread/DEBUG] [atomicstryker.dynamiclights.server.DynamicLights/]: Successfully registered DynamicLight on Entity: ServerPlayer['elpepe'/824, l='ServerLevel[world]', x=1004.13, y=76.80, z=864.53] in list []
[15May2026 02:39:55.065] [Server thread/DEBUG] [atomicstryker.dynamiclights.server.DynamicLights/]: Removing Dynamic Light attached to ServerPlayer['elpepe'/824, l='ServerLevel[world]', x=1004.13, y=76.57, z=864.53]
[15May2026 02:39:55.107] [Server thread/DEBUG] [atomicstryker.dynamiclights.server.DynamicLights/]: Calling addLightSource on entity ServerPlayer['elpepe'/824, l='ServerLevel[world]', x=1004.11, y=76.50, z=864.46], dimensionLocationPath overworld
[15May2026 02:39:55.107] [Server thread/DEBUG] [atomicstryker.dynamiclights.server.DynamicLights/]: Successfully registered DynamicLight on Entity: ServerPlayer['elpepe'/824, l='ServerLevel[world]', x=1004.11, y=76.50, z=864.46] in list []
[15May2026 02:39:55.108] [Server thread/DEBUG] [atomicstryker.dynamiclights.server.DynamicLights/]: Removing Dynamic Light attached to ServerPlayer['elpepe'/824, l='ServerLevel[world]', x=1004.11, y=76.19, z=864.46]
[15May2026 02:39:55.158] [Server thread/DEBUG] [atomicstryker.dynamiclights.server.DynamicLights/]: Calling addLightSource on entity ServerPlayer['elpepe'/824, l='ServerLevel[world]', x=1004.09, y=76.12, z=864.41], dimensionLocationPath overworld
[15May2026 02:39:55.158] [Server thread/DEBUG] [atomicstryker.dynamiclights.server.DynamicLights/]: Successfully registered DynamicLight on Entity: ServerPlayer['elpepe'/824, l='ServerLevel[world]', x=1004.09, y=76.12, z=864.41] in list []
[15May2026 02:39:55.158] [Server thread/DEBUG] [atomicstryker.dynamiclights.server.DynamicLights/]: Removing Dynamic Light attached to ServerPlayer['elpepe'/824, l='ServerLevel[world]', x=1004.09, y=76.00, z=864.41]
[15May2026 02:39:55.217] [Server thread/DEBUG] [atomicstryker.dynamiclights.server.DynamicLights/]: Calling addLightSource on entity ServerPlayer['elpepe'/824, l='ServerLevel[world]', x=1004.06, y=76.00, z=864.36], dimensionLocationPath overworld
[15May2026 02:39:55.217] [Server thread/DEBUG] [atomicstryker.dynamiclights.server.DynamicLights/]: Successfully registered DynamicLight on Entity: ServerPlayer['elpepe'/824, l='ServerLevel[world]', x=1004.06, y=76.00, z=864.36] in list []
[15May2026 02:39:55.217] [Server thread/DEBUG] [atomicstryker.dynamiclights.server.DynamicLights/]: Removing Dynamic Light attached to ServerPlayer['elpepe'/824, l='ServerLevel[world]', x=1004.06, y=76.00, z=864.36]
[15May2026 02:39:55.261] [Server thread/DEBUG] [atomicstryker.dynamiclights.server.DynamicLights/]: Calling addLightSource on entity ServerPlayer['elpepe'/824, l='ServerLevel[world]', x=1004.05, y=76.00, z=864.31], dimensionLocationPath overworld
[15May2026 02:39:55.261] [Server thread/DEBUG] [atomicstryker.dynamiclights.server.DynamicLights/]: Successfully registered DynamicLight on Entity: ServerPlayer['elpepe'/824, l='ServerLevel[world]', x=1004.05, y=76.00, z=864.31] in list []
[15May2026 02:39:55.262] [Server thread/DEBUG] [atomicstryker.dynamiclights.server.DynamicLights/]: Removing Dynamic Light attached to ServerPlayer['elpepe'/824, l='ServerLevel[world]', x=1004.05, y=76.00, z=864.31]
[15May2026 02:39:55.308] [Server thread/DEBUG] [atomicstryker.dynamiclights.server.DynamicLights/]: Calling addLightSource on entity ServerPlayer['elpepe'/824, l='ServerLevel[world]', x=1004.04, y=76.00, z=864.28], dimensionLocationPath overworld
[15May2026 02:39:55.308] [Server thread/DEBUG] [atomicstryker.dynamiclights.server.DynamicLights/]: Successfully registered DynamicLight on Entity: ServerPlayer['elpepe'/824, l='ServerLevel[world]', x=1004.04, y=76.00, z=864.28] in list []
[15May2026 02:39:55.308] [Server thread/DEBUG] [atomicstryker.dynamiclights.server.DynamicLights/]: Removing Dynamic Light attached to ServerPlayer['elpepe'/824, l='ServerLevel[world]', x=1004.04, y=76.00, z=864.28]
[15May2026 02:39:55.360] [Server thread/DEBUG] [atomicstryker.dynamiclights.server.DynamicLights/]: Calling addLightSource on entity ServerPlayer['elpepe'/824, l='ServerLevel[world]', x=1004.03, y=76.00, z=864.27], dimensionLocationPath overworld
[15May2026 02:39:55.360] [Server thread/DEBUG] [atomicstryker.dynamiclights.server.DynamicLights/]: Successfully registered DynamicLight on Entity: ServerPlayer['elpepe'/824, l='ServerLevel[world]', x=1004.03, y=76.00, z=864.27] in list []
[15May2026 02:39:55.360] [Server thread/DEBUG] [atomicstryker.dynamiclights.server.DynamicLights/]: Removing Dynamic Light attached to ServerPlayer['elpepe'/824, l='ServerLevel[world]', x=1004.03, y=76.00, z=864.27]
[15May2026 02:39:55.410] [Server thread/DEBUG] [atomicstryker.dynamiclights.server.DynamicLights/]: Calling addLightSource on entity ServerPlayer['elpepe'/824, l='ServerLevel[world]', x=1004.03, y=76.00, z=864.26], dimensionLocationPath overworld
[15May2026 02:39:55.410] [Server thread/DEBUG] [atomicstryker.dynamiclights.server.DynamicLights/]: Successfully registered DynamicLight on Entity: ServerPlayer['elpepe'/824, l='ServerLevel[world]', x=1004.03, y=76.00, z=864.26] in list []
[15May2026 02:39:55.411] [Server thread/DEBUG] [atomicstryker.dynamiclights.server.DynamicLights/]: Removing Dynamic Light attached to ServerPlayer['elpepe'/824, l='ServerLevel[world]', x=1004.03, y=76.00, z=864.26]
[15May2026 02:39:55.459] [Server thread/DEBUG] [atomicstryker.dynamiclights.server.DynamicLights/]: Calling addLightSource on entity ServerPlayer['elpepe'/824, l='ServerLevel[world]', x=1004.03, y=76.00, z=864.26], dimensionLocationPath overworld
[15May2026 02:39:55.459] [Server thread/DEBUG] [atomicstryker.dynamiclights.server.DynamicLights/]: Successfully registered DynamicLight on Entity: ServerPlayer['elpepe'/824, l='ServerLevel[world]', x=1004.03, y=76.00, z=864.26] in list []
[15May2026 02:39:55.459] [Server thread/DEBUG] [atomicstryker.dynamiclights.server.DynamicLights/]: Removing Dynamic Light attached to ServerPlayer['elpepe'/824, l='ServerLevel[world]', x=1004.03, y=76.00, z=864.26]
[15May2026 02:39:55.511] [Server thread/DEBUG] [atomicstryker.dynamiclights.server.DynamicLights/]: Calling addLightSource on entity ServerPlayer['elpepe'/824, l='ServerLevel[world]', x=1004.03, y=76.00, z=864.26], dimensionLocationPath overworld
[15May2026 02:39:55.511] [Server thread/DEBUG] [atomicstryker.dynamiclights.server.DynamicLights/]: Successfully registered DynamicLight on Entity: ServerPlayer['elpepe'/824, l='ServerLevel[world]', x=1004.03, y=76.00, z=864.26] in list []
[15May2026 02:39:55.512] [Server thread/DEBUG] [atomicstryker.dynamiclights.server.DynamicLights/]: Removing Dynamic Light attached to ServerPlayer['elpepe'/824, l='ServerLevel[world]', x=1004.03, y=76.00, z=864.26]
[15May2026 02:39:55.561] [Server thread/DEBUG] [atomicstryker.dynamiclights.server.DynamicLights/]: Calling addLightSource on entity ServerPlayer['elpepe'/824, l='ServerLevel[world]', x=1004.03, y=76.00, z=864.26], dimensionLocationPath overworld
[15May2026 02:39:55.561] [Server thread/DEBUG] [atomicstryker.dynamiclights.server.DynamicLights/]: Successfully registered DynamicLight on Entity: ServerPlayer['elpepe'/824, l='ServerLevel[world]', x=1004.03, y=76.00, z=864.26] in list []
[15May2026 02:39:55.561] [Server thread/DEBUG] [atomicstryker.dynamiclights.server.DynamicLights/]: Removing Dynamic Light attached to ServerPlayer['elpepe'/824, l='ServerLevel[world]', x=1004.03, y=76.00, z=864.26]
[15May2026 02:39:55.609] [Server thread/DEBUG] [atomicstryker.dynamiclights.server.DynamicLights/]: Calling addLightSource on entity ServerPlayer['elpepe'/824, l='ServerLevel[world]', x=1004.03, y=76.00, z=864.26], dimensionLocationPath overworld
[15May2026 02:39:55.609] [Server thread/DEBUG] [atomicstryker.dynamiclights.server.DynamicLights/]: Successfully registered DynamicLight on Entity: ServerPlayer['elpepe'/824, l='ServerLevel[world]', x=1004.03, y=76.00, z=864.26] in list []
[15May2026 02:39:55.609] [Server thread/DEBUG] [atomicstryker.dynamiclights.server.DynamicLights/]: Removing Dynamic Light attached to ServerPlayer['elpepe'/824, l='ServerLevel[world]', x=1004.03, y=76.00, z=864.26]
[15May2026 02:39:55.659] [Server thread/DEBUG] [atomicstryker.dynamiclights.server.DynamicLights/]: Calling addLightSource on entity ServerPlayer['elpepe'/824, l='ServerLevel[world]', x=1004.03, y=76.00, z=864.26], dimensionLocationPath overworld
[15May2026 02:39:55.659] [Server thread/DEBUG] [atomicstryker.dynamiclights.server.DynamicLights/]: Successfully registered DynamicLight on Entity: ServerPlayer['elpepe'/824, l='ServerLevel[world]', x=1004.03, y=76.00, z=864.26] in list []
[15May2026 02:39:55.660] [Server thread/DEBUG] [atomicstryker.dynamiclights.server.DynamicLights/]: Removing Dynamic Light attached to ServerPlayer['elpepe'/824, l='ServerLevel[world]', x=1004.03, y=76.00, z=864.26]
[15May2026 02:39:55.709] [Server thread/DEBUG] [atomicstryker.dynamiclights.server.DynamicLights/]: Calling addLightSource on entity ServerPlayer['elpepe'/824, l='ServerLevel[world]', x=1004.03, y=76.00, z=864.26], dimensionLocationPath overworld
[15May2026 02:39:55.710] [Server thread/DEBUG] [atomicstryker.dynamiclights.server.DynamicLights/]: Successfully registered DynamicLight on Entity: ServerPlayer['elpepe'/824, l='ServerLevel[world]', x=1004.03, y=76.00, z=864.26] in list []
[15May2026 02:39:55.710] [Server thread/DEBUG] [atomicstryker.dynamiclights.server.DynamicLights/]: Removing Dynamic Light attached to ServerPlayer['elpepe'/824, l='ServerLevel[world]', x=1004.03, y=76.00, z=864.26]
[15May2026 02:39:55.759] [Server thread/DEBUG] [atomicstryker.dynamiclights.server.DynamicLights/]: Calling addLightSource on entity ServerPlayer['elpepe'/824, l='ServerLevel[world]', x=1004.03, y=76.00, z=864.26], dimensionLocationPath overworld
[15May2026 02:39:55.759] [Server thread/DEBUG] [atomicstryker.dynamiclights.server.DynamicLights/]: Successfully registered DynamicLight on Entity: ServerPlayer['elpepe'/824, l='ServerLevel[world]', x=1004.03, y=76.00, z=864.26] in list []
[15May2026 02:39:55.760] [Server thread/DEBUG] [atomicstryker.dynamiclights.server.DynamicLights/]: Removing Dynamic Light attached to ServerPlayer['elpepe'/824, l='ServerLevel[world]', x=1004.03, y=76.00, z=864.26]
[15May2026 02:39:55.809] [Server thread/DEBUG] [atomicstryker.dynamiclights.server.DynamicLights/]: Calling addLightSource on entity ServerPlayer['elpepe'/824, l='ServerLevel[world]', x=1004.03, y=76.00, z=864.26], dimensionLocationPath overworld
[15May2026 02:39:55.809] [Server thread/DEBUG] [atomicstryker.dynamiclights.server.DynamicLights/]: Successfully registered DynamicLight on Entity: ServerPlayer['elpepe'/824, l='ServerLevel[world]', x=1004.03, y=76.00, z=864.26] in list []
[15May2026 02:39:55.809] [Server thread/DEBUG] [atomicstryker.dynamiclights.server.DynamicLights/]: Removing Dynamic Light attached to ServerPlayer['elpepe'/824, l='ServerLevel[world]', x=1004.03, y=76.00, z=864.26]
[15May2026 02:39:55.856] [Server thread/DEBUG] [atomicstryker.dynamiclights.server.DynamicLights/]: Calling addLightSource on entity ServerPlayer['elpepe'/824, l='ServerLevel[world]', x=1003.96, y=76.00, z=864.19], dimensionLocationPath overworld
[15May2026 02:39:55.856] [Server thread/DEBUG] [atomicstryker.dynamiclights.server.DynamicLights/]: Successfully registered DynamicLight on Entity: ServerPlayer['elpepe'/824, l='ServerLevel[world]', x=1003.96, y=76.00, z=864.19] in list []
[15May2026 02:39:55.857] [Server thread/DEBUG] [atomicstryker.dynamiclights.server.DynamicLights/]: Removing Dynamic Light attached to ServerPlayer['elpepe'/824, l='ServerLevel[world]', x=1003.96, y=76.00, z=864.19]
[15May2026 02:39:55.906] [Server thread/DEBUG] [atomicstryker.dynamiclights.server.DynamicLights/]: Calling addLightSource on entity ServerPlayer['elpepe'/824, l='ServerLevel[world]', x=1003.85, y=76.00, z=864.08], dimensionLocationPath overworld
[15May2026 02:39:55.907] [Server thread/DEBUG] [atomicstryker.dynamiclights.server.DynamicLights/]: Successfully registered DynamicLight on Entity: ServerPlayer['elpepe'/824, l='ServerLevel[world]', x=1003.85, y=76.00, z=864.08] in list []
[15May2026 02:39:55.907] [Server thread/DEBUG] [atomicstryker.dynamiclights.server.DynamicLights/]: Removing Dynamic Light attached to ServerPlayer['elpepe'/824, l='ServerLevel[world]', x=1003.85, y=76.00, z=864.08]
[15May2026 02:39:55.960] [Server thread/DEBUG] [atomicstryker.dynamiclights.server.DynamicLights/]: Calling addLightSource on entity ServerPlayer['elpepe'/824, l='ServerLevel[world]', x=1003.71, y=76.00, z=863.96], dimensionLocationPath overworld
[15May2026 02:39:55.960] [Server thread/DEBUG] [atomicstryker.dynamiclights.server.DynamicLights/]: Successfully registered DynamicLight on Entity: ServerPlayer['elpepe'/824, l='ServerLevel[world]', x=1003.71, y=76.00, z=863.96] in list []
[15May2026 02:39:55.960] [Server thread/DEBUG] [atomicstryker.dynamiclights.server.DynamicLights/]: Removing Dynamic Light attached to ServerPlayer['elpepe'/824, l='ServerLevel[world]', x=1003.71, y=76.00, z=863.96]
[15May2026 02:39:56.005] [Server thread/DEBUG] [atomicstryker.dynamiclights.server.DynamicLights/]: Calling addLightSource on entity ServerPlayer['elpepe'/824, l='ServerLevel[world]', x=1003.57, y=76.00, z=863.83], dimensionLocationPath overworld
[15May2026 02:39:56.005] [Server thread/DEBUG] [atomicstryker.dynamiclights.server.DynamicLights/]: Successfully registered DynamicLight on Entity: ServerPlayer['elpepe'/824, l='ServerLevel[world]', x=1003.57, y=76.00, z=863.83] in list []
[15May2026 02:39:56.006] [Server thread/DEBUG] [atomicstryker.dynamiclights.server.DynamicLights/]: Removing Dynamic Light attached to ServerPlayer['elpepe'/824, l='ServerLevel[world]', x=1003.57, y=76.00, z=863.83]
[15May2026 02:39:56.058] [Server thread/DEBUG] [atomicstryker.dynamiclights.server.DynamicLights/]: Calling addLightSource on entity ServerPlayer['elpepe'/824, l='ServerLevel[world]', x=1003.42, y=76.00, z=863.68], dimensionLocationPath overworld
[15May2026 02:39:56.058] [Server thread/DEBUG] [atomicstryker.dynamiclights.server.DynamicLights/]: Successfully registered DynamicLight on Entity: ServerPlayer['elpepe'/824, l='ServerLevel[world]', x=1003.42, y=76.00, z=863.68] in list []
[15May2026 02:39:56.058] [Server thread/DEBUG] [atomicstryker.dynamiclights.server.DynamicLights/]: Removing Dynamic Light attached to ServerPlayer['elpepe'/824, l='ServerLevel[world]', x=1003.42, y=76.00, z=863.68]
[15May2026 02:39:56.110] [Server thread/DEBUG] [atomicstryker.dynamiclights.server.DynamicLights/]: Calling addLightSource on entity ServerPlayer['elpepe'/824, l='ServerLevel[world]', x=1003.27, y=76.00, z=863.54], dimensionLocationPath overworld
[15May2026 02:39:56.110] [Server thread/DEBUG] [atomicstryker.dynamiclights.server.DynamicLights/]: Successfully registered DynamicLight on Entity: ServerPlayer['elpepe'/824, l='ServerLevel[world]', x=1003.27, y=76.00, z=863.54] in list []
[15May2026 02:39:56.110] [Server thread/DEBUG] [atomicstryker.dynamiclights.server.DynamicLights/]: Removing Dynamic Light attached to ServerPlayer['elpepe'/824, l='ServerLevel[world]', x=1003.27, y=76.00, z=863.54]
[15May2026 02:39:56.160] [Server thread/DEBUG] [atomicstryker.dynamiclights.server.DynamicLights/]: Calling addLightSource on entity ServerPlayer['elpepe'/824, l='ServerLevel[world]', x=1003.11, y=76.00, z=863.40], dimensionLocationPath overworld
[15May2026 02:39:56.160] [Server thread/DEBUG] [atomicstryker.dynamiclights.server.DynamicLights/]: Successfully registered DynamicLight on Entity: ServerPlayer['elpepe'/824, l='ServerLevel[world]', x=1003.11, y=76.00, z=863.40] in list []
[15May2026 02:39:56.160] [Server thread/DEBUG] [atomicstryker.dynamiclights.server.DynamicLights/]: Removing Dynamic Light attached to ServerPlayer['elpepe'/824, l='ServerLevel[world]', x=1003.11, y=76.00, z=863.40]
[15May2026 02:39:56.209] [Server thread/DEBUG] [atomicstryker.dynamiclights.server.DynamicLights/]: Calling addLightSource on entity ServerPlayer['elpepe'/824, l='ServerLevel[world]', x=1002.96, y=76.00, z=863.25], dimensionLocationPath overworld
[15May2026 02:39:56.209] [Server thread/DEBUG] [atomicstryker.dynamiclights.server.DynamicLights/]: Successfully registered DynamicLight on Entity: ServerPlayer['elpepe'/824, l='ServerLevel[world]', x=1002.96, y=76.00, z=863.25] in list []
[15May2026 02:39:56.209] [Server thread/DEBUG] [atomicstryker.dynamiclights.server.DynamicLights/]: Removing Dynamic Light attached to ServerPlayer['elpepe'/824, l='ServerLevel[world]', x=1002.96, y=76.00, z=863.25]
[15May2026 02:39:56.259] [Server thread/DEBUG] [atomicstryker.dynamiclights.server.DynamicLights/]: Calling addLightSource on entity ServerPlayer['elpepe'/824, l='ServerLevel[world]', x=1002.79, y=76.00, z=863.11], dimensionLocationPath overworld
[15May2026 02:39:56.259] [Server thread/DEBUG] [atomicstryker.dynamiclights.server.DynamicLights/]: Successfully registered DynamicLight on Entity: ServerPlayer['elpepe'/824, l='ServerLevel[world]', x=1002.79, y=76.00, z=863.11] in list []
[15May2026 02:39:56.259] [Server thread/DEBUG] [atomicstryker.dynamiclights.server.DynamicLights/]: Removing Dynamic Light attached to ServerPlayer['elpepe'/824, l='ServerLevel[world]', x=1002.79, y=76.00, z=863.11]
[15May2026 02:39:56.310] [Server thread/DEBUG] [atomicstryker.dynamiclights.server.DynamicLights/]: Calling addLightSource on entity ServerPlayer['elpepe'/824, l='ServerLevel[world]', x=1002.61, y=76.00, z=863.02], dimensionLocationPath overworld
[15May2026 02:39:56.311] [Server thread/DEBUG] [atomicstryker.dynamiclights.server.DynamicLights/]: Successfully registered DynamicLight on Entity: ServerPlayer['elpepe'/824, l='ServerLevel[world]', x=1002.61, y=76.00, z=863.02] in list []
[15May2026 02:39:56.311] [Server thread/DEBUG] [atomicstryker.dynamiclights.server.DynamicLights/]: Removing Dynamic Light attached to ServerPlayer['elpepe'/824, l='ServerLevel[world]', x=1002.61, y=76.00, z=863.02]
[15May2026 02:39:56.359] [Server thread/DEBUG] [atomicstryker.dynamiclights.server.DynamicLights/]: Calling addLightSource on entity ServerPlayer['elpepe'/824, l='ServerLevel[world]', x=1002.41, y=76.00, z=862.99], dimensionLocationPath overworld
[15May2026 02:39:56.359] [Server thread/DEBUG] [atomicstryker.dynamiclights.server.DynamicLights/]: Successfully registered DynamicLight on Entity: ServerPlayer['elpepe'/824, l='ServerLevel[world]', x=1002.41, y=76.00, z=862.99] in list []
[15May2026 02:39:56.360] [Server thread/DEBUG] [atomicstryker.dynamiclights.server.DynamicLights/]: Removing Dynamic Light attached to ServerPlayer['elpepe'/824, l='ServerLevel[world]', x=1002.41, y=76.00, z=862.99]
[15May2026 02:39:56.405] [Server thread/DEBUG] [atomicstryker.dynamiclights.server.DynamicLights/]: Calling addLightSource on entity ServerPlayer['elpepe'/824, l='ServerLevel[world]', x=1002.22, y=76.00, z=863.04], dimensionLocationPath overworld
[15May2026 02:39:56.405] [Server thread/DEBUG] [atomicstryker.dynamiclights.server.DynamicLights/]: Successfully registered DynamicLight on Entity: ServerPlayer['elpepe'/824, l='ServerLevel[world]', x=1002.22, y=76.00, z=863.04] in list []
[15May2026 02:39:56.405] [Server thread/DEBUG] [atomicstryker.dynamiclights.server.DynamicLights/]: Removing Dynamic Light attached to ServerPlayer['elpepe'/824, l='ServerLevel[world]', x=1002.22, y=76.00, z=863.04]
[15May2026 02:39:56.460] [Server thread/DEBUG] [atomicstryker.dynamiclights.server.DynamicLights/]: Calling addLightSource on entity ServerPlayer['elpepe'/824, l='ServerLevel[world]', x=1002.06, y=76.00, z=863.14], dimensionLocationPath overworld
[15May2026 02:39:56.460] [Server thread/DEBUG] [atomicstryker.dynamiclights.server.DynamicLights/]: Successfully registered DynamicLight on Entity: ServerPlayer['elpepe'/824, l='ServerLevel[world]', x=1002.06, y=76.00, z=863.14] in list []
[15May2026 02:39:56.460] [Server thread/DEBUG] [atomicstryker.dynamiclights.server.DynamicLights/]: Removing Dynamic Light attached to ServerPlayer['elpepe'/824, l='ServerLevel[world]', x=1002.06, y=76.00, z=863.14]
[15May2026 02:39:56.509] [Server thread/DEBUG] [atomicstryker.dynamiclights.server.DynamicLights/]: Calling addLightSource on entity ServerPlayer['elpepe'/824, l='ServerLevel[world]', x=1001.92, y=76.00, z=863.27], dimensionLocationPath overworld
[15May2026 02:39:56.509] [Server thread/DEBUG] [atomicstryker.dynamiclights.server.DynamicLights/]: Successfully registered DynamicLight on Entity: ServerPlayer['elpepe'/824, l='ServerLevel[world]', x=1001.92, y=76.00, z=863.27] in list []
[15May2026 02:39:56.509] [Server thread/DEBUG] [atomicstryker.dynamiclights.server.DynamicLights/]: Removing Dynamic Light attached to ServerPlayer['elpepe'/824, l='ServerLevel[world]', x=1001.92, y=76.00, z=863.27]
[15May2026 02:39:56.559] [Server thread/DEBUG] [atomicstryker.dynamiclights.server.DynamicLights/]: Calling addLightSource on entity ServerPlayer['elpepe'/824, l='ServerLevel[world]', x=1001.79, y=76.00, z=863.43], dimensionLocationPath overworld
[15May2026 02:39:56.559] [Server thread/DEBUG] [atomicstryker.dynamiclights.server.DynamicLights/]: Successfully registered DynamicLight on Entity: ServerPlayer['elpepe'/824, l='ServerLevel[world]', x=1001.79, y=76.00, z=863.43] in list []
[15May2026 02:39:56.560] [Server thread/DEBUG] [atomicstryker.dynamiclights.server.DynamicLights/]: Removing Dynamic Light attached to ServerPlayer['elpepe'/824, l='ServerLevel[world]', x=1001.79, y=76.00, z=863.43]
[15May2026 02:39:56.610] [Server thread/DEBUG] [atomicstryker.dynamiclights.server.DynamicLights/]: Calling addLightSource on entity ServerPlayer['elpepe'/824, l='ServerLevel[world]', x=1001.74, y=76.00, z=863.52], dimensionLocationPath overworld
[15May2026 02:39:56.610] [Server thread/DEBUG] [atomicstryker.dynamiclights.server.DynamicLights/]: Successfully registered DynamicLight on Entity: ServerPlayer['elpepe'/824, l='ServerLevel[world]', x=1001.74, y=76.00, z=863.52] in list []
[15May2026 02:39:56.611] [Server thread/DEBUG] [atomicstryker.dynamiclights.server.DynamicLights/]: Removing Dynamic Light attached to ServerPlayer['elpepe'/824, l='ServerLevel[world]', x=1001.74, y=76.00, z=863.52]
[15May2026 02:39:56.659] [Server thread/DEBUG] [atomicstryker.dynamiclights.server.DynamicLights/]: Calling addLightSource on entity ServerPlayer['elpepe'/824, l='ServerLevel[world]', x=1001.66, y=76.00, z=863.65], dimensionLocationPath overworld
[15May2026 02:39:56.659] [Server thread/DEBUG] [atomicstryker.dynamiclights.server.DynamicLights/]: Successfully registered DynamicLight on Entity: ServerPlayer['elpepe'/824, l='ServerLevel[world]', x=1001.66, y=76.00, z=863.65] in list []
[15May2026 02:39:56.659] [Server thread/DEBUG] [atomicstryker.dynamiclights.server.DynamicLights/]: Removing Dynamic Light attached to ServerPlayer['elpepe'/824, l='ServerLevel[world]', x=1001.66, y=76.00, z=863.65]
[15May2026 02:39:56.708] [Server thread/DEBUG] [atomicstryker.dynamiclights.server.DynamicLights/]: Calling addLightSource on entity ServerPlayer['elpepe'/824, l='ServerLevel[world]', x=1001.57, y=76.00, z=863.80], dimensionLocationPath overworld
[15May2026 02:39:56.709] [Server thread/DEBUG] [atomicstryker.dynamiclights.server.DynamicLights/]: Successfully registered DynamicLight on Entity: ServerPlayer['elpepe'/824, l='ServerLevel[world]', x=1001.57, y=76.00, z=863.80] in list []
[15May2026 02:39:56.709] [Server thread/DEBUG] [atomicstryker.dynamiclights.server.DynamicLights/]: Removing Dynamic Light attached to ServerPlayer['elpepe'/824, l='ServerLevel[world]', x=1001.57, y=76.00, z=863.80]
[15May2026 02:39:56.758] [Server thread/DEBUG] [atomicstryker.dynamiclights.server.DynamicLights/]: Calling addLightSource on entity ServerPlayer['elpepe'/824, l='ServerLevel[world]', x=1001.57, y=76.00, z=863.80], dimensionLocationPath overworld
[15May2026 02:39:56.758] [Server thread/DEBUG] [atomicstryker.dynamiclights.server.DynamicLights/]: Successfully registered DynamicLight on Entity: ServerPlayer['elpepe'/824, l='ServerLevel[world]', x=1001.57, y=76.00, z=863.80] in list []
[15May2026 02:39:56.759] [Server thread/DEBUG] [atomicstryker.dynamiclights.server.DynamicLights/]: Removing Dynamic Light attached to ServerPlayer['elpepe'/824, l='ServerLevel[world]', x=1001.57, y=76.00, z=863.80]
[15May2026 02:39:56.806] [Server thread/DEBUG] [atomicstryker.dynamiclights.server.DynamicLights/]: Calling addLightSource on entity ServerPlayer['elpepe'/824, l='ServerLevel[world]', x=1001.47, y=76.00, z=863.97], dimensionLocationPath overworld
[15May2026 02:39:56.806] [Server thread/DEBUG] [atomicstryker.dynamiclights.server.DynamicLights/]: Successfully registered DynamicLight on Entity: ServerPlayer['elpepe'/824, l='ServerLevel[world]', x=1001.47, y=76.00, z=863.97] in list []
[15May2026 02:39:56.806] [Server thread/DEBUG] [atomicstryker.dynamiclights.server.DynamicLights/]: Removing Dynamic Light attached to ServerPlayer['elpepe'/824, l='ServerLevel[world]', x=1001.47, y=76.00, z=863.97]
[15May2026 02:39:56.863] [Server thread/DEBUG] [atomicstryker.dynamiclights.server.DynamicLights/]: Calling addLightSource on entity ServerPlayer['elpepe'/824, l='ServerLevel[world]', x=1001.36, y=76.00, z=864.15], dimensionLocationPath overworld
[15May2026 02:39:56.863] [Server thread/DEBUG] [atomicstryker.dynamiclights.server.DynamicLights/]: Successfully registered DynamicLight on Entity: ServerPlayer['elpepe'/824, l='ServerLevel[world]', x=1001.36, y=76.00, z=864.15] in list []
[15May2026 02:39:56.864] [Server thread/DEBUG] [atomicstryker.dynamiclights.server.DynamicLights/]: Removing Dynamic Light attached to ServerPlayer['elpepe'/824, l='ServerLevel[world]', x=1001.36, y=76.00, z=864.15]
[15May2026 02:39:56.909] [Server thread/DEBUG] [atomicstryker.dynamiclights.server.DynamicLights/]: Calling addLightSource on entity ServerPlayer['elpepe'/824, l='ServerLevel[world]', x=1001.15, y=76.00, z=864.51], dimensionLocationPath overworld
[15May2026 02:39:56.910] [Server thread/DEBUG] [atomicstryker.dynamiclights.server.DynamicLights/]: Successfully registered DynamicLight on Entity: ServerPlayer['elpepe'/824, l='ServerLevel[world]', x=1001.15, y=76.00, z=864.51] in list []
[15May2026 02:39:56.910] [Server thread/DEBUG] [atomicstryker.dynamiclights.server.DynamicLights/]: Removing Dynamic Light attached to ServerPlayer['elpepe'/824, l='ServerLevel[world]', x=1001.15, y=76.00, z=864.51]
[15May2026 02:39:56.957] [Server thread/DEBUG] [atomicstryker.dynamiclights.server.DynamicLights/]: Calling addLightSource on entity ServerPlayer['elpepe'/824, l='ServerLevel[world]', x=1001.04, y=76.00, z=864.70], dimensionLocationPath overworld
[15May2026 02:39:56.957] [Server thread/DEBUG] [atomicstryker.dynamiclights.server.DynamicLights/]: Successfully registered DynamicLight on Entity: ServerPlayer['elpepe'/824, l='ServerLevel[world]', x=1001.04, y=76.00, z=864.70] in list []
[15May2026 02:39:56.957] [Server thread/DEBUG] [atomicstryker.dynamiclights.server.DynamicLights/]: Removing Dynamic Light attached to ServerPlayer['elpepe'/824, l='ServerLevel[world]', x=1001.04, y=76.00, z=864.70]
[15May2026 02:39:57.008] [Server thread/DEBUG] [atomicstryker.dynamiclights.server.DynamicLights/]: Calling addLightSource on entity ServerPlayer['elpepe'/824, l='ServerLevel[world]', x=1000.93, y=76.00, z=864.88], dimensionLocationPath overworld
[15May2026 02:39:57.008] [Server thread/DEBUG] [atomicstryker.dynamiclights.server.DynamicLights/]: Successfully registered DynamicLight on Entity: ServerPlayer['elpepe'/824, l='ServerLevel[world]', x=1000.93, y=76.00, z=864.88] in list []
[15May2026 02:39:57.009] [Server thread/DEBUG] [atomicstryker.dynamiclights.server.DynamicLights/]: Removing Dynamic Light attached to ServerPlayer['elpepe'/824, l='ServerLevel[world]', x=1000.93, y=76.00, z=864.88]
[15May2026 02:39:57.057] [Server thread/DEBUG] [atomicstryker.dynamiclights.server.DynamicLights/]: Calling addLightSource on entity ServerPlayer['elpepe'/824, l='ServerLevel[world]', x=1000.83, y=76.00, z=865.07], dimensionLocationPath overworld
[15May2026 02:39:57.058] [Server thread/DEBUG] [atomicstryker.dynamiclights.server.DynamicLights/]: Successfully registered DynamicLight on Entity: ServerPlayer['elpepe'/824, l='ServerLevel[world]', x=1000.83, y=76.00, z=865.07] in list []
[15May2026 02:39:57.058] [Server thread/DEBUG] [atomicstryker.dynamiclights.server.DynamicLights/]: Removing Dynamic Light attached to ServerPlayer['elpepe'/824, l='ServerLevel[world]', x=1000.83, y=76.00, z=865.07]
[15May2026 02:39:57.108] [Server thread/DEBUG] [atomicstryker.dynamiclights.server.DynamicLights/]: Calling addLightSource on entity ServerPlayer['elpepe'/824, l='ServerLevel[world]', x=1000.72, y=76.00, z=865.26], dimensionLocationPath overworld
[15May2026 02:39:57.108] [Server thread/DEBUG] [atomicstryker.dynamiclights.server.DynamicLights/]: Successfully registered DynamicLight on Entity: ServerPlayer['elpepe'/824, l='ServerLevel[world]', x=1000.72, y=76.00, z=865.26] in list []
[15May2026 02:39:57.109] [Server thread/DEBUG] [atomicstryker.dynamiclights.server.DynamicLights/]: Removing Dynamic Light attached to ServerPlayer['elpepe'/824, l='ServerLevel[world]', x=1000.72, y=76.00, z=865.26]
[15May2026 02:39:57.161] [Server thread/DEBUG] [atomicstryker.dynamiclights.server.DynamicLights/]: Calling addLightSource on entity ServerPlayer['elpepe'/824, l='ServerLevel[world]', x=1000.61, y=76.00, z=865.44], dimensionLocationPath overworld
[15May2026 02:39:57.161] [Server thread/DEBUG] [atomicstryker.dynamiclights.server.DynamicLights/]: Successfully registered DynamicLight on Entity: ServerPlayer['elpepe'/824, l='ServerLevel[world]', x=1000.61, y=76.00, z=865.44] in list []
[15May2026 02:39:57.161] [Server thread/DEBUG] [atomicstryker.dynamiclights.server.DynamicLights/]: Removing Dynamic Light attached to ServerPlayer['elpepe'/824, l='ServerLevel[world]', x=1000.61, y=76.00, z=865.44]
[15May2026 02:39:57.211] [Server thread/DEBUG] [atomicstryker.dynamiclights.server.DynamicLights/]: Calling addLightSource on entity ServerPlayer['elpepe'/824, l='ServerLevel[world]', x=1000.51, y=76.00, z=865.63], dimensionLocationPath overworld
[15May2026 02:39:57.211] [Server thread/DEBUG] [atomicstryker.dynamiclights.server.DynamicLights/]: Successfully registered DynamicLight on Entity: ServerPlayer['elpepe'/824, l='ServerLevel[world]', x=1000.51, y=76.00, z=865.63] in list []
[15May2026 02:39:57.211] [Server thread/DEBUG] [atomicstryker.dynamiclights.server.DynamicLights/]: Removing Dynamic Light attached to ServerPlayer['elpepe'/824, l='ServerLevel[world]', x=1000.51, y=76.00, z=865.63]
[15May2026 02:39:57.259] [Server thread/DEBUG] [atomicstryker.dynamiclights.server.DynamicLights/]: Calling addLightSource on entity ServerPlayer['elpepe'/824, l='ServerLevel[world]', x=1000.42, y=76.00, z=865.83], dimensionLocationPath overworld
[15May2026 02:39:57.259] [Server thread/DEBUG] [atomicstryker.dynamiclights.server.DynamicLights/]: Successfully registered DynamicLight on Entity: ServerPlayer['elpepe'/824, l='ServerLevel[world]', x=1000.42, y=76.00, z=865.83] in list []
[15May2026 02:39:57.259] [Server thread/DEBUG] [atomicstryker.dynamiclights.server.DynamicLights/]: Removing Dynamic Light attached to ServerPlayer['elpepe'/824, l='ServerLevel[world]', x=1000.42, y=76.00, z=865.83]
[15May2026 02:39:57.313] [Server thread/DEBUG] [atomicstryker.dynamiclights.server.DynamicLights/]: Calling addLightSource on entity ServerPlayer['elpepe'/824, l='ServerLevel[world]', x=1000.35, y=76.00, z=866.03], dimensionLocationPath overworld
[15May2026 02:39:57.313] [Server thread/DEBUG] [atomicstryker.dynamiclights.server.DynamicLights/]: Successfully registered DynamicLight on Entity: ServerPlayer['elpepe'/824, l='ServerLevel[world]', x=1000.35, y=76.00, z=866.03] in list []
[15May2026 02:39:57.313] [Server thread/DEBUG] [atomicstryker.dynamiclights.server.DynamicLights/]: Removing Dynamic Light attached to ServerPlayer['elpepe'/824, l='ServerLevel[world]', x=1000.35, y=76.00, z=866.03]
[15May2026 02:39:57.358] [Server thread/DEBUG] [atomicstryker.dynamiclights.server.DynamicLights/]: Calling addLightSource on entity ServerPlayer['elpepe'/824, l='ServerLevel[world]', x=1000.30, y=76.00, z=866.24], dimensionLocationPath overworld
[15May2026 02:39:57.358] [Server thread/DEBUG] [atomicstryker.dynamiclights.server.DynamicLights/]: Successfully registered DynamicLight on Entity: ServerPlayer['elpepe'/824, l='ServerLevel[world]', x=1000.30, y=76.00, z=866.24] in list []
[15May2026 02:39:57.359] [Server thread/DEBUG] [atomicstryker.dynamiclights.server.DynamicLights/]: Removing Dynamic Light attached to ServerPlayer['elpepe'/824, l='ServerLevel[world]', x=1000.30, y=76.00, z=866.24]
[15May2026 02:41:02.701] [Server thread/DEBUG] [net.minecraftforge.common.ForgeHooks/WP]: Gathering id map for writing to world save world
[15May2026 02:41:02.713] [Server thread/DEBUG] [net.minecraftforge.common.ForgeHooks/WP]: ID Map collection complete world
[15May2026 02:41:37.255] [Server thread/DEBUG] [atomicstryker.dynamiclights.server.DynamicLights/]: Calling addLightSource on entity ServerPlayer['JAGlitsh'/728, l='ServerLevel[world]', x=1021.08, y=76.02, z=927.70], dimensionLocationPath overworld
[15May2026 02:41:37.255] [Server thread/DEBUG] [atomicstryker.dynamiclights.server.DynamicLights/]: Successfully registered DynamicLight on Entity: ServerPlayer['JAGlitsh'/728, l='ServerLevel[world]', x=1021.08, y=76.02, z=927.70] in list []
[15May2026 02:41:37.303] [Server thread/DEBUG] [atomicstryker.dynamiclights.server.DynamicLights/]: Removing Dynamic Light attached to ServerPlayer['JAGlitsh'/728, l='ServerLevel[world]', x=1021.21, y=76.00, z=927.71]
[15May2026 02:41:45.508] [Server thread/DEBUG] [atomicstryker.dynamiclights.server.DynamicLights/]: Calling addLightSource on entity ServerPlayer['JAGlitsh'/728, l='ServerLevel[world]', x=1022.07, y=76.00, z=928.21], dimensionLocationPath overworld
[15May2026 02:41:45.508] [Server thread/DEBUG] [atomicstryker.dynamiclights.server.DynamicLights/]: Successfully registered DynamicLight on Entity: ServerPlayer['JAGlitsh'/728, l='ServerLevel[world]', x=1022.07, y=76.00, z=928.21] in list []
[15May2026 02:41:45.607] [Server thread/DEBUG] [atomicstryker.dynamiclights.server.DynamicLights/]: Removing Dynamic Light attached to ServerPlayer['JAGlitsh'/728, l='ServerLevel[world]', x=1022.07, y=76.00, z=928.21]
[15May2026 02:42:40.174] [Server thread/INFO] [net.minecraft.server.MinecraftServer/]: [JAGlitsh: Teleported elpepe to JAGlitsh]
[15May2026 02:43:41.961] [Server thread/INFO] [net.minecraft.server.MinecraftServer/]: [JAGlitsh: Teleported elpepe to JAGlitsh]
[15May2026 02:43:45.108] [Server thread/DEBUG] [atomicstryker.dynamiclights.server.DynamicLights/]: Calling addLightSource on entity ServerPlayer['JAGlitsh'/728, l='ServerLevel[world]', x=1017.21, y=76.00, z=943.82], dimensionLocationPath overworld
[15May2026 02:43:45.108] [Server thread/DEBUG] [atomicstryker.dynamiclights.server.DynamicLights/]: Successfully registered DynamicLight on Entity: ServerPlayer['JAGlitsh'/728, l='ServerLevel[world]', x=1017.21, y=76.00, z=943.82] in list []
[15May2026 02:43:45.158] [Server thread/DEBUG] [atomicstryker.dynamiclights.server.DynamicLights/]: Removing Dynamic Light attached to ServerPlayer['JAGlitsh'/728, l='ServerLevel[world]', x=1017.21, y=76.00, z=943.82]
[15May2026 02:44:39.215] [Server thread/INFO] [net.minecraft.server.network.ServerGamePacketListenerImpl/]: JAGlitsh lost connection: Disconnected
[15May2026 02:44:39.215] [Server thread/INFO] [net.minecraft.server.MinecraftServer/]: JAGlitsh left the game
[15May2026 02:44:47.163] [Netty Epoll Server IO #0/DEBUG] [net.minecraftforge.network.HandshakeHandler/FMLHANDSHAKE]: Starting new modded impl connection. Found 33 messages to dispatch.
[15May2026 02:44:47.207] [Server thread/DEBUG] [net.minecraftforge.network.HandshakeHandler/FMLHANDSHAKE]: Sending ticking packet info 'com.tacz.guns.network.message.handshake.ServerMessageSyncedEntityDataMapping' to 'tacz:handshake' sequence 0
[15May2026 02:44:47.256] [Server thread/DEBUG] [net.minecraftforge.network.HandshakeHandler/FMLHANDSHAKE]: Sending ticking packet info 'FrameworkConfig refurbished_furniture:server' to 'framework:handshake' sequence 1
[15May2026 02:44:47.307] [Server thread/DEBUG] [net.minecraftforge.network.HandshakeHandler/FMLHANDSHAKE]: Sending ticking packet info 'net.minecraftforge.network.HandshakeMessages$S2CModData' to 'fml:handshake' sequence 2
[15May2026 02:44:47.310] [Netty Epoll Server IO #0/DEBUG] [net.minecraftforge.network.LoginWrapper/FMLHANDSHAKE]: Recieved login wrapper packet event for channel tacz:handshake with index 0
[15May2026 02:44:47.311] [Netty Epoll Server IO #0/DEBUG] [net.minecraftforge.network.HandshakeHandler/FMLHANDSHAKE]: Received client indexed reply 0 of type com.tacz.guns.network.message.handshake.Acknowledge
[15May2026 02:44:47.311] [Netty Epoll Server IO #0/DEBUG] [tacz/HANDSHAKE_ACKNOWLEDGE]: Received acknowledgement from client
[15May2026 02:44:47.357] [Server thread/DEBUG] [net.minecraftforge.network.HandshakeHandler/FMLHANDSHAKE]: Sending ticking packet info 'net.minecraftforge.network.HandshakeMessages$S2CModList' to 'fml:handshake' sequence 3
[15May2026 02:44:47.362] [Netty Epoll Server IO #0/DEBUG] [net.minecraftforge.network.LoginWrapper/FMLHANDSHAKE]: Recieved login wrapper packet event for channel framework:handshake with index 1
[15May2026 02:44:47.362] [Netty Epoll Server IO #0/DEBUG] [net.minecraftforge.network.HandshakeHandler/FMLHANDSHAKE]: Received client indexed reply 1 of type com.mrcrayfish.framework.api.network.message.HandshakeMessage$Acknowledge
[15May2026 02:44:47.362] [Netty Epoll Server IO #0/DEBUG] [Framework/FRAMEWORK_HANDSHAKE]: Received acknowledgement from client
[15May2026 02:44:47.406] [Server thread/DEBUG] [net.minecraftforge.network.HandshakeHandler/FMLHANDSHAKE]: Sending ticking packet info 'Registry minecraft:command_argument_type' to 'fml:handshake' sequence 4
[15May2026 02:44:47.447] [Netty Epoll Server IO #0/DEBUG] [net.minecraftforge.network.LoginWrapper/FMLHANDSHAKE]: Recieved login wrapper packet event for channel fml:handshake with index 3
[15May2026 02:44:47.447] [Netty Epoll Server IO #0/DEBUG] [net.minecraftforge.network.HandshakeHandler/FMLHANDSHAKE]: Received client indexed reply 3 of type net.minecraftforge.network.HandshakeMessages$C2SModListReply
[15May2026 02:44:47.447] [Netty Epoll Server IO #0/DEBUG] [net.minecraftforge.network.HandshakeHandler/FMLHANDSHAKE]: Received client connection with modlist [betterdungeons, kuma_api, geckolib, illagerinvasion, dynamiclights, immersive_aircraft, sophisticatedcore, xaeroworldmap, placebo, citadel, alexsmobs, yungsapi, mixinextras, sophisticatedbackpacks, forgivingvoid, hordes, balm, immersive_armors, carryon, betterfortresses, paraglider, cloth_config, embeddium, rubidium, uniqueaccessories, torchmaster, clockwork, resourcefulconfig, curiouslanterns, curios, cerbons_api, attributeslib, tombstone, atlaslib, resourcefullib, architectury, blockpops, justhammers, refurbished_furniture, jadeaddons, framework, fallingtree, camerapture, galena_hats, too_many_bows, jei, xaerolib, tacz, multikulti_core, yungscavebiomes, nirvana, knightlib, multikulti_registrate, bosses_of_mass_destruction, watut, puzzlesaccessapi, forge, travelerstitles, dungeons_arise, minecraft, born_in_chaos_v1, opposing_force, doppelganger2, lucky, terrablender, radiantgear, jade, knightquest, kotlinforforge, ribbits, xaerominimap, brainrotprotocol, securitycraft, armoroftheages, figura, coroutil, creeperoverhaul, yet_another_config_lib_v3, puzzleslib]
[15May2026 02:44:47.447] [Netty Epoll Server IO #0/DEBUG] [net.minecraftforge.network.NetworkRegistry/NETREGISTRY]: Channel 'watut:main' : Version test of '4' from client : ACCEPTED
[15May2026 02:44:47.448] [Netty Epoll Server IO #0/DEBUG] [net.minecraftforge.network.NetworkRegistry/NETREGISTRY]: Channel 'torchmaster:main' : Version test of '1' from client : ACCEPTED
[15May2026 02:44:47.448] [Netty Epoll Server IO #0/DEBUG] [net.minecraftforge.network.NetworkRegistry/NETREGISTRY]: Channel 'ic_ia:main' : Version test of '1' from client : ACCEPTED
[15May2026 02:44:47.448] [Netty Epoll Server IO #0/DEBUG] [net.minecraftforge.network.NetworkRegistry/NETREGISTRY]: Channel 'jei:channel' : Version test of '1.0.0' from client : ACCEPTED
[15May2026 02:44:47.448] [Netty Epoll Server IO #0/DEBUG] [net.minecraftforge.network.NetworkRegistry/NETREGISTRY]: Channel 'minecraft:unregister' : Version test of 'FML3' from client : ACCEPTED
[15May2026 02:44:47.448] [Netty Epoll Server IO #0/DEBUG] [net.minecraftforge.network.NetworkRegistry/NETREGISTRY]: Channel 'xaerominimap:main' : Version test of '1.0' from client : ACCEPTED
[15May2026 02:44:47.448] [Netty Epoll Server IO #0/DEBUG] [net.minecraftforge.network.NetworkRegistry/NETREGISTRY]: Channel 'sophisticatedbackpacks:channel' : Version test of '1' from client : ACCEPTED
[15May2026 02:44:47.448] [Netty Epoll Server IO #0/DEBUG] [net.minecraftforge.network.NetworkRegistry/NETREGISTRY]: Channel 'armoroftheages:config_sync' : Version test of '1' from client : ACCEPTED
[15May2026 02:44:47.448] [Netty Epoll Server IO #0/DEBUG] [net.minecraftforge.network.NetworkRegistry/NETREGISTRY]: Channel 'framework:play' : Version test of '1' from client : ACCEPTED
[15May2026 02:44:47.448] [Netty Epoll Server IO #0/DEBUG] [net.minecraftforge.network.NetworkRegistry/NETREGISTRY]: Channel 'fallingtree:main' : Version test of '1' from client : ACCEPTED
[15May2026 02:44:47.448] [Netty Epoll Server IO #0/DEBUG] [net.minecraftforge.network.NetworkRegistry/NETREGISTRY]: Channel 'tacz:handshake' : Version test of '1.0.4' from client : ACCEPTED
[15May2026 02:44:47.448] [Netty Epoll Server IO #0/DEBUG] [net.minecraftforge.network.NetworkRegistry/NETREGISTRY]: Channel 'attributeslib:attributeslib' : Version test of '1.0.0' from client : ACCEPTED
[15May2026 02:44:47.448] [Netty Epoll Server IO #0/DEBUG] [net.minecraftforge.network.NetworkRegistry/NETREGISTRY]: Channel 'opposing_force:network' : Version test of '1.0' from client : ACCEPTED
[15May2026 02:44:47.448] [Netty Epoll Server IO #0/DEBUG] [net.minecraftforge.network.NetworkRegistry/NETREGISTRY]: Channel 'ribbits:messages' : Version test of '1.0' from client : ACCEPTED
[15May2026 02:44:47.448] [Netty Epoll Server IO #0/DEBUG] [net.minecraftforge.network.NetworkRegistry/NETREGISTRY]: Channel 'forge:tier_sorting' : Version test of '1.0' from client : ACCEPTED
[15May2026 02:44:47.448] [Netty Epoll Server IO #0/DEBUG] [net.minecraftforge.network.NetworkRegistry/NETREGISTRY]: Channel 'alexsmobs:main_channel' : Version test of '1' from client : ACCEPTED
[15May2026 02:44:47.448] [Netty Epoll Server IO #0/DEBUG] [net.minecraftforge.network.NetworkRegistry/NETREGISTRY]: Channel 'paraglider:master' : Version test of '2.0' from client : ACCEPTED
[15May2026 02:44:47.448] [Netty Epoll Server IO #0/DEBUG] [net.minecraftforge.network.NetworkRegistry/NETREGISTRY]: Channel 'fml:play' : Version test of 'FML3' from client : ACCEPTED
[15May2026 02:44:47.448] [Netty Epoll Server IO #0/DEBUG] [net.minecraftforge.network.NetworkRegistry/NETREGISTRY]: Channel 'hordes:infection' : Version test of '1' from client : ACCEPTED
[15May2026 02:44:47.448] [Netty Epoll Server IO #0/DEBUG] [net.minecraftforge.network.NetworkRegistry/NETREGISTRY]: Channel 'knightlib:main' : Version test of '1' from client : ACCEPTED
[15May2026 02:44:47.448] [Netty Epoll Server IO #0/DEBUG] [net.minecraftforge.network.NetworkRegistry/NETREGISTRY]: Channel 'camerapture:main' : Version test of '2' from client : ACCEPTED
[15May2026 02:44:47.448] [Netty Epoll Server IO #0/DEBUG] [net.minecraftforge.network.NetworkRegistry/NETREGISTRY]: Channel 'hordes:hordeevent' : Version test of '1' from client : ACCEPTED
[15May2026 02:44:47.448] [Netty Epoll Server IO #0/DEBUG] [net.minecraftforge.network.NetworkRegistry/NETREGISTRY]: Channel 'xaeroworldmap:main' : Version test of '1.0' from client : ACCEPTED
[15May2026 02:44:47.448] [Netty Epoll Server IO #0/DEBUG] [net.minecraftforge.network.NetworkRegistry/NETREGISTRY]: Channel 'minecraft:register' : Version test of 'FML3' from client : ACCEPTED
[15May2026 02:44:47.448] [Netty Epoll Server IO #0/DEBUG] [net.minecraftforge.network.NetworkRegistry/NETREGISTRY]: Channel 'brainrotprotocol:brainrotprotocol' : Version test of '1' from client : ACCEPTED
[15May2026 02:44:47.448] [Netty Epoll Server IO #0/DEBUG] [net.minecraftforge.network.NetworkRegistry/NETREGISTRY]: Channel 'geckolib:main' : Version test of '1' from client : ACCEPTED
[15May2026 02:44:47.448] [Netty Epoll Server IO #0/DEBUG] [net.minecraftforge.network.NetworkRegistry/NETREGISTRY]: Channel 'refurbished_furniture:play' : Version test of '1' from client : ACCEPTED
[15May2026 02:44:47.448] [Netty Epoll Server IO #0/DEBUG] [net.minecraftforge.network.NetworkRegistry/NETREGISTRY]: Channel 'doppelganger2:doppelganger2' : Version test of '1' from client : ACCEPTED
[15May2026 02:44:47.448] [Netty Epoll Server IO #0/DEBUG] [net.minecraftforge.network.NetworkRegistry/NETREGISTRY]: Channel 'galena_hats:network' : Version test of '1' from client : ACCEPTED
[15May2026 02:44:47.448] [Netty Epoll Server IO #0/DEBUG] [net.minecraftforge.network.NetworkRegistry/NETREGISTRY]: Channel 'architectury:network' : Version test of '1' from client : ACCEPTED
[15May2026 02:44:47.448] [Netty Epoll Server IO #0/DEBUG] [net.minecraftforge.network.NetworkRegistry/NETREGISTRY]: Channel 'brainrotprotocol:hammer_shake' : Version test of '1' from client : ACCEPTED
[15May2026 02:44:47.448] [Netty Epoll Server IO #0/DEBUG] [net.minecraftforge.network.NetworkRegistry/NETREGISTRY]: Channel 'carryon:carryonpackets' : Version test of '1.0' from client : ACCEPTED
[15May2026 02:44:47.448] [Netty Epoll Server IO #0/DEBUG] [net.minecraftforge.network.NetworkRegistry/NETREGISTRY]: Channel 'ic_air:main' : Version test of '1' from client : ACCEPTED
[15May2026 02:44:47.448] [Netty Epoll Server IO #0/DEBUG] [net.minecraftforge.network.NetworkRegistry/NETREGISTRY]: Channel 'citadel:main_channel' : Version test of '1' from client : ACCEPTED
[15May2026 02:44:47.448] [Netty Epoll Server IO #0/DEBUG] [net.minecraftforge.network.NetworkRegistry/NETREGISTRY]: Channel 'puzzleslib:1' : Version test of '1' from client : ACCEPTED
[15May2026 02:44:47.448] [Netty Epoll Server IO #0/DEBUG] [net.minecraftforge.network.NetworkRegistry/NETREGISTRY]: Channel 'securitycraft:securitycraft' : Version test of 'v1.10.1' from client : ACCEPTED
[15May2026 02:44:47.448] [Netty Epoll Server IO #0/DEBUG] [net.minecraftforge.network.NetworkRegistry/NETREGISTRY]: Channel 'brainrotprotocol:shake_tralalerotralala' : Version test of '1' from client : ACCEPTED
[15May2026 02:44:47.448] [Netty Epoll Server IO #0/DEBUG] [net.minecraftforge.network.NetworkRegistry/NETREGISTRY]: Channel 'born_in_chaos_v1:born_in_chaos_v1' : Version test of '1' from client : ACCEPTED
[15May2026 02:44:47.448] [Netty Epoll Server IO #0/DEBUG] [net.minecraftforge.network.NetworkRegistry/NETREGISTRY]: Channel 'brainrotprotocol:shake' : Version test of '1' from client : ACCEPTED
[15May2026 02:44:47.448] [Netty Epoll Server IO #0/DEBUG] [net.minecraftforge.network.NetworkRegistry/NETREGISTRY]: Channel 'bosses_of_mass_destruction:packets' : Version test of '1' from client : ACCEPTED
[15May2026 02:44:47.448] [Netty Epoll Server IO #0/DEBUG] [net.minecraftforge.network.NetworkRegistry/NETREGISTRY]: Channel 'curios:main' : Version test of '1' from client : ACCEPTED
[15May2026 02:44:47.449] [Netty Epoll Server IO #0/DEBUG] [net.minecraftforge.network.NetworkRegistry/NETREGISTRY]: Channel 'placebo:placebo' : Version test of '1.0.0' from client : ACCEPTED
[15May2026 02:44:47.449] [Netty Epoll Server IO #0/DEBUG] [net.minecraftforge.network.NetworkRegistry/NETREGISTRY]: Channel 'balm:network' : Version test of '1.0' from client : ACCEPTED
[15May2026 02:44:47.449] [Netty Epoll Server IO #0/DEBUG] [net.minecraftforge.network.NetworkRegistry/NETREGISTRY]: Channel 'framework:handshake' : Version test of '1' from client : ACCEPTED
[15May2026 02:44:47.449] [Netty Epoll Server IO #0/DEBUG] [net.minecraftforge.network.NetworkRegistry/NETREGISTRY]: Channel 'fml:loginwrapper' : Version test of 'FML3' from client : ACCEPTED
[15May2026 02:44:47.449] [Netty Epoll Server IO #0/DEBUG] [net.minecraftforge.network.NetworkRegistry/NETREGISTRY]: Channel 'cerbons_api:packets' : Version test of '1' from client : ACCEPTED
[15May2026 02:44:47.449] [Netty Epoll Server IO #0/DEBUG] [net.minecraftforge.network.NetworkRegistry/NETREGISTRY]: Channel 'tombstone:tombstone_channel' : Version test of 'tombstone-9.0.10' from client : ACCEPTED
[15May2026 02:44:47.449] [Netty Epoll Server IO #0/DEBUG] [net.minecraftforge.network.NetworkRegistry/NETREGISTRY]: Channel 'xaerolib:main' : Version test of '1.0' from client : ACCEPTED
[15May2026 02:44:47.449] [Netty Epoll Server IO #0/DEBUG] [net.minecraftforge.network.NetworkRegistry/NETREGISTRY]: Channel 'yungscavebiomes:messages' : Version test of '1.0' from client : ACCEPTED
[15May2026 02:44:47.449] [Netty Epoll Server IO #0/DEBUG] [net.minecraftforge.network.NetworkRegistry/NETREGISTRY]: Channel 'uniqueaccessories:main' : Version test of '1' from client : ACCEPTED
[15May2026 02:44:47.449] [Netty Epoll Server IO #0/DEBUG] [net.minecraftforge.network.NetworkRegistry/NETREGISTRY]: Channel 'sophisticatedcore:channel' : Version test of '1' from client : ACCEPTED
[15May2026 02:44:47.449] [Netty Epoll Server IO #0/DEBUG] [net.minecraftforge.network.NetworkRegistry/NETREGISTRY]: Channel 'brainrotprotocol:saw_bus' : Version test of '1' from client : ACCEPTED
[15May2026 02:44:47.449] [Netty Epoll Server IO #0/DEBUG] [net.minecraftforge.network.NetworkRegistry/NETREGISTRY]: Channel 'fml:handshake' : Version test of 'FML3' from client : ACCEPTED
[15May2026 02:44:47.449] [Netty Epoll Server IO #0/DEBUG] [net.minecraftforge.network.NetworkRegistry/NETREGISTRY]: Channel 'forge:split' : Version test of '1.1' from client : ACCEPTED
[15May2026 02:44:47.449] [Netty Epoll Server IO #0/DEBUG] [net.minecraftforge.network.NetworkRegistry/NETREGISTRY]: Channel 'tacz:network' : Version test of '1.0.4' from client : ACCEPTED
[15May2026 02:44:47.449] [Netty Epoll Server IO #0/DEBUG] [net.minecraftforge.network.NetworkRegistry/NETREGISTRY]: Channel 'jade:networking' : Version test of '2' from client : ACCEPTED
[15May2026 02:44:47.449] [Netty Epoll Server IO #0/DEBUG] [net.minecraftforge.network.NetworkRegistry/NETREGISTRY]: Accepting channel list from client
[15May2026 02:44:47.449] [Netty Epoll Server IO #0/DEBUG] [net.minecraftforge.network.HandshakeHandler/FMLHANDSHAKE]: Accepted client connection mod list
[15May2026 02:44:47.457] [Server thread/DEBUG] [net.minecraftforge.network.HandshakeHandler/FMLHANDSHAKE]: Sending ticking packet info 'Registry minecraft:recipe_serializer' to 'fml:handshake' sequence 5
[15May2026 02:44:47.493] [Netty Epoll Server IO #0/DEBUG] [net.minecraftforge.network.LoginWrapper/FMLHANDSHAKE]: Recieved login wrapper packet event for channel fml:handshake with index 4
[15May2026 02:44:47.493] [Netty Epoll Server IO #0/DEBUG] [net.minecraftforge.network.HandshakeHandler/FMLHANDSHAKE]: Received client indexed reply 4 of type net.minecraftforge.network.HandshakeMessages$C2SAcknowledge
[15May2026 02:44:47.493] [Netty Epoll Server IO #0/DEBUG] [net.minecraftforge.network.HandshakeHandler/FMLHANDSHAKE]: Received acknowledgement from client
[15May2026 02:44:47.507] [Server thread/DEBUG] [net.minecraftforge.network.HandshakeHandler/FMLHANDSHAKE]: Sending ticking packet info 'Registry minecraft:sound_event' to 'fml:handshake' sequence 6
[15May2026 02:44:47.542] [Netty Epoll Server IO #0/DEBUG] [net.minecraftforge.network.LoginWrapper/FMLHANDSHAKE]: Recieved login wrapper packet event for channel fml:handshake with index 5
[15May2026 02:44:47.542] [Netty Epoll Server IO #0/DEBUG] [net.minecraftforge.network.HandshakeHandler/FMLHANDSHAKE]: Received client indexed reply 5 of type net.minecraftforge.network.HandshakeMessages$C2SAcknowledge
[15May2026 02:44:47.542] [Netty Epoll Server IO #0/DEBUG] [net.minecraftforge.network.HandshakeHandler/FMLHANDSHAKE]: Received acknowledgement from client
[15May2026 02:44:47.557] [Server thread/DEBUG] [net.minecraftforge.network.HandshakeHandler/FMLHANDSHAKE]: Sending ticking packet info 'Registry minecraft:particle_type' to 'fml:handshake' sequence 7
[15May2026 02:44:47.607] [Server thread/DEBUG] [net.minecraftforge.network.HandshakeHandler/FMLHANDSHAKE]: Sending ticking packet info 'Registry minecraft:villager_profession' to 'fml:handshake' sequence 8
[15May2026 02:44:47.659] [Server thread/DEBUG] [net.minecraftforge.network.HandshakeHandler/FMLHANDSHAKE]: Sending ticking packet info 'Registry minecraft:item' to 'fml:handshake' sequence 9
[15May2026 02:44:47.707] [Server thread/DEBUG] [net.minecraftforge.network.HandshakeHandler/FMLHANDSHAKE]: Sending ticking packet info 'Registry minecraft:potion' to 'fml:handshake' sequence 10
[15May2026 02:44:47.708] [Netty Epoll Server IO #0/DEBUG] [net.minecraftforge.network.LoginWrapper/FMLHANDSHAKE]: Recieved login wrapper packet event for channel fml:handshake with index 6
[15May2026 02:44:47.708] [Netty Epoll Server IO #0/DEBUG] [net.minecraftforge.network.HandshakeHandler/FMLHANDSHAKE]: Received client indexed reply 6 of type net.minecraftforge.network.HandshakeMessages$C2SAcknowledge
[15May2026 02:44:47.708] [Netty Epoll Server IO #0/DEBUG] [net.minecraftforge.network.HandshakeHandler/FMLHANDSHAKE]: Received acknowledgement from client
[15May2026 02:44:47.757] [Server thread/DEBUG] [net.minecraftforge.network.HandshakeHandler/FMLHANDSHAKE]: Sending ticking packet info 'Registry minecraft:painting_variant' to 'fml:handshake' sequence 11
[15May2026 02:44:47.758] [Netty Epoll Server IO #0/DEBUG] [net.minecraftforge.network.LoginWrapper/FMLHANDSHAKE]: Recieved login wrapper packet event for channel fml:handshake with index 7
[15May2026 02:44:47.758] [Netty Epoll Server IO #0/DEBUG] [net.minecraftforge.network.HandshakeHandler/FMLHANDSHAKE]: Received client indexed reply 7 of type net.minecraftforge.network.HandshakeMessages$C2SAcknowledge
[15May2026 02:44:47.758] [Netty Epoll Server IO #0/DEBUG] [net.minecraftforge.network.HandshakeHandler/FMLHANDSHAKE]: Received acknowledgement from client
[15May2026 02:44:47.758] [Netty Epoll Server IO #0/DEBUG] [net.minecraftforge.network.LoginWrapper/FMLHANDSHAKE]: Recieved login wrapper packet event for channel fml:handshake with index 8
[15May2026 02:44:47.758] [Netty Epoll Server IO #0/DEBUG] [net.minecraftforge.network.HandshakeHandler/FMLHANDSHAKE]: Received client indexed reply 8 of type net.minecraftforge.network.HandshakeMessages$C2SAcknowledge
[15May2026 02:44:47.758] [Netty Epoll Server IO #0/DEBUG] [net.minecraftforge.network.HandshakeHandler/FMLHANDSHAKE]: Received acknowledgement from client
[15May2026 02:44:47.806] [Server thread/DEBUG] [net.minecraftforge.network.HandshakeHandler/FMLHANDSHAKE]: Sending ticking packet info 'Registry forge:fluid_type' to 'fml:handshake' sequence 12
[15May2026 02:44:47.842] [Netty Epoll Server IO #0/DEBUG] [net.minecraftforge.network.LoginWrapper/FMLHANDSHAKE]: Recieved login wrapper packet event for channel fml:handshake with index 9
[15May2026 02:44:47.842] [Netty Epoll Server IO #0/DEBUG] [net.minecraftforge.network.HandshakeHandler/FMLHANDSHAKE]: Received client indexed reply 9 of type net.minecraftforge.network.HandshakeMessages$C2SAcknowledge
[15May2026 02:44:47.842] [Netty Epoll Server IO #0/DEBUG] [net.minecraftforge.network.HandshakeHandler/FMLHANDSHAKE]: Received acknowledgement from client
[15May2026 02:44:47.842] [Netty Epoll Server IO #0/DEBUG] [net.minecraftforge.network.LoginWrapper/FMLHANDSHAKE]: Recieved login wrapper packet event for channel fml:handshake with index 10
[15May2026 02:44:47.842] [Netty Epoll Server IO #0/DEBUG] [net.minecraftforge.network.HandshakeHandler/FMLHANDSHAKE]: Received client indexed reply 10 of type net.minecraftforge.network.HandshakeMessages$C2SAcknowledge
[15May2026 02:44:47.842] [Netty Epoll Server IO #0/DEBUG] [net.minecraftforge.network.HandshakeHandler/FMLHANDSHAKE]: Received acknowledgement from client
[15May2026 02:44:47.842] [Netty Epoll Server IO #0/DEBUG] [net.minecraftforge.network.LoginWrapper/FMLHANDSHAKE]: Recieved login wrapper packet event for channel fml:handshake with index 11
[15May2026 02:44:47.842] [Netty Epoll Server IO #0/DEBUG] [net.minecraftforge.network.HandshakeHandler/FMLHANDSHAKE]: Received client indexed reply 11 of type net.minecraftforge.network.HandshakeMessages$C2SAcknowledge
[15May2026 02:44:47.842] [Netty Epoll Server IO #0/DEBUG] [net.minecraftforge.network.HandshakeHandler/FMLHANDSHAKE]: Received acknowledgement from client
[15May2026 02:44:47.859] [Server thread/DEBUG] [net.minecraftforge.network.HandshakeHandler/FMLHANDSHAKE]: Sending ticking packet info 'Registry minecraft:block_entity_type' to 'fml:handshake' sequence 13
[15May2026 02:44:47.877] [Netty Epoll Server IO #0/DEBUG] [net.minecraftforge.network.LoginWrapper/FMLHANDSHAKE]: Recieved login wrapper packet event for channel fml:handshake with index 12
[15May2026 02:44:47.877] [Netty Epoll Server IO #0/DEBUG] [net.minecraftforge.network.HandshakeHandler/FMLHANDSHAKE]: Received client indexed reply 12 of type net.minecraftforge.network.HandshakeMessages$C2SAcknowledge
[15May2026 02:44:47.877] [Netty Epoll Server IO #0/DEBUG] [net.minecraftforge.network.HandshakeHandler/FMLHANDSHAKE]: Received acknowledgement from client
[15May2026 02:44:47.908] [Server thread/DEBUG] [net.minecraftforge.network.HandshakeHandler/FMLHANDSHAKE]: Sending ticking packet info 'Registry forge:display_contexts' to 'fml:handshake' sequence 14
[15May2026 02:44:47.932] [Netty Epoll Server IO #0/DEBUG] [net.minecraftforge.network.LoginWrapper/FMLHANDSHAKE]: Recieved login wrapper packet event for channel fml:handshake with index 13
[15May2026 02:44:47.932] [Netty Epoll Server IO #0/DEBUG] [net.minecraftforge.network.HandshakeHandler/FMLHANDSHAKE]: Received client indexed reply 13 of type net.minecraftforge.network.HandshakeMessages$C2SAcknowledge
[15May2026 02:44:47.932] [Netty Epoll Server IO #0/DEBUG] [net.minecraftforge.network.HandshakeHandler/FMLHANDSHAKE]: Received acknowledgement from client
[15May2026 02:44:47.958] [Server thread/DEBUG] [net.minecraftforge.network.HandshakeHandler/FMLHANDSHAKE]: Sending ticking packet info 'Registry minecraft:block' to 'fml:handshake' sequence 15
[15May2026 02:44:47.980] [Netty Epoll Server IO #0/DEBUG] [net.minecraftforge.network.LoginWrapper/FMLHANDSHAKE]: Recieved login wrapper packet event for channel fml:handshake with index 14
[15May2026 02:44:47.980] [Netty Epoll Server IO #0/DEBUG] [net.minecraftforge.network.HandshakeHandler/FMLHANDSHAKE]: Received client indexed reply 14 of type net.minecraftforge.network.HandshakeMessages$C2SAcknowledge
[15May2026 02:44:47.980] [Netty Epoll Server IO #0/DEBUG] [net.minecraftforge.network.HandshakeHandler/FMLHANDSHAKE]: Received acknowledgement from client
[15May2026 02:44:48.007] [Server thread/DEBUG] [net.minecraftforge.network.HandshakeHandler/FMLHANDSHAKE]: Sending ticking packet info 'Registry forge:entity_data_serializers' to 'fml:handshake' sequence 16
[15May2026 02:44:48.040] [Netty Epoll Server IO #0/DEBUG] [net.minecraftforge.network.LoginWrapper/FMLHANDSHAKE]: Recieved login wrapper packet event for channel fml:handshake with index 15
[15May2026 02:44:48.041] [Netty Epoll Server IO #0/DEBUG] [net.minecraftforge.network.HandshakeHandler/FMLHANDSHAKE]: Received client indexed reply 15 of type net.minecraftforge.network.HandshakeMessages$C2SAcknowledge
[15May2026 02:44:48.041] [Netty Epoll Server IO #0/DEBUG] [net.minecraftforge.network.HandshakeHandler/FMLHANDSHAKE]: Received acknowledgement from client
[15May2026 02:44:48.059] [Server thread/DEBUG] [net.minecraftforge.network.HandshakeHandler/FMLHANDSHAKE]: Sending ticking packet info 'Registry minecraft:mob_effect' to 'fml:handshake' sequence 17
[15May2026 02:44:48.086] [Netty Epoll Server IO #0/DEBUG] [net.minecraftforge.network.LoginWrapper/FMLHANDSHAKE]: Recieved login wrapper packet event for channel fml:handshake with index 16
[15May2026 02:44:48.086] [Netty Epoll Server IO #0/DEBUG] [net.minecraftforge.network.HandshakeHandler/FMLHANDSHAKE]: Received client indexed reply 16 of type net.minecraftforge.network.HandshakeMessages$C2SAcknowledge
[15May2026 02:44:48.086] [Netty Epoll Server IO #0/DEBUG] [net.minecraftforge.network.HandshakeHandler/FMLHANDSHAKE]: Received acknowledgement from client
[15May2026 02:44:48.107] [Server thread/DEBUG] [net.minecraftforge.network.HandshakeHandler/FMLHANDSHAKE]: Sending ticking packet info 'Registry minecraft:stat_type' to 'fml:handshake' sequence 18
[15May2026 02:44:48.147] [Netty Epoll Server IO #0/DEBUG] [net.minecraftforge.network.LoginWrapper/FMLHANDSHAKE]: Recieved login wrapper packet event for channel fml:handshake with index 17
[15May2026 02:44:48.147] [Netty Epoll Server IO #0/DEBUG] [net.minecraftforge.network.HandshakeHandler/FMLHANDSHAKE]: Received client indexed reply 17 of type net.minecraftforge.network.HandshakeMessages$C2SAcknowledge
[15May2026 02:44:48.147] [Netty Epoll Server IO #0/DEBUG] [net.minecraftforge.network.HandshakeHandler/FMLHANDSHAKE]: Received acknowledgement from client
[15May2026 02:44:48.155] [Server thread/DEBUG] [net.minecraftforge.network.HandshakeHandler/FMLHANDSHAKE]: Sending ticking packet info 'Registry tombstone:perks' to 'fml:handshake' sequence 19
[15May2026 02:44:48.198] [Netty Epoll Server IO #0/DEBUG] [net.minecraftforge.network.LoginWrapper/FMLHANDSHAKE]: Recieved login wrapper packet event for channel fml:handshake with index 18
[15May2026 02:44:48.198] [Netty Epoll Server IO #0/DEBUG] [net.minecraftforge.network.HandshakeHandler/FMLHANDSHAKE]: Received client indexed reply 18 of type net.minecraftforge.network.HandshakeMessages$C2SAcknowledge
[15May2026 02:44:48.198] [Netty Epoll Server IO #0/DEBUG] [net.minecraftforge.network.HandshakeHandler/FMLHANDSHAKE]: Received acknowledgement from client
[15May2026 02:44:48.207] [Server thread/DEBUG] [net.minecraftforge.network.HandshakeHandler/FMLHANDSHAKE]: Sending ticking packet info 'Registry minecraft:menu' to 'fml:handshake' sequence 20
[15May2026 02:44:48.248] [Netty Epoll Server IO #0/DEBUG] [net.minecraftforge.network.LoginWrapper/FMLHANDSHAKE]: Recieved login wrapper packet event for channel fml:handshake with index 19
[15May2026 02:44:48.248] [Netty Epoll Server IO #0/DEBUG] [net.minecraftforge.network.HandshakeHandler/FMLHANDSHAKE]: Received client indexed reply 19 of type net.minecraftforge.network.HandshakeMessages$C2SAcknowledge
[15May2026 02:44:48.248] [Netty Epoll Server IO #0/DEBUG] [net.minecraftforge.network.HandshakeHandler/FMLHANDSHAKE]: Received acknowledgement from client
[15May2026 02:44:48.262] [Server thread/DEBUG] [net.minecraftforge.network.HandshakeHandler/FMLHANDSHAKE]: Sending ticking packet info 'Registry minecraft:enchantment' to 'fml:handshake' sequence 21
[15May2026 02:44:48.291] [Netty Epoll Server IO #0/DEBUG] [net.minecraftforge.network.LoginWrapper/FMLHANDSHAKE]: Recieved login wrapper packet event for channel fml:handshake with index 20
[15May2026 02:44:48.291] [Netty Epoll Server IO #0/DEBUG] [net.minecraftforge.network.HandshakeHandler/FMLHANDSHAKE]: Received client indexed reply 20 of type net.minecraftforge.network.HandshakeMessages$C2SAcknowledge
[15May2026 02:44:48.291] [Netty Epoll Server IO #0/DEBUG] [net.minecraftforge.network.HandshakeHandler/FMLHANDSHAKE]: Received acknowledgement from client
[15May2026 02:44:48.308] [Server thread/DEBUG] [net.minecraftforge.network.HandshakeHandler/FMLHANDSHAKE]: Sending ticking packet info 'Registry minecraft:fluid' to 'fml:handshake' sequence 22
[15May2026 02:44:48.339] [Netty Epoll Server IO #0/DEBUG] [net.minecraftforge.network.LoginWrapper/FMLHANDSHAKE]: Recieved login wrapper packet event for channel fml:handshake with index 21
[15May2026 02:44:48.339] [Netty Epoll Server IO #0/DEBUG] [net.minecraftforge.network.HandshakeHandler/FMLHANDSHAKE]: Received client indexed reply 21 of type net.minecraftforge.network.HandshakeMessages$C2SAcknowledge
[15May2026 02:44:48.339] [Netty Epoll Server IO #0/DEBUG] [net.minecraftforge.network.HandshakeHandler/FMLHANDSHAKE]: Received acknowledgement from client
[15May2026 02:44:48.358] [Server thread/DEBUG] [net.minecraftforge.network.HandshakeHandler/FMLHANDSHAKE]: Sending ticking packet info 'Registry minecraft:entity_type' to 'fml:handshake' sequence 23
[15May2026 02:44:48.378] [Netty Epoll Server IO #0/DEBUG] [net.minecraftforge.network.LoginWrapper/FMLHANDSHAKE]: Recieved login wrapper packet event for channel fml:handshake with index 22
[15May2026 02:44:48.378] [Netty Epoll Server IO #0/DEBUG] [net.minecraftforge.network.HandshakeHandler/FMLHANDSHAKE]: Received client indexed reply 22 of type net.minecraftforge.network.HandshakeMessages$C2SAcknowledge
[15May2026 02:44:48.378] [Netty Epoll Server IO #0/DEBUG] [net.minecraftforge.network.HandshakeHandler/FMLHANDSHAKE]: Received acknowledgement from client
[15May2026 02:44:48.410] [Server thread/DEBUG] [net.minecraftforge.network.HandshakeHandler/FMLHANDSHAKE]: Sending ticking packet info 'Config securitycraft-server.toml' to 'fml:handshake' sequence 24
[15May2026 02:44:48.458] [Server thread/DEBUG] [net.minecraftforge.network.HandshakeHandler/FMLHANDSHAKE]: Sending ticking packet info 'Config curios-server.toml' to 'fml:handshake' sequence 25
[15May2026 02:44:48.507] [Server thread/DEBUG] [net.minecraftforge.network.HandshakeHandler/FMLHANDSHAKE]: Sending ticking packet info 'Config illagerinvasion-server.toml' to 'fml:handshake' sequence 26
[15May2026 02:44:48.555] [Server thread/DEBUG] [net.minecraftforge.network.HandshakeHandler/FMLHANDSHAKE]: Sending ticking packet info 'Config paraglider-server.toml' to 'fml:handshake' sequence 27
[15May2026 02:44:48.606] [Server thread/DEBUG] [net.minecraftforge.network.HandshakeHandler/FMLHANDSHAKE]: Sending ticking packet info 'Config tombstone-server.toml' to 'fml:handshake' sequence 28
[15May2026 02:44:48.657] [Server thread/DEBUG] [net.minecraftforge.network.HandshakeHandler/FMLHANDSHAKE]: Sending ticking packet info 'Config sophisticatedbackpacks-server.toml' to 'fml:handshake' sequence 29
[15May2026 02:44:48.708] [Server thread/DEBUG] [net.minecraftforge.network.HandshakeHandler/FMLHANDSHAKE]: Sending ticking packet info 'Config jei-server.toml' to 'fml:handshake' sequence 30
[15May2026 02:44:48.757] [Server thread/DEBUG] [net.minecraftforge.network.HandshakeHandler/FMLHANDSHAKE]: Sending ticking packet info 'Config tacz-server.toml' to 'fml:handshake' sequence 31
[15May2026 02:44:48.807] [Server thread/DEBUG] [net.minecraftforge.network.HandshakeHandler/FMLHANDSHAKE]: Sending ticking packet info 'Config forge-server.toml' to 'fml:handshake' sequence 32
[15May2026 02:44:49.029] [Netty Epoll Server IO #0/DEBUG] [net.minecraftforge.network.LoginWrapper/FMLHANDSHAKE]: Recieved login wrapper packet event for channel fml:handshake with index 23
[15May2026 02:44:49.029] [Netty Epoll Server IO #0/DEBUG] [net.minecraftforge.network.HandshakeHandler/FMLHANDSHAKE]: Received client indexed reply 23 of type net.minecraftforge.network.HandshakeMessages$C2SAcknowledge
[15May2026 02:44:49.029] [Netty Epoll Server IO #0/DEBUG] [net.minecraftforge.network.HandshakeHandler/FMLHANDSHAKE]: Received acknowledgement from client
[15May2026 02:44:49.030] [Netty Epoll Server IO #0/DEBUG] [net.minecraftforge.network.LoginWrapper/FMLHANDSHAKE]: Recieved login wrapper packet event for channel fml:handshake with index 24
[15May2026 02:44:49.030] [Netty Epoll Server IO #0/DEBUG] [net.minecraftforge.network.HandshakeHandler/FMLHANDSHAKE]: Received client indexed reply 24 of type net.minecraftforge.network.HandshakeMessages$C2SAcknowledge
[15May2026 02:44:49.030] [Netty Epoll Server IO #0/DEBUG] [net.minecraftforge.network.HandshakeHandler/FMLHANDSHAKE]: Received acknowledgement from client
[15May2026 02:44:49.031] [Netty Epoll Server IO #0/DEBUG] [net.minecraftforge.network.LoginWrapper/FMLHANDSHAKE]: Recieved login wrapper packet event for channel fml:handshake with index 25
[15May2026 02:44:49.031] [Netty Epoll Server IO #0/DEBUG] [net.minecraftforge.network.HandshakeHandler/FMLHANDSHAKE]: Received client indexed reply 25 of type net.minecraftforge.network.HandshakeMessages$C2SAcknowledge
[15May2026 02:44:49.031] [Netty Epoll Server IO #0/DEBUG] [net.minecraftforge.network.HandshakeHandler/FMLHANDSHAKE]: Received acknowledgement from client
[15May2026 02:44:49.032] [Netty Epoll Server IO #0/DEBUG] [net.minecraftforge.network.LoginWrapper/FMLHANDSHAKE]: Recieved login wrapper packet event for channel fml:handshake with index 26
[15May2026 02:44:49.032] [Netty Epoll Server IO #0/DEBUG] [net.minecraftforge.network.HandshakeHandler/FMLHANDSHAKE]: Received client indexed reply 26 of type net.minecraftforge.network.HandshakeMessages$C2SAcknowledge
[15May2026 02:44:49.032] [Netty Epoll Server IO #0/DEBUG] [net.minecraftforge.network.HandshakeHandler/FMLHANDSHAKE]: Received acknowledgement from client
[15May2026 02:44:49.032] [Netty Epoll Server IO #0/DEBUG] [net.minecraftforge.network.LoginWrapper/FMLHANDSHAKE]: Recieved login wrapper packet event for channel fml:handshake with index 27
[15May2026 02:44:49.032] [Netty Epoll Server IO #0/DEBUG] [net.minecraftforge.network.HandshakeHandler/FMLHANDSHAKE]: Received client indexed reply 27 of type net.minecraftforge.network.HandshakeMessages$C2SAcknowledge
[15May2026 02:44:49.032] [Netty Epoll Server IO #0/DEBUG] [net.minecraftforge.network.HandshakeHandler/FMLHANDSHAKE]: Received acknowledgement from client
[15May2026 02:45:07.148] [Netty Epoll Server IO #0/DEBUG] [net.minecraftforge.network.LoginWrapper/FMLHANDSHAKE]: Recieved login wrapper packet event for channel fml:handshake with index 28
[15May2026 02:45:07.148] [Netty Epoll Server IO #0/DEBUG] [net.minecraftforge.network.HandshakeHandler/FMLHANDSHAKE]: Received client indexed reply 28 of type net.minecraftforge.network.HandshakeMessages$C2SAcknowledge
[15May2026 02:45:07.149] [Netty Epoll Server IO #0/DEBUG] [net.minecraftforge.network.HandshakeHandler/FMLHANDSHAKE]: Received acknowledgement from client
[15May2026 02:45:17.210] [Server thread/INFO] [net.minecraft.server.network.ServerLoginPacketListenerImpl/]: Disconnecting com.mojang.authlib.GameProfile@6057f917[id=<null>,name=JAGlitsh,properties={},legacy=false] (/100.92.193.35:60670): Took too long to log in
[15May2026 02:45:17.211] [Server thread/INFO] [net.minecraft.server.network.ServerLoginPacketListenerImpl/]: com.mojang.authlib.GameProfile@6057f917[id=<null>,name=JAGlitsh,properties={},legacy=false] (/100.92.193.35:60670) lost connection: Took too long to log in
[15May2026 02:45:17.257] [Server thread/WARN] [net.minecraft.network.Connection/]: handleDisconnection() called twice
[15May2026 02:45:39.612] [Server thread/INFO] [net.minecraft.server.network.ServerGamePacketListenerImpl/]: elpepe lost connection: Disconnected
[15May2026 02:45:39.612] [Server thread/INFO] [net.minecraft.server.MinecraftServer/]: elpepe left the game
[15May2026 02:45:45.588] [Netty Epoll Server IO #2/DEBUG] [net.minecraftforge.network.HandshakeHandler/FMLHANDSHAKE]: Starting new modded impl connection. Found 33 messages to dispatch.
[15May2026 02:45:45.592] [Server thread/DEBUG] [net.minecraftforge.network.HandshakeHandler/FMLHANDSHAKE]: Sending ticking packet info 'com.tacz.guns.network.message.handshake.ServerMessageSyncedEntityDataMapping' to 'tacz:handshake' sequence 0
[15May2026 02:45:45.642] [Server thread/DEBUG] [net.minecraftforge.network.HandshakeHandler/FMLHANDSHAKE]: Sending ticking packet info 'FrameworkConfig refurbished_furniture:server' to 'framework:handshake' sequence 1
[15May2026 02:45:45.673] [Netty Epoll Server IO #2/DEBUG] [net.minecraftforge.network.LoginWrapper/FMLHANDSHAKE]: Recieved login wrapper packet event for channel tacz:handshake with index 0
[15May2026 02:45:45.673] [Netty Epoll Server IO #2/DEBUG] [net.minecraftforge.network.HandshakeHandler/FMLHANDSHAKE]: Received client indexed reply 0 of type com.tacz.guns.network.message.handshake.Acknowledge
[15May2026 02:45:45.673] [Netty Epoll Server IO #2/DEBUG] [tacz/HANDSHAKE_ACKNOWLEDGE]: Received acknowledgement from client
[15May2026 02:45:45.691] [Server thread/DEBUG] [net.minecraftforge.network.HandshakeHandler/FMLHANDSHAKE]: Sending ticking packet info 'net.minecraftforge.network.HandshakeMessages$S2CModData' to 'fml:handshake' sequence 2
[15May2026 02:45:45.724] [Netty Epoll Server IO #2/DEBUG] [net.minecraftforge.network.LoginWrapper/FMLHANDSHAKE]: Recieved login wrapper packet event for channel framework:handshake with index 1
[15May2026 02:45:45.724] [Netty Epoll Server IO #2/DEBUG] [net.minecraftforge.network.HandshakeHandler/FMLHANDSHAKE]: Received client indexed reply 1 of type com.mrcrayfish.framework.api.network.message.HandshakeMessage$Acknowledge
[15May2026 02:45:45.724] [Netty Epoll Server IO #2/DEBUG] [Framework/FRAMEWORK_HANDSHAKE]: Received acknowledgement from client
[15May2026 02:45:45.741] [Server thread/DEBUG] [net.minecraftforge.network.HandshakeHandler/FMLHANDSHAKE]: Sending ticking packet info 'net.minecraftforge.network.HandshakeMessages$S2CModList' to 'fml:handshake' sequence 3
[15May2026 02:45:45.791] [Server thread/DEBUG] [net.minecraftforge.network.HandshakeHandler/FMLHANDSHAKE]: Sending ticking packet info 'Registry minecraft:command_argument_type' to 'fml:handshake' sequence 4
[15May2026 02:45:45.820] [Netty Epoll Server IO #2/DEBUG] [net.minecraftforge.network.LoginWrapper/FMLHANDSHAKE]: Recieved login wrapper packet event for channel fml:handshake with index 3
[15May2026 02:45:45.820] [Netty Epoll Server IO #2/DEBUG] [net.minecraftforge.network.HandshakeHandler/FMLHANDSHAKE]: Received client indexed reply 3 of type net.minecraftforge.network.HandshakeMessages$C2SModListReply
[15May2026 02:45:45.821] [Netty Epoll Server IO #2/DEBUG] [net.minecraftforge.network.HandshakeHandler/FMLHANDSHAKE]: Received client connection with modlist [betterdungeons, kuma_api, geckolib, illagerinvasion, dynamiclights, immersive_aircraft, sophisticatedcore, xaeroworldmap, placebo, citadel, alexsmobs, yungsapi, mixinextras, sophisticatedbackpacks, forgivingvoid, hordes, balm, immersive_armors, carryon, betterfortresses, paraglider, cloth_config, embeddium, rubidium, uniqueaccessories, torchmaster, clockwork, resourcefulconfig, curiouslanterns, curios, cerbons_api, attributeslib, tombstone, atlaslib, resourcefullib, architectury, blockpops, justhammers, refurbished_furniture, jadeaddons, framework, fallingtree, camerapture, galena_hats, too_many_bows, jei, xaerolib, tacz, multikulti_core, yungscavebiomes, nirvana, knightlib, multikulti_registrate, bosses_of_mass_destruction, watut, puzzlesaccessapi, forge, travelerstitles, dungeons_arise, minecraft, born_in_chaos_v1, opposing_force, doppelganger2, lucky, terrablender, radiantgear, jade, knightquest, kotlinforforge, ribbits, xaerominimap, brainrotprotocol, securitycraft, armoroftheages, figura, coroutil, creeperoverhaul, yet_another_config_lib_v3, puzzleslib]
[15May2026 02:45:45.821] [Netty Epoll Server IO #2/DEBUG] [net.minecraftforge.network.NetworkRegistry/NETREGISTRY]: Channel 'watut:main' : Version test of '4' from client : ACCEPTED
[15May2026 02:45:45.821] [Netty Epoll Server IO #2/DEBUG] [net.minecraftforge.network.NetworkRegistry/NETREGISTRY]: Channel 'torchmaster:main' : Version test of '1' from client : ACCEPTED
[15May2026 02:45:45.821] [Netty Epoll Server IO #2/DEBUG] [net.minecraftforge.network.NetworkRegistry/NETREGISTRY]: Channel 'ic_ia:main' : Version test of '1' from client : ACCEPTED
[15May2026 02:45:45.821] [Netty Epoll Server IO #2/DEBUG] [net.minecraftforge.network.NetworkRegistry/NETREGISTRY]: Channel 'jei:channel' : Version test of '1.0.0' from client : ACCEPTED
[15May2026 02:45:45.821] [Netty Epoll Server IO #2/DEBUG] [net.minecraftforge.network.NetworkRegistry/NETREGISTRY]: Channel 'minecraft:unregister' : Version test of 'FML3' from client : ACCEPTED
[15May2026 02:45:45.821] [Netty Epoll Server IO #2/DEBUG] [net.minecraftforge.network.NetworkRegistry/NETREGISTRY]: Channel 'xaerominimap:main' : Version test of '1.0' from client : ACCEPTED
[15May2026 02:45:45.821] [Netty Epoll Server IO #2/DEBUG] [net.minecraftforge.network.NetworkRegistry/NETREGISTRY]: Channel 'sophisticatedbackpacks:channel' : Version test of '1' from client : ACCEPTED
[15May2026 02:45:45.821] [Netty Epoll Server IO #2/DEBUG] [net.minecraftforge.network.NetworkRegistry/NETREGISTRY]: Channel 'armoroftheages:config_sync' : Version test of '1' from client : ACCEPTED
[15May2026 02:45:45.821] [Netty Epoll Server IO #2/DEBUG] [net.minecraftforge.network.NetworkRegistry/NETREGISTRY]: Channel 'framework:play' : Version test of '1' from client : ACCEPTED
[15May2026 02:45:45.821] [Netty Epoll Server IO #2/DEBUG] [net.minecraftforge.network.NetworkRegistry/NETREGISTRY]: Channel 'fallingtree:main' : Version test of '1' from client : ACCEPTED
[15May2026 02:45:45.821] [Netty Epoll Server IO #2/DEBUG] [net.minecraftforge.network.NetworkRegistry/NETREGISTRY]: Channel 'tacz:handshake' : Version test of '1.0.4' from client : ACCEPTED
[15May2026 02:45:45.821] [Netty Epoll Server IO #2/DEBUG] [net.minecraftforge.network.NetworkRegistry/NETREGISTRY]: Channel 'attributeslib:attributeslib' : Version test of '1.0.0' from client : ACCEPTED
[15May2026 02:45:45.821] [Netty Epoll Server IO #2/DEBUG] [net.minecraftforge.network.NetworkRegistry/NETREGISTRY]: Channel 'opposing_force:network' : Version test of '1.0' from client : ACCEPTED
[15May2026 02:45:45.821] [Netty Epoll Server IO #2/DEBUG] [net.minecraftforge.network.NetworkRegistry/NETREGISTRY]: Channel 'ribbits:messages' : Version test of '1.0' from client : ACCEPTED
[15May2026 02:45:45.821] [Netty Epoll Server IO #2/DEBUG] [net.minecraftforge.network.NetworkRegistry/NETREGISTRY]: Channel 'forge:tier_sorting' : Version test of '1.0' from client : ACCEPTED
[15May2026 02:45:45.821] [Netty Epoll Server IO #2/DEBUG] [net.minecraftforge.network.NetworkRegistry/NETREGISTRY]: Channel 'alexsmobs:main_channel' : Version test of '1' from client : ACCEPTED
[15May2026 02:45:45.821] [Netty Epoll Server IO #2/DEBUG] [net.minecraftforge.network.NetworkRegistry/NETREGISTRY]: Channel 'paraglider:master' : Version test of '2.0' from client : ACCEPTED
[15May2026 02:45:45.821] [Netty Epoll Server IO #2/DEBUG] [net.minecraftforge.network.NetworkRegistry/NETREGISTRY]: Channel 'fml:play' : Version test of 'FML3' from client : ACCEPTED
[15May2026 02:45:45.821] [Netty Epoll Server IO #2/DEBUG] [net.minecraftforge.network.NetworkRegistry/NETREGISTRY]: Channel 'hordes:infection' : Version test of '1' from client : ACCEPTED
[15May2026 02:45:45.821] [Netty Epoll Server IO #2/DEBUG] [net.minecraftforge.network.NetworkRegistry/NETREGISTRY]: Channel 'knightlib:main' : Version test of '1' from client : ACCEPTED
[15May2026 02:45:45.821] [Netty Epoll Server IO #2/DEBUG] [net.minecraftforge.network.NetworkRegistry/NETREGISTRY]: Channel 'camerapture:main' : Version test of '2' from client : ACCEPTED
[15May2026 02:45:45.821] [Netty Epoll Server IO #2/DEBUG] [net.minecraftforge.network.NetworkRegistry/NETREGISTRY]: Channel 'hordes:hordeevent' : Version test of '1' from client : ACCEPTED
[15May2026 02:45:45.821] [Netty Epoll Server IO #2/DEBUG] [net.minecraftforge.network.NetworkRegistry/NETREGISTRY]: Channel 'xaeroworldmap:main' : Version test of '1.0' from client : ACCEPTED
[15May2026 02:45:45.821] [Netty Epoll Server IO #2/DEBUG] [net.minecraftforge.network.NetworkRegistry/NETREGISTRY]: Channel 'minecraft:register' : Version test of 'FML3' from client : ACCEPTED
[15May2026 02:45:45.821] [Netty Epoll Server IO #2/DEBUG] [net.minecraftforge.network.NetworkRegistry/NETREGISTRY]: Channel 'brainrotprotocol:brainrotprotocol' : Version test of '1' from client : ACCEPTED
[15May2026 02:45:45.821] [Netty Epoll Server IO #2/DEBUG] [net.minecraftforge.network.NetworkRegistry/NETREGISTRY]: Channel 'geckolib:main' : Version test of '1' from client : ACCEPTED
[15May2026 02:45:45.821] [Netty Epoll Server IO #2/DEBUG] [net.minecraftforge.network.NetworkRegistry/NETREGISTRY]: Channel 'refurbished_furniture:play' : Version test of '1' from client : ACCEPTED
[15May2026 02:45:45.821] [Netty Epoll Server IO #2/DEBUG] [net.minecraftforge.network.NetworkRegistry/NETREGISTRY]: Channel 'doppelganger2:doppelganger2' : Version test of '1' from client : ACCEPTED
[15May2026 02:45:45.821] [Netty Epoll Server IO #2/DEBUG] [net.minecraftforge.network.NetworkRegistry/NETREGISTRY]: Channel 'galena_hats:network' : Version test of '1' from client : ACCEPTED
[15May2026 02:45:45.821] [Netty Epoll Server IO #2/DEBUG] [net.minecraftforge.network.NetworkRegistry/NETREGISTRY]: Channel 'architectury:network' : Version test of '1' from client : ACCEPTED
[15May2026 02:45:45.821] [Netty Epoll Server IO #2/DEBUG] [net.minecraftforge.network.NetworkRegistry/NETREGISTRY]: Channel 'brainrotprotocol:hammer_shake' : Version test of '1' from client : ACCEPTED
[15May2026 02:45:45.821] [Netty Epoll Server IO #2/DEBUG] [net.minecraftforge.network.NetworkRegistry/NETREGISTRY]: Channel 'carryon:carryonpackets' : Version test of '1.0' from client : ACCEPTED
[15May2026 02:45:45.821] [Netty Epoll Server IO #2/DEBUG] [net.minecraftforge.network.NetworkRegistry/NETREGISTRY]: Channel 'ic_air:main' : Version test of '1' from client : ACCEPTED
[15May2026 02:45:45.821] [Netty Epoll Server IO #2/DEBUG] [net.minecraftforge.network.NetworkRegistry/NETREGISTRY]: Channel 'citadel:main_channel' : Version test of '1' from client : ACCEPTED
[15May2026 02:45:45.821] [Netty Epoll Server IO #2/DEBUG] [net.minecraftforge.network.NetworkRegistry/NETREGISTRY]: Channel 'puzzleslib:1' : Version test of '1' from client : ACCEPTED
[15May2026 02:45:45.821] [Netty Epoll Server IO #2/DEBUG] [net.minecraftforge.network.NetworkRegistry/NETREGISTRY]: Channel 'securitycraft:securitycraft' : Version test of 'v1.10.1' from client : ACCEPTED
[15May2026 02:45:45.821] [Netty Epoll Server IO #2/DEBUG] [net.minecraftforge.network.NetworkRegistry/NETREGISTRY]: Channel 'brainrotprotocol:shake_tralalerotralala' : Version test of '1' from client : ACCEPTED
[15May2026 02:45:45.821] [Netty Epoll Server IO #2/DEBUG] [net.minecraftforge.network.NetworkRegistry/NETREGISTRY]: Channel 'born_in_chaos_v1:born_in_chaos_v1' : Version test of '1' from client : ACCEPTED
[15May2026 02:45:45.821] [Netty Epoll Server IO #2/DEBUG] [net.minecraftforge.network.NetworkRegistry/NETREGISTRY]: Channel 'brainrotprotocol:shake' : Version test of '1' from client : ACCEPTED
[15May2026 02:45:45.821] [Netty Epoll Server IO #2/DEBUG] [net.minecraftforge.network.NetworkRegistry/NETREGISTRY]: Channel 'bosses_of_mass_destruction:packets' : Version test of '1' from client : ACCEPTED
[15May2026 02:45:45.821] [Netty Epoll Server IO #2/DEBUG] [net.minecraftforge.network.NetworkRegistry/NETREGISTRY]: Channel 'curios:main' : Version test of '1' from client : ACCEPTED
[15May2026 02:45:45.821] [Netty Epoll Server IO #2/DEBUG] [net.minecraftforge.network.NetworkRegistry/NETREGISTRY]: Channel 'placebo:placebo' : Version test of '1.0.0' from client : ACCEPTED
[15May2026 02:45:45.822] [Netty Epoll Server IO #2/DEBUG] [net.minecraftforge.network.NetworkRegistry/NETREGISTRY]: Channel 'balm:network' : Version test of '1.0' from client : ACCEPTED
[15May2026 02:45:45.822] [Netty Epoll Server IO #2/DEBUG] [net.minecraftforge.network.NetworkRegistry/NETREGISTRY]: Channel 'framework:handshake' : Version test of '1' from client : ACCEPTED
[15May2026 02:45:45.822] [Netty Epoll Server IO #2/DEBUG] [net.minecraftforge.network.NetworkRegistry/NETREGISTRY]: Channel 'fml:loginwrapper' : Version test of 'FML3' from client : ACCEPTED
[15May2026 02:45:45.822] [Netty Epoll Server IO #2/DEBUG] [net.minecraftforge.network.NetworkRegistry/NETREGISTRY]: Channel 'cerbons_api:packets' : Version test of '1' from client : ACCEPTED
[15May2026 02:45:45.822] [Netty Epoll Server IO #2/DEBUG] [net.minecraftforge.network.NetworkRegistry/NETREGISTRY]: Channel 'tombstone:tombstone_channel' : Version test of 'tombstone-9.0.10' from client : ACCEPTED
[15May2026 02:45:45.822] [Netty Epoll Server IO #2/DEBUG] [net.minecraftforge.network.NetworkRegistry/NETREGISTRY]: Channel 'xaerolib:main' : Version test of '1.0' from client : ACCEPTED
[15May2026 02:45:45.822] [Netty Epoll Server IO #2/DEBUG] [net.minecraftforge.network.NetworkRegistry/NETREGISTRY]: Channel 'yungscavebiomes:messages' : Version test of '1.0' from client : ACCEPTED
[15May2026 02:45:45.822] [Netty Epoll Server IO #2/DEBUG] [net.minecraftforge.network.NetworkRegistry/NETREGISTRY]: Channel 'uniqueaccessories:main' : Version test of '1' from client : ACCEPTED
[15May2026 02:45:45.822] [Netty Epoll Server IO #2/DEBUG] [net.minecraftforge.network.NetworkRegistry/NETREGISTRY]: Channel 'sophisticatedcore:channel' : Version test of '1' from client : ACCEPTED
[15May2026 02:45:45.822] [Netty Epoll Server IO #2/DEBUG] [net.minecraftforge.network.NetworkRegistry/NETREGISTRY]: Channel 'brainrotprotocol:saw_bus' : Version test of '1' from client : ACCEPTED
[15May2026 02:45:45.822] [Netty Epoll Server IO #2/DEBUG] [net.minecraftforge.network.NetworkRegistry/NETREGISTRY]: Channel 'fml:handshake' : Version test of 'FML3' from client : ACCEPTED
[15May2026 02:45:45.822] [Netty Epoll Server IO #2/DEBUG] [net.minecraftforge.network.NetworkRegistry/NETREGISTRY]: Channel 'forge:split' : Version test of '1.1' from client : ACCEPTED
[15May2026 02:45:45.822] [Netty Epoll Server IO #2/DEBUG] [net.minecraftforge.network.NetworkRegistry/NETREGISTRY]: Channel 'tacz:network' : Version test of '1.0.4' from client : ACCEPTED
[15May2026 02:45:45.822] [Netty Epoll Server IO #2/DEBUG] [net.minecraftforge.network.NetworkRegistry/NETREGISTRY]: Channel 'jade:networking' : Version test of '2' from client : ACCEPTED
[15May2026 02:45:45.822] [Netty Epoll Server IO #2/DEBUG] [net.minecraftforge.network.NetworkRegistry/NETREGISTRY]: Accepting channel list from client
[15May2026 02:45:45.822] [Netty Epoll Server IO #2/DEBUG] [net.minecraftforge.network.HandshakeHandler/FMLHANDSHAKE]: Accepted client connection mod list
[15May2026 02:45:45.842] [Server thread/DEBUG] [net.minecraftforge.network.HandshakeHandler/FMLHANDSHAKE]: Sending ticking packet info 'Registry minecraft:recipe_serializer' to 'fml:handshake' sequence 5
[15May2026 02:45:45.869] [Netty Epoll Server IO #2/DEBUG] [net.minecraftforge.network.LoginWrapper/FMLHANDSHAKE]: Recieved login wrapper packet event for channel fml:handshake with index 4
[15May2026 02:45:45.869] [Netty Epoll Server IO #2/DEBUG] [net.minecraftforge.network.HandshakeHandler/FMLHANDSHAKE]: Received client indexed reply 4 of type net.minecraftforge.network.HandshakeMessages$C2SAcknowledge
[15May2026 02:45:45.869] [Netty Epoll Server IO #2/DEBUG] [net.minecraftforge.network.HandshakeHandler/FMLHANDSHAKE]: Received acknowledgement from client
[15May2026 02:45:45.892] [Server thread/DEBUG] [net.minecraftforge.network.HandshakeHandler/FMLHANDSHAKE]: Sending ticking packet info 'Registry minecraft:sound_event' to 'fml:handshake' sequence 6
[15May2026 02:45:45.919] [Netty Epoll Server IO #2/DEBUG] [net.minecraftforge.network.LoginWrapper/FMLHANDSHAKE]: Recieved login wrapper packet event for channel fml:handshake with index 5
[15May2026 02:45:45.919] [Netty Epoll Server IO #2/DEBUG] [net.minecraftforge.network.HandshakeHandler/FMLHANDSHAKE]: Received client indexed reply 5 of type net.minecraftforge.network.HandshakeMessages$C2SAcknowledge
[15May2026 02:45:45.919] [Netty Epoll Server IO #2/DEBUG] [net.minecraftforge.network.HandshakeHandler/FMLHANDSHAKE]: Received acknowledgement from client
[15May2026 02:45:45.941] [Server thread/DEBUG] [net.minecraftforge.network.HandshakeHandler/FMLHANDSHAKE]: Sending ticking packet info 'Registry minecraft:particle_type' to 'fml:handshake' sequence 7
[15May2026 02:45:45.991] [Server thread/DEBUG] [net.minecraftforge.network.HandshakeHandler/FMLHANDSHAKE]: Sending ticking packet info 'Registry minecraft:villager_profession' to 'fml:handshake' sequence 8
[15May2026 02:45:46.041] [Server thread/DEBUG] [net.minecraftforge.network.HandshakeHandler/FMLHANDSHAKE]: Sending ticking packet info 'Registry minecraft:item' to 'fml:handshake' sequence 9
[15May2026 02:45:46.085] [Netty Epoll Server IO #2/DEBUG] [net.minecraftforge.network.LoginWrapper/FMLHANDSHAKE]: Recieved login wrapper packet event for channel fml:handshake with index 6
[15May2026 02:45:46.086] [Netty Epoll Server IO #2/DEBUG] [net.minecraftforge.network.HandshakeHandler/FMLHANDSHAKE]: Received client indexed reply 6 of type net.minecraftforge.network.HandshakeMessages$C2SAcknowledge
[15May2026 02:45:46.086] [Netty Epoll Server IO #2/DEBUG] [net.minecraftforge.network.HandshakeHandler/FMLHANDSHAKE]: Received acknowledgement from client
[15May2026 02:45:46.092] [Server thread/DEBUG] [net.minecraftforge.network.HandshakeHandler/FMLHANDSHAKE]: Sending ticking packet info 'Registry minecraft:potion' to 'fml:handshake' sequence 10
[15May2026 02:45:46.140] [Netty Epoll Server IO #2/DEBUG] [net.minecraftforge.network.LoginWrapper/FMLHANDSHAKE]: Recieved login wrapper packet event for channel fml:handshake with index 7
[15May2026 02:45:46.140] [Netty Epoll Server IO #2/DEBUG] [net.minecraftforge.network.HandshakeHandler/FMLHANDSHAKE]: Received client indexed reply 7 of type net.minecraftforge.network.HandshakeMessages$C2SAcknowledge
[15May2026 02:45:46.140] [Netty Epoll Server IO #2/DEBUG] [net.minecraftforge.network.HandshakeHandler/FMLHANDSHAKE]: Received acknowledgement from client
[15May2026 02:45:46.140] [Netty Epoll Server IO #2/DEBUG] [net.minecraftforge.network.LoginWrapper/FMLHANDSHAKE]: Recieved login wrapper packet event for channel fml:handshake with index 8
[15May2026 02:45:46.140] [Netty Epoll Server IO #2/DEBUG] [net.minecraftforge.network.HandshakeHandler/FMLHANDSHAKE]: Received client indexed reply 8 of type net.minecraftforge.network.HandshakeMessages$C2SAcknowledge
[15May2026 02:45:46.140] [Netty Epoll Server IO #2/DEBUG] [net.minecraftforge.network.HandshakeHandler/FMLHANDSHAKE]: Received acknowledgement from client
[15May2026 02:45:46.142] [Server thread/DEBUG] [net.minecraftforge.network.HandshakeHandler/FMLHANDSHAKE]: Sending ticking packet info 'Registry minecraft:painting_variant' to 'fml:handshake' sequence 11
[15May2026 02:45:46.191] [Server thread/DEBUG] [net.minecraftforge.network.HandshakeHandler/FMLHANDSHAKE]: Sending ticking packet info 'Registry forge:fluid_type' to 'fml:handshake' sequence 12
[15May2026 02:45:46.232] [Netty Epoll Server IO #2/DEBUG] [net.minecraftforge.network.LoginWrapper/FMLHANDSHAKE]: Recieved login wrapper packet event for channel fml:handshake with index 9
[15May2026 02:45:46.232] [Netty Epoll Server IO #2/DEBUG] [net.minecraftforge.network.HandshakeHandler/FMLHANDSHAKE]: Received client indexed reply 9 of type net.minecraftforge.network.HandshakeMessages$C2SAcknowledge
[15May2026 02:45:46.232] [Netty Epoll Server IO #2/DEBUG] [net.minecraftforge.network.HandshakeHandler/FMLHANDSHAKE]: Received acknowledgement from client
[15May2026 02:45:46.241] [Server thread/DEBUG] [net.minecraftforge.network.HandshakeHandler/FMLHANDSHAKE]: Sending ticking packet info 'Registry minecraft:block_entity_type' to 'fml:handshake' sequence 13
[15May2026 02:45:46.255] [Netty Epoll Server IO #2/DEBUG] [net.minecraftforge.network.LoginWrapper/FMLHANDSHAKE]: Recieved login wrapper packet event for channel fml:handshake with index 10
[15May2026 02:45:46.255] [Netty Epoll Server IO #2/DEBUG] [net.minecraftforge.network.HandshakeHandler/FMLHANDSHAKE]: Received client indexed reply 10 of type net.minecraftforge.network.HandshakeMessages$C2SAcknowledge
[15May2026 02:45:46.255] [Netty Epoll Server IO #2/DEBUG] [net.minecraftforge.network.HandshakeHandler/FMLHANDSHAKE]: Received acknowledgement from client
[15May2026 02:45:46.255] [Netty Epoll Server IO #2/DEBUG] [net.minecraftforge.network.LoginWrapper/FMLHANDSHAKE]: Recieved login wrapper packet event for channel fml:handshake with index 11
[15May2026 02:45:46.255] [Netty Epoll Server IO #2/DEBUG] [net.minecraftforge.network.HandshakeHandler/FMLHANDSHAKE]: Received client indexed reply 11 of type net.minecraftforge.network.HandshakeMessages$C2SAcknowledge
[15May2026 02:45:46.255] [Netty Epoll Server IO #2/DEBUG] [net.minecraftforge.network.HandshakeHandler/FMLHANDSHAKE]: Received acknowledgement from client
[15May2026 02:45:46.274] [Netty Epoll Server IO #2/DEBUG] [net.minecraftforge.network.LoginWrapper/FMLHANDSHAKE]: Recieved login wrapper packet event for channel fml:handshake with index 12
[15May2026 02:45:46.274] [Netty Epoll Server IO #2/DEBUG] [net.minecraftforge.network.HandshakeHandler/FMLHANDSHAKE]: Received client indexed reply 12 of type net.minecraftforge.network.HandshakeMessages$C2SAcknowledge
[15May2026 02:45:46.275] [Netty Epoll Server IO #2/DEBUG] [net.minecraftforge.network.HandshakeHandler/FMLHANDSHAKE]: Received acknowledgement from client
[15May2026 02:45:46.292] [Server thread/DEBUG] [net.minecraftforge.network.HandshakeHandler/FMLHANDSHAKE]: Sending ticking packet info 'Registry forge:display_contexts' to 'fml:handshake' sequence 14
[15May2026 02:45:46.320] [Netty Epoll Server IO #2/DEBUG] [net.minecraftforge.network.LoginWrapper/FMLHANDSHAKE]: Recieved login wrapper packet event for channel fml:handshake with index 13
[15May2026 02:45:46.321] [Netty Epoll Server IO #2/DEBUG] [net.minecraftforge.network.HandshakeHandler/FMLHANDSHAKE]: Received client indexed reply 13 of type net.minecraftforge.network.HandshakeMessages$C2SAcknowledge
[15May2026 02:45:46.321] [Netty Epoll Server IO #2/DEBUG] [net.minecraftforge.network.HandshakeHandler/FMLHANDSHAKE]: Received acknowledgement from client
[15May2026 02:45:46.342] [Server thread/DEBUG] [net.minecraftforge.network.HandshakeHandler/FMLHANDSHAKE]: Sending ticking packet info 'Registry minecraft:block' to 'fml:handshake' sequence 15
[15May2026 02:45:46.364] [Netty Epoll Server IO #2/DEBUG] [net.minecraftforge.network.LoginWrapper/FMLHANDSHAKE]: Recieved login wrapper packet event for channel fml:handshake with index 14
[15May2026 02:45:46.364] [Netty Epoll Server IO #2/DEBUG] [net.minecraftforge.network.HandshakeHandler/FMLHANDSHAKE]: Received client indexed reply 14 of type net.minecraftforge.network.HandshakeMessages$C2SAcknowledge
[15May2026 02:45:46.364] [Netty Epoll Server IO #2/DEBUG] [net.minecraftforge.network.HandshakeHandler/FMLHANDSHAKE]: Received acknowledgement from client
[15May2026 02:45:46.392] [Server thread/DEBUG] [net.minecraftforge.network.HandshakeHandler/FMLHANDSHAKE]: Sending ticking packet info 'Registry forge:entity_data_serializers' to 'fml:handshake' sequence 16
[15May2026 02:45:46.441] [Server thread/DEBUG] [net.minecraftforge.network.HandshakeHandler/FMLHANDSHAKE]: Sending ticking packet info 'Registry minecraft:mob_effect' to 'fml:handshake' sequence 17
[15May2026 02:45:46.486] [Netty Epoll Server IO #2/DEBUG] [net.minecraftforge.network.LoginWrapper/FMLHANDSHAKE]: Recieved login wrapper packet event for channel fml:handshake with index 15
[15May2026 02:45:46.486] [Netty Epoll Server IO #2/DEBUG] [net.minecraftforge.network.HandshakeHandler/FMLHANDSHAKE]: Received client indexed reply 15 of type net.minecraftforge.network.HandshakeMessages$C2SAcknowledge
[15May2026 02:45:46.487] [Netty Epoll Server IO #2/DEBUG] [net.minecraftforge.network.HandshakeHandler/FMLHANDSHAKE]: Received acknowledgement from client
[15May2026 02:45:46.487] [Netty Epoll Server IO #2/DEBUG] [net.minecraftforge.network.LoginWrapper/FMLHANDSHAKE]: Recieved login wrapper packet event for channel fml:handshake with index 16
[15May2026 02:45:46.487] [Netty Epoll Server IO #2/DEBUG] [net.minecraftforge.network.HandshakeHandler/FMLHANDSHAKE]: Received client indexed reply 16 of type net.minecraftforge.network.HandshakeMessages$C2SAcknowledge
[15May2026 02:45:46.487] [Netty Epoll Server IO #2/DEBUG] [net.minecraftforge.network.HandshakeHandler/FMLHANDSHAKE]: Received acknowledgement from client
[15May2026 02:45:46.491] [Server thread/DEBUG] [net.minecraftforge.network.HandshakeHandler/FMLHANDSHAKE]: Sending ticking packet info 'Registry minecraft:stat_type' to 'fml:handshake' sequence 18
[15May2026 02:45:46.512] [Netty Epoll Server IO #2/DEBUG] [net.minecraftforge.network.LoginWrapper/FMLHANDSHAKE]: Recieved login wrapper packet event for channel fml:handshake with index 17
[15May2026 02:45:46.513] [Netty Epoll Server IO #2/DEBUG] [net.minecraftforge.network.HandshakeHandler/FMLHANDSHAKE]: Received client indexed reply 17 of type net.minecraftforge.network.HandshakeMessages$C2SAcknowledge
[15May2026 02:45:46.513] [Netty Epoll Server IO #2/DEBUG] [net.minecraftforge.network.HandshakeHandler/FMLHANDSHAKE]: Received acknowledgement from client
[15May2026 02:45:46.541] [Server thread/DEBUG] [net.minecraftforge.network.HandshakeHandler/FMLHANDSHAKE]: Sending ticking packet info 'Registry tombstone:perks' to 'fml:handshake' sequence 19
[15May2026 02:45:46.565] [Netty Epoll Server IO #2/DEBUG] [net.minecraftforge.network.LoginWrapper/FMLHANDSHAKE]: Recieved login wrapper packet event for channel fml:handshake with index 18
[15May2026 02:45:46.565] [Netty Epoll Server IO #2/DEBUG] [net.minecraftforge.network.HandshakeHandler/FMLHANDSHAKE]: Received client indexed reply 18 of type net.minecraftforge.network.HandshakeMessages$C2SAcknowledge
[15May2026 02:45:46.565] [Netty Epoll Server IO #2/DEBUG] [net.minecraftforge.network.HandshakeHandler/FMLHANDSHAKE]: Received acknowledgement from client
[15May2026 02:45:46.591] [Server thread/DEBUG] [net.minecraftforge.network.HandshakeHandler/FMLHANDSHAKE]: Sending ticking packet info 'Registry minecraft:menu' to 'fml:handshake' sequence 20
[15May2026 02:45:46.620] [Netty Epoll Server IO #2/DEBUG] [net.minecraftforge.network.LoginWrapper/FMLHANDSHAKE]: Recieved login wrapper packet event for channel fml:handshake with index 19
[15May2026 02:45:46.620] [Netty Epoll Server IO #2/DEBUG] [net.minecraftforge.network.HandshakeHandler/FMLHANDSHAKE]: Received client indexed reply 19 of type net.minecraftforge.network.HandshakeMessages$C2SAcknowledge
[15May2026 02:45:46.620] [Netty Epoll Server IO #2/DEBUG] [net.minecraftforge.network.HandshakeHandler/FMLHANDSHAKE]: Received acknowledgement from client
[15May2026 02:45:46.642] [Server thread/DEBUG] [net.minecraftforge.network.HandshakeHandler/FMLHANDSHAKE]: Sending ticking packet info 'Registry minecraft:enchantment' to 'fml:handshake' sequence 21
[15May2026 02:45:46.672] [Netty Epoll Server IO #2/DEBUG] [net.minecraftforge.network.LoginWrapper/FMLHANDSHAKE]: Recieved login wrapper packet event for channel fml:handshake with index 20
[15May2026 02:45:46.673] [Netty Epoll Server IO #2/DEBUG] [net.minecraftforge.network.HandshakeHandler/FMLHANDSHAKE]: Received client indexed reply 20 of type net.minecraftforge.network.HandshakeMessages$C2SAcknowledge
[15May2026 02:45:46.673] [Netty Epoll Server IO #2/DEBUG] [net.minecraftforge.network.HandshakeHandler/FMLHANDSHAKE]: Received acknowledgement from client
[15May2026 02:45:46.692] [Server thread/DEBUG] [net.minecraftforge.network.HandshakeHandler/FMLHANDSHAKE]: Sending ticking packet info 'Registry minecraft:fluid' to 'fml:handshake' sequence 22
[15May2026 02:45:46.728] [Netty Epoll Server IO #2/DEBUG] [net.minecraftforge.network.LoginWrapper/FMLHANDSHAKE]: Recieved login wrapper packet event for channel fml:handshake with index 21
[15May2026 02:45:46.728] [Netty Epoll Server IO #2/DEBUG] [net.minecraftforge.network.HandshakeHandler/FMLHANDSHAKE]: Received client indexed reply 21 of type net.minecraftforge.network.HandshakeMessages$C2SAcknowledge
[15May2026 02:45:46.728] [Netty Epoll Server IO #2/DEBUG] [net.minecraftforge.network.HandshakeHandler/FMLHANDSHAKE]: Received acknowledgement from client
[15May2026 02:45:46.741] [Server thread/DEBUG] [net.minecraftforge.network.HandshakeHandler/FMLHANDSHAKE]: Sending ticking packet info 'Registry minecraft:entity_type' to 'fml:handshake' sequence 23
[15May2026 02:45:46.781] [Netty Epoll Server IO #2/DEBUG] [net.minecraftforge.network.LoginWrapper/FMLHANDSHAKE]: Recieved login wrapper packet event for channel fml:handshake with index 22
[15May2026 02:45:46.781] [Netty Epoll Server IO #2/DEBUG] [net.minecraftforge.network.HandshakeHandler/FMLHANDSHAKE]: Received client indexed reply 22 of type net.minecraftforge.network.HandshakeMessages$C2SAcknowledge
[15May2026 02:45:46.781] [Netty Epoll Server IO #2/DEBUG] [net.minecraftforge.network.HandshakeHandler/FMLHANDSHAKE]: Received acknowledgement from client
[15May2026 02:45:46.791] [Server thread/DEBUG] [net.minecraftforge.network.HandshakeHandler/FMLHANDSHAKE]: Sending ticking packet info 'Config securitycraft-server.toml' to 'fml:handshake' sequence 24
[15May2026 02:45:46.842] [Server thread/DEBUG] [net.minecraftforge.network.HandshakeHandler/FMLHANDSHAKE]: Sending ticking packet info 'Config curios-server.toml' to 'fml:handshake' sequence 25
[15May2026 02:45:46.891] [Server thread/DEBUG] [net.minecraftforge.network.HandshakeHandler/FMLHANDSHAKE]: Sending ticking packet info 'Config illagerinvasion-server.toml' to 'fml:handshake' sequence 26
[15May2026 02:45:46.942] [Server thread/DEBUG] [net.minecraftforge.network.HandshakeHandler/FMLHANDSHAKE]: Sending ticking packet info 'Config paraglider-server.toml' to 'fml:handshake' sequence 27
[15May2026 02:45:46.991] [Server thread/DEBUG] [net.minecraftforge.network.HandshakeHandler/FMLHANDSHAKE]: Sending ticking packet info 'Config tombstone-server.toml' to 'fml:handshake' sequence 28
[15May2026 02:45:47.041] [Server thread/DEBUG] [net.minecraftforge.network.HandshakeHandler/FMLHANDSHAKE]: Sending ticking packet info 'Config sophisticatedbackpacks-server.toml' to 'fml:handshake' sequence 29
[15May2026 02:45:47.092] [Server thread/DEBUG] [net.minecraftforge.network.HandshakeHandler/FMLHANDSHAKE]: Sending ticking packet info 'Config jei-server.toml' to 'fml:handshake' sequence 30
[15May2026 02:45:47.142] [Server thread/DEBUG] [net.minecraftforge.network.HandshakeHandler/FMLHANDSHAKE]: Sending ticking packet info 'Config tacz-server.toml' to 'fml:handshake' sequence 31
[15May2026 02:45:47.191] [Server thread/DEBUG] [net.minecraftforge.network.HandshakeHandler/FMLHANDSHAKE]: Sending ticking packet info 'Config forge-server.toml' to 'fml:handshake' sequence 32
[15May2026 02:45:47.520] [Netty Epoll Server IO #2/DEBUG] [net.minecraftforge.network.LoginWrapper/FMLHANDSHAKE]: Recieved login wrapper packet event for channel fml:handshake with index 23
[15May2026 02:45:47.520] [Netty Epoll Server IO #2/DEBUG] [net.minecraftforge.network.HandshakeHandler/FMLHANDSHAKE]: Received client indexed reply 23 of type net.minecraftforge.network.HandshakeMessages$C2SAcknowledge
[15May2026 02:45:47.520] [Netty Epoll Server IO #2/DEBUG] [net.minecraftforge.network.HandshakeHandler/FMLHANDSHAKE]: Received acknowledgement from client
[15May2026 02:45:47.520] [Netty Epoll Server IO #2/DEBUG] [net.minecraftforge.network.LoginWrapper/FMLHANDSHAKE]: Recieved login wrapper packet event for channel fml:handshake with index 24
[15May2026 02:45:47.520] [Netty Epoll Server IO #2/DEBUG] [net.minecraftforge.network.HandshakeHandler/FMLHANDSHAKE]: Received client indexed reply 24 of type net.minecraftforge.network.HandshakeMessages$C2SAcknowledge
[15May2026 02:45:47.520] [Netty Epoll Server IO #2/DEBUG] [net.minecraftforge.network.HandshakeHandler/FMLHANDSHAKE]: Received acknowledgement from client
[15May2026 02:45:47.520] [Netty Epoll Server IO #2/DEBUG] [net.minecraftforge.network.LoginWrapper/FMLHANDSHAKE]: Recieved login wrapper packet event for channel fml:handshake with index 25
[15May2026 02:45:47.520] [Netty Epoll Server IO #2/DEBUG] [net.minecraftforge.network.HandshakeHandler/FMLHANDSHAKE]: Received client indexed reply 25 of type net.minecraftforge.network.HandshakeMessages$C2SAcknowledge
[15May2026 02:45:47.521] [Netty Epoll Server IO #2/DEBUG] [net.minecraftforge.network.HandshakeHandler/FMLHANDSHAKE]: Received acknowledgement from client
[15May2026 02:45:47.521] [Netty Epoll Server IO #2/DEBUG] [net.minecraftforge.network.LoginWrapper/FMLHANDSHAKE]: Recieved login wrapper packet event for channel fml:handshake with index 26
[15May2026 02:45:47.521] [Netty Epoll Server IO #2/DEBUG] [net.minecraftforge.network.HandshakeHandler/FMLHANDSHAKE]: Received client indexed reply 26 of type net.minecraftforge.network.HandshakeMessages$C2SAcknowledge
[15May2026 02:45:47.521] [Netty Epoll Server IO #2/DEBUG] [net.minecraftforge.network.HandshakeHandler/FMLHANDSHAKE]: Received acknowledgement from client
[15May2026 02:45:47.522] [Netty Epoll Server IO #2/DEBUG] [net.minecraftforge.network.LoginWrapper/FMLHANDSHAKE]: Recieved login wrapper packet event for channel fml:handshake with index 27
[15May2026 02:45:47.522] [Netty Epoll Server IO #2/DEBUG] [net.minecraftforge.network.HandshakeHandler/FMLHANDSHAKE]: Received client indexed reply 27 of type net.minecraftforge.network.HandshakeMessages$C2SAcknowledge
[15May2026 02:45:47.522] [Netty Epoll Server IO #2/DEBUG] [net.minecraftforge.network.HandshakeHandler/FMLHANDSHAKE]: Received acknowledgement from client
[15May2026 02:45:47.522] [Netty Epoll Server IO #2/DEBUG] [net.minecraftforge.network.LoginWrapper/FMLHANDSHAKE]: Recieved login wrapper packet event for channel fml:handshake with index 28
[15May2026 02:45:47.523] [Netty Epoll Server IO #2/DEBUG] [net.minecraftforge.network.HandshakeHandler/FMLHANDSHAKE]: Received client indexed reply 28 of type net.minecraftforge.network.HandshakeMessages$C2SAcknowledge
[15May2026 02:45:47.523] [Netty Epoll Server IO #2/DEBUG] [net.minecraftforge.network.HandshakeHandler/FMLHANDSHAKE]: Received acknowledgement from client
[15May2026 02:45:47.524] [Netty Epoll Server IO #2/DEBUG] [net.minecraftforge.network.LoginWrapper/FMLHANDSHAKE]: Recieved login wrapper packet event for channel fml:handshake with index 29
[15May2026 02:45:47.524] [Netty Epoll Server IO #2/DEBUG] [net.minecraftforge.network.HandshakeHandler/FMLHANDSHAKE]: Received client indexed reply 29 of type net.minecraftforge.network.HandshakeMessages$C2SAcknowledge
[15May2026 02:45:47.524] [Netty Epoll Server IO #2/DEBUG] [net.minecraftforge.network.HandshakeHandler/FMLHANDSHAKE]: Received acknowledgement from client
[15May2026 02:45:47.524] [Netty Epoll Server IO #2/DEBUG] [net.minecraftforge.network.LoginWrapper/FMLHANDSHAKE]: Recieved login wrapper packet event for channel fml:handshake with index 30
[15May2026 02:45:47.524] [Netty Epoll Server IO #2/DEBUG] [net.minecraftforge.network.HandshakeHandler/FMLHANDSHAKE]: Received client indexed reply 30 of type net.minecraftforge.network.HandshakeMessages$C2SAcknowledge
[15May2026 02:45:47.524] [Netty Epoll Server IO #2/DEBUG] [net.minecraftforge.network.HandshakeHandler/FMLHANDSHAKE]: Received acknowledgement from client
[15May2026 02:45:47.524] [Netty Epoll Server IO #2/DEBUG] [net.minecraftforge.network.LoginWrapper/FMLHANDSHAKE]: Recieved login wrapper packet event for channel fml:handshake with index 31
[15May2026 02:45:47.525] [Netty Epoll Server IO #2/DEBUG] [net.minecraftforge.network.HandshakeHandler/FMLHANDSHAKE]: Received client indexed reply 31 of type net.minecraftforge.network.HandshakeMessages$C2SAcknowledge
[15May2026 02:45:47.525] [Netty Epoll Server IO #2/DEBUG] [net.minecraftforge.network.HandshakeHandler/FMLHANDSHAKE]: Received acknowledgement from client
[15May2026 02:45:47.525] [Netty Epoll Server IO #2/DEBUG] [net.minecraftforge.network.LoginWrapper/FMLHANDSHAKE]: Recieved login wrapper packet event for channel fml:handshake with index 32
[15May2026 02:45:47.525] [Netty Epoll Server IO #2/DEBUG] [net.minecraftforge.network.HandshakeHandler/FMLHANDSHAKE]: Received client indexed reply 32 of type net.minecraftforge.network.HandshakeMessages$C2SAcknowledge
[15May2026 02:45:47.525] [Netty Epoll Server IO #2/DEBUG] [net.minecraftforge.network.HandshakeHandler/FMLHANDSHAKE]: Received acknowledgement from client
[15May2026 02:45:47.542] [Server thread/DEBUG] [net.minecraftforge.network.HandshakeHandler/FMLHANDSHAKE]: Handshake complete!
[15May2026 02:45:47.622] [Server thread/INFO] [net.minecraft.server.players.PlayerList/]: JAGlitsh[/100.92.193.35:49672] logged in with entity id 5973 at (1012.9641198566766, 76.0, 942.0153520698702)
[15May2026 02:45:47.623] [Server thread/DEBUG] [net.minecraftforge.network.filters.NetworkFilters/]: Injected net.minecraftforge.network.filters.ForgeConnectionNetworkFilter@bce5d3a into net.minecraft.network.Connection@7f3e7b8
[15May2026 02:45:47.624] [Server thread/DEBUG] [Paraglider/]: Start adding village structures
[15May2026 02:45:47.624] [Server thread/DEBUG] [Paraglider/]: Added 2 elements to template pool 'minecraft:village/desert/houses'
[15May2026 02:45:47.624] [Server thread/DEBUG] [Paraglider/]: Added 2 elements to template pool 'minecraft:village/plains/houses'
[15May2026 02:45:47.624] [Server thread/DEBUG] [Paraglider/]: Added 2 elements to template pool 'minecraft:village/savanna/houses'
[15May2026 02:45:47.624] [Server thread/DEBUG] [Paraglider/]: Added 1 elements to template pool 'minecraft:village/snowy/houses'
[15May2026 02:45:47.624] [Server thread/DEBUG] [Paraglider/]: Added 2 elements to template pool 'minecraft:village/taiga/houses'
[15May2026 02:45:47.624] [Server thread/DEBUG] [Paraglider/]: Finished adding village structures
[15May2026 02:45:47.644] [Server thread/INFO] [net.minecraft.server.MinecraftServer/]: JAGlitsh joined the game
[15May2026 02:45:47.658] [Server thread/DEBUG] [blockpops/]: Loaded favorite color from online player JAGlitsh: original
[15May2026 02:45:47.658] [Server thread/DEBUG] [blockpops/]: Added player figure from .dat file: JAGlitsh (05b85bd4-b910-37c5-9442-5a63ff8d8151)
[15May2026 02:45:47.659] [Server thread/DEBUG] [blockpops/]: Loaded favorite color from disk for offline player elpepe: original
[15May2026 02:45:47.659] [Server thread/DEBUG] [blockpops/]: Added player figure from .dat file: elpepe (e45194f2-e467-3ac1-b172-9c37d9c2a312)
[15May2026 02:45:47.660] [Server thread/DEBUG] [blockpops/]: Loaded favorite color from disk for offline player Kingg9: original
[15May2026 02:45:47.660] [Server thread/DEBUG] [blockpops/]: Added player figure from .dat file: Kingg9 (3286e210-aae5-3f20-b572-1025f8e799b4)
[15May2026 02:45:47.661] [Server thread/DEBUG] [blockpops/]: Loaded favorite color from disk for offline player Misterchuwa: original
[15May2026 02:45:47.661] [Server thread/DEBUG] [blockpops/]: Added player figure from .dat file: Misterchuwa (89d9c300-0d03-391a-be16-f030cbad847a)
[15May2026 02:45:47.661] [Server thread/DEBUG] [blockpops/]: Updated World Players collection after player join: JAGlitsh
[15May2026 02:45:47.675] [Server thread/DEBUG] [Galena Hats/]: Notifying 05b85bd4-b910-37c5-9442-5a63ff8d8151 about configs of already joined players
[15May2026 02:45:47.676] [Server thread/INFO] [Jade/]: Syncing config to JAGlitsh (05b85bd4-b910-37c5-9442-5a63ff8d8151)
[15May2026 02:45:47.706] [Server thread/DEBUG] [Radiant Gear/]: Built new CuriosLightSourceContainer for player ServerPlayer['JAGlitsh'/5973, l='ServerLevel[world]', x=1012.96, y=76.00, z=942.02]
[15May2026 02:45:47.764] [Server thread/DEBUG] [Galena Hats/]: Received HatConfigMessage from 05b85bd4-b910-37c5-9442-5a63ff8d8151
[15May2026 02:45:47.764] [Server thread/DEBUG] [Galena Hats/]: Skipping server validation for disabled config from 05b85bd4-b910-37c5-9442-5a63ff8d8151
[15May2026 02:45:47.764] [Server thread/DEBUG] [Galena Hats/]: Received remote config for player 05b85bd4-b910-37c5-9442-5a63ff8d8151
[15May2026 02:45:47.764] [Server thread/DEBUG] [Galena Hats/]: Distributing config of 05b85bd4-b910-37c5-9442-5a63ff8d8151
[15May2026 02:45:47.973] [Server thread/DEBUG] [tacz/SYNC_BASE_TIMESTAMP]: Update server base timestamp: 1778813147947
[15May2026 02:46:02.695] [Server thread/DEBUG] [net.minecraftforge.common.ForgeHooks/WP]: Gathering id map for writing to world save world
[15May2026 02:46:02.706] [Server thread/DEBUG] [net.minecraftforge.common.ForgeHooks/WP]: ID Map collection complete world
[15May2026 02:49:31.505] [Server thread/INFO] [net.minecraft.server.network.ServerGamePacketListenerImpl/]: JAGlitsh lost connection: Disconnected
[15May2026 02:49:31.505] [Server thread/INFO] [net.minecraft.server.MinecraftServer/]: JAGlitsh left the game
[15May2026 02:49:41.692] [Server thread/INFO] [net.minecraft.server.MinecraftServer/]: Stopping the server
[15May2026 02:49:41.745] [Server thread/INFO] [net.minecraft.server.MinecraftServer/]: Stopping server
[15May2026 02:49:41.745] [Server thread/INFO] [net.minecraft.server.MinecraftServer/]: Saving players
[15May2026 02:49:41.746] [Server thread/INFO] [net.minecraft.server.MinecraftServer/]: Saving worlds
[15May2026 02:49:41.919] [Server thread/INFO] [net.minecraft.server.MinecraftServer/]: Saving chunks for level 'ServerLevel[world]'/minecraft:overworld
[15May2026 02:49:42.229] [Server thread/INFO] [net.minecraft.server.MinecraftServer/]: Saving chunks for level 'ServerLevel[world]'/minecraft:the_nether
[15May2026 02:49:42.230] [Server thread/INFO] [net.minecraft.server.MinecraftServer/]: Saving chunks for level 'ServerLevel[world]'/minecraft:the_end
[15May2026 02:49:42.231] [Server thread/INFO] [net.minecraft.server.MinecraftServer/]: Saving chunks for level 'ServerLevel[world]'/minecraft:overworld11
[15May2026 02:49:42.234] [Server thread/DEBUG] [net.minecraftforge.common.ForgeHooks/WP]: Gathering id map for writing to world save world
[15May2026 02:49:42.245] [Server thread/DEBUG] [net.minecraftforge.common.ForgeHooks/WP]: ID Map collection complete world
[15May2026 02:49:42.266] [Server thread/INFO] [net.minecraft.server.MinecraftServer/]: ThreadedAnvilChunkStorage (world): All chunks are saved
[15May2026 02:49:42.266] [Server thread/INFO] [net.minecraft.server.MinecraftServer/]: ThreadedAnvilChunkStorage (DIM-1): All chunks are saved
[15May2026 02:49:42.266] [Server thread/INFO] [net.minecraft.server.MinecraftServer/]: ThreadedAnvilChunkStorage (DIM1): All chunks are saved
[15May2026 02:49:42.267] [Server thread/INFO] [net.minecraft.server.MinecraftServer/]: ThreadedAnvilChunkStorage (overworld11): All chunks are saved
[15May2026 02:49:42.267] [Server thread/INFO] [net.minecraft.server.MinecraftServer/]: ThreadedAnvilChunkStorage: All dimensions are saved
[15May2026 02:49:42.280] [Server thread/INFO] [Framework/]: Unloading server configs...
[15May2026 02:49:42.281] [Server thread/DEBUG] [Framework/]: Stopped watching config: /workspaces/LaIslaPepa/servidor_minecraft/config/refurbished_furniture.server.toml
[15May2026 02:49:42.281] [Server thread/INFO] [Framework/]: Sending config unload event for refurbished_furniture.server.toml
[15May2026 02:49:42.283] [Server thread/INFO] [Framework/]: Finished unloading server configs
[15May2026 02:49:42.284] [Server thread/DEBUG] [Framework/]: Stopping config watcher
[15May2026 02:49:42.284] [Server thread/DEBUG] [net.minecraftforge.fml.config.ConfigTracker/CONFIG]: Unloading configs type SERVER
